gene_id,gene,gene_biotype,product,go_function,go_process
ATU_RS00005,,,pyruvate,protein serine/threonine kinase activity|0004674||IEA,protein phosphorylation|0006468||IEA
ATU_RS00010,actR,,two-component system response regulator ActR,,
ATU_RS00015,,,shikimate dehydrogenase,shikimate 3-dehydrogenase (NADP+) activity|0004764||IEA,shikimate metabolic process|0019632||IEA
ATU_RS00020,coaE,,dephospho-CoA kinase,dephospho-CoA kinase activity|0004140||IEA,coenzyme A biosynthetic process|0015937||IEA
ATU_RS00025,dnaQ,,DNA polymerase III subunit epsilon,DNA binding|0003677||IEA,DNA replication|0006260||IEA
ATU_RS00030,secB,,protein-export chaperone SecB,unfolded protein binding|0051082||IEA,protein transport|0015031||IEA
ATU_RS00035,,,FxsA family protein,,
ATU_RS00040,,,Tim44/TimA family putative adaptor protein,,
ATU_RS00045,,,murein transglycosylase A,,
ATU_RS00050,,,Smr/MutS family protein,,
ATU_RS00055,,,helix-turn-helix domain-containing protein,,
ATU_RS00060,gyrB,,DNA topoisomerase (ATP-hydrolyzing) subunit B,DNA topoisomerase type II (double strand cut,DNA topological change|0006265||IEA
ATU_RS00065,,,nitroreductase family protein,,
ATU_RS00070,,,fumarylacetoacetate hydrolase family protein,catalytic activity|0003824||IEA,
ATU_RS00075,,,polyhydroxyalkanoate depolymerase,,
ATU_RS00080,,,M48 family metallopeptidase,metal ion binding|0046872||IEA,
ATU_RS00085,,,phosphoribosylanthranilate isomerase,phosphoribosylanthranilate isomerase activity|0004640||IEA,tryptophan biosynthetic process|0000162||IEA
ATU_RS00090,trpB,,tryptophan synthase subunit beta,tryptophan synthase activity|0004834||IEA,tryptophan biosynthetic process|0000162||IEA
ATU_RS00095,trpA,,tryptophan synthase subunit alpha,tryptophan synthase activity|0004834||IEA,tryptophan biosynthetic process|0000162||IEA
ATU_RS00100,accD,,acetyl-CoA carboxylase,acetyl-CoA carboxylase activity|0003989||IEA,fatty acid biosynthetic process|0006633||IEA
ATU_RS00105,,,folylpolyglutamate synthase/dihydrofolate synthase family protein,tetrahydrofolylpolyglutamate synthase activity|0004326||IEA,one-carbon metabolic process|0006730||IEA
ATU_RS00110,trxA,,thioredoxin,disulfide oxidoreductase activity|0015036||IEA,
ATU_RS00115,addA,,double-strand break repair helicase AddA,,double-strand break repair via homologous recombination|0000724||IEA
ATU_RS00120,addB,,double-strand break repair protein AddB,,double-strand break repair via homologous recombination|0000724||IEA
ATU_RS00125,,,nucleotidyltransferase family protein,,
ATU_RS00130,,,bifunctional tRNA (adenosine(37)-N6)-threonylcarbamoyltransferase complex ATPase subunit type 1 TsaE/phosphotransferase,,
ATU_RS00135,,,PAS domain-containing sensor histidine kinase,,
ATU_RS00140,ahcY,,adenosylhomocysteinase,adenosylhomocysteinase activity|0004013||IEA,one-carbon metabolic process|0006730||IEA
ATU_RS00145,,,HPr family phosphocarrier protein,,
ATU_RS00150,,,PTS sugar transporter subunit IIA,kinase activity|0016301||IEA,carbohydrate transport|0008643||IEA
ATU_RS00155,,,HPr kinase/phosphorylase,,
ATU_RS00160,chvG,,two-component system sensor histidine kinase ChvG,,
ATU_RS00165,chvI,,two-component system response regulator ChvI,,
ATU_RS00170,,,phosphoenolpyruvate carboxykinase,phosphoenolpyruvate carboxykinase (ATP) activity|0004612||IEA,gluconeogenesis|0006094||IEA
ATU_RS00175,arfB,,alternative ribosome rescue aminoacyl-tRNA hydrolase ArfB,translation release factor activity|0003747||IEA,translational termination|0006415||IEA
ATU_RS00180,coaA,,type I pantothenate kinase,pantothenate kinase activity|0004594||IEA,coenzyme A biosynthetic process|0015937||IEA
ATU_RS00185,,,phosphoribosyl-ATP diphosphatase,phosphoribosyl-ATP diphosphatase activity|0004636||IEA,histidine biosynthetic process|0000105||IEA
ATU_RS00190,hisF,,imidazole glycerol phosphate synthase subunit HisF,imidazoleglycerol-phosphate synthase activity|0000107||IEA,histidine biosynthetic process|0000105||IEA
ATU_RS00195,hisA,,1-(5-phosphoribosyl)-5-[(5-phosphoribosylamino)methylideneamino]imidazole-4-carboxamide isomerase,1-(5-phosphoribosyl)-5-[(5-phosphoribosylamino)methylideneamino]imidazole-4-carboxamide isomerase activity|0003949||IEA,histidine biosynthetic process|0000105||IEA
ATU_RS00200,hisH,,imidazole glycerol phosphate synthase subunit HisH,imidazoleglycerol-phosphate synthase activity|0000107||IEA,histidine biosynthetic process|0000105||IEA
ATU_RS00205,,,DUF2628 domain-containing protein,,
ATU_RS00210,hisB,,imidazoleglycerol-phosphate dehydratase HisB,imidazoleglycerol-phosphate dehydratase activity|0004424||IEA,histidine biosynthetic process|0000105||IEA
ATU_RS00215,hslV,,ATP-dependent protease subunit HslV,threonine-type endopeptidase activity|0004298||IEA,proteolysis involved in protein catabolic process|0051603||IEA
ATU_RS00220,hslU,,ATP-dependent protease ATPase subunit HslU,ATP binding|0005524||IEA,
ATU_RS00225,,,DUF1402 family protein,,
ATU_RS00230,,,malate synthase G,malate synthase activity|0004474||IEA,glyoxylate cycle|0006097||IEA
ATU_RS00235,,,L,acyltransferase activity|0016746||IEA,peptidoglycan-protein cross-linking|0018104||IEA
ATU_RS00240,,,MmcB family DNA repair protein,,
ATU_RS00245,,,ActR/PrrA/RegA family redox response regulator transcription factor,,phosphorelay signal transduction system|0000160||IEA
ATU_RS00250,actS,,two-component system sensor histidine kinase ActS,,
ATU_RS00255,hrpB,,ATP-dependent helicase HrpB,helicase activity|0004386||IEA,nucleobase-containing compound metabolic process|0006139||IEA
ATU_RS00295,recQ,,DNA helicase RecQ,DNA helicase activity|0003678||IEA,DNA recombination|0006310||IEA
ATU_RS00300,,,ROK family transcriptional regulator,DNA-binding transcription factor activity|0003700||IEA,regulation of DNA-templated transcription|0006355||IEA
ATU_RS00305,,,sugar ABC transporter substrate-binding protein,,
ATU_RS00310,,,ABC transporter permease,transmembrane transporter activity|0022857||IEA,carbohydrate transport|0008643||IEA
ATU_RS00315,,,ATP-binding cassette domain-containing protein,ATP binding|0005524||IEA,
ATU_RS00320,,,nucleoside triphosphate hydrolase,,
ATU_RS00325,nrdH,,glutaredoxin-like protein NrdH,,
ATU_RS00330,nrdI,,class Ib ribonucleoside-diphosphate reductase assembly flavoprotein NrdI,,deoxyribonucleotide biosynthetic process|0009263||IEA
ATU_RS00335,nrdE,,class 1b ribonucleoside-diphosphate reductase subunit alpha,ribonucleoside-diphosphate reductase activity,DNA replication|0006260||IEA
ATU_RS00340,nrdF,,class 1b ribonucleoside-diphosphate reductase subunit beta,ribonucleoside-diphosphate reductase activity,2'-deoxyribonucleotide biosynthetic process|0009265||IEA
ATU_RS00345,,,alpha/beta hydrolase,,
ATU_RS00350,recF,,DNA replication/repair protein RecF,single-stranded DNA binding|0003697||IEA,DNA repair|0006281||IEA
ATU_RS00355,,,molybdopterin-synthase adenylyltransferase MoeB,,Mo-molybdopterin cofactor biosynthetic process|0006777||IEA
ATU_RS00360,,,GNAT family N-acetyltransferase,N-acetyltransferase activity|0008080||IEA,
ATU_RS00365,,,hypothetical protein,,
ATU_RS00370,,,D-glycerate dehydrogenase,glycerate dehydrogenase activity|0008465||IEA,
ATU_RS00375,,,SH3 domain-containing protein,protein binding|0005515||IEA,
ATU_RS00380,,,adenosine kinase,,
ATU_RS00385,,,AEC family transporter,,transmembrane transport|0055085||IEA
ATU_RS00390,,,class I SAM-dependent methyltransferase,nucleic acid binding|0003676||IEA,
ATU_RS00395,pnp,,polyribonucleotide nucleotidyltransferase,polyribonucleotide nucleotidyltransferase activity|0004654||IEA,mRNA catabolic process|0006402||IEA
ATU_RS00400,rpsO,,30S ribosomal protein S15,structural constituent of ribosome|0003735||IEA,translation|0006412||IEA
ATU_RS00405,truB,,tRNA pseudouridine(55) synthase TruB,pseudouridylate synthase activity|0004730||IEA,tRNA modification|0006400||IEA
ATU_RS00410,rbfA,,30S ribosome-binding factor RbfA,,rRNA processing|0006364||IEA
ATU_RS00415,infB,,translation initiation factor IF-2,translation initiation factor activity|0003743||IEA,translational initiation|0006413||IEA
ATU_RS00420,,,RNA-binding protein,,
ATU_RS00425,nusA,,transcription termination factor NusA,,DNA-templated transcription termination|0006353||IEA
ATU_RS00430,rimP,,ribosome maturation factor RimP,,
ATU_RS00435,,,MFS transporter,transmembrane transporter activity|0022857||IEA,transmembrane transport|0055085||IEA
ATU_RS00440,,,lytic murein transglycosylase,glycosyltransferase activity|0016757||IEA,peptidoglycan catabolic process|0009253||IEA
ATU_RS00445,recR,,recombination mediator RecR,,DNA repair|0006281||IEA
ATU_RS00450,,,MOSC domain-containing protein,catalytic activity|0003824||IEA,
ATU_RS00455,,,YbaB/EbfC family nucleoid-associated protein,DNA binding|0003677||IEA,biological_process|0008150||IEA
ATU_RS00460,,,DNA polymerase III subunit gamma/tau,DNA-directed DNA polymerase activity|0003887||IEA,DNA replication|0006260||IEA
ATU_RS00470,,,HIT domain-containing protein,S-adenosyl-L-methionine binding|1904047||IEA,
ATU_RS00475,nudC,,NAD(+) diphosphatase,NAD+ diphosphatase activity|0000210||IEA,
ATU_RS00480,,,prephenate dehydratase,prephenate dehydratase activity|0004664||IEA,L-phenylalanine biosynthetic process|0009094||IEA
ATU_RS00485,,,3-deoxy-manno-octulosonate cytidylyltransferase,3-deoxy-manno-octulosonate cytidylyltransferase activity|0008690||IEA,
ATU_RS00490,,,cytochrome c family protein,,
ATU_RS00495,,,sugar transferase,,
ATU_RS00500,,,transglycosylase domain-containing protein,glycosyltransferase activity|0016757||IEA,
ATU_RS00505,,,YbaK/EbsC family protein,,
ATU_RS00510,,,cold-shock protein,transcription antitermination factor activity,
ATU_RS00515,,,dipeptidase,hydrolase activity|0016787||IEA,
ATU_RS00520,,,MarR family winged helix-turn-helix transcriptional regulator,DNA-binding transcription factor activity|0003700||IEA,regulation of DNA-templated transcription|0006355||IEA
ATU_RS00525,,,hypothetical protein,,
ATU_RS00530,polA,,DNA polymerase I,nucleic acid binding|0003676||IEA,DNA-templated DNA replication|0006261||IEA
ATU_RS00535,,,DUF1868 domain-containing protein,,
ATU_RS00540,rpmF,,50S ribosomal protein L32,structural constituent of ribosome|0003735||IEA,translation|0006412||IEA
ATU_RS00545,,,sensor histidine kinase,,
ATU_RS00550,,,sigma-54 dependent transcriptional regulator,ATP binding|0005524||IEA,regulation of DNA-templated transcription|0006355||IEA
ATU_RS00555,,,tripartite tricarboxylate transporter substrate-binding protein,,
ATU_RS00560,,,tripartite tricarboxylate transporter TctB family protein,transporter activity|0005215||IEA,
ATU_RS00565,,,tripartite tricarboxylate transporter permease,,
ATU_RS00570,,,SlyX family protein,,
ATU_RS00575,,,DUF924 family protein,,
ATU_RS00580,dnaJ,,molecular chaperone DnaJ,protein binding|0005515||IEA,protein folding|0006457||IEA
ATU_RS00585,dnaK,,molecular chaperone DnaK,ATP binding|0005524||IEA,protein folding|0006457||IEA
ATU_RS00595,,,hypothetical protein,,
ATU_RS00600,msrA,,peptide-methionine (S)-S-oxide reductase MsrA,peptide-methionine (S)-S-oxide reductase activity|0008113||IEA,response to oxidative stress|0006979||IEA
ATU_RS00605,,,BMP family protein,ATPase-coupled transmembrane transporter activity|0042626||IEA,
ATU_RS00610,,,ABC transporter ATP-binding protein,ATP binding|0005524||IEA,
ATU_RS00615,,,ABC transporter permease,ATPase-coupled transmembrane transporter activity|0042626||IEA,
ATU_RS00620,,,ABC transporter permease,,
ATU_RS00625,,,cytidine deaminase,cytidine deaminase activity|0004126||IEA,cytidine deamination|0009972||IEA
ATU_RS00630,,,purine-nucleoside phosphorylase,purine-nucleoside phosphorylase activity|0004731||IEA,nucleoside metabolic process|0009116||IEA
ATU_RS00635,deoC,,deoxyribose-phosphate aldolase,deoxyribose-phosphate aldolase activity|0004139||IEA,deoxyribonucleotide catabolic process|0009264||IEA
ATU_RS00640,deoA,,thymidine phosphorylase,thymidine phosphorylase activity|0009032||IEA,nucleobase-containing compound metabolic process|0006139||IEA
ATU_RS00645,,,TIGR02281 family clan AA aspartic protease,,
ATU_RS00650,upp,,uracil phosphoribosyltransferase,uracil phosphoribosyltransferase activity|0004845||IEA,nucleoside metabolic process|0009116||IEA
ATU_RS00655,,,adenosine deaminase,adenine deaminase activity|0000034||IEA,adenine catabolic process|0006146||IEA
ATU_RS00660,,,phosphopentomutase,magnesium ion binding|0000287||IEA,nucleotide metabolic process|0009117||IEA
ATU_RS00665,,,SURF1 family protein,,
ATU_RS00670,cyoD,,cytochrome o ubiquinol oxidase subunit IV,cytochrome bo3 ubiquinol oxidase activity|0009486||IEA,electron transport coupled proton transport|0015990||IEA
ATU_RS00675,cyoC,,cytochrome o ubiquinol oxidase subunit III,cytochrome bo3 ubiquinol oxidase activity|0009486||IEA,electron transport coupled proton transport|0015990||IEA
ATU_RS00680,cyoB,,cytochrome o ubiquinol oxidase subunit I,cytochrome bo3 ubiquinol oxidase activity|0009486||IEA,electron transport coupled proton transport|0015990||IEA
ATU_RS00685,cyoA,,ubiquinol oxidase subunit II,cytochrome bo3 ubiquinol oxidase activity|0009486||IEA,electron transport coupled proton transport|0015990||IEA
ATU_RS00690,,,MFS transporter,transmembrane transporter activity|0022857||IEA,transmembrane transport|0055085||IEA
ATU_RS00695,,,glutamate synthase-related protein,glutamate synthase activity|0015930||IEA,glutamate biosynthetic process|0006537||IEA
ATU_RS00700,,,sulfite reductase subunit alpha,oxidoreductase activity|0016491||IEA,
ATU_RS00705,,,TadE/TadG family type IV pilus assembly protein,,
ATU_RS00710,,,TadE/TadG family type IV pilus assembly protein,,
ATU_RS00715,fabI,,enoyl-ACP reductase FabI,,
ATU_RS00720,fabB,,beta-ketoacyl-ACP synthase I,3-oxoacyl-[acyl-carrier-protein] synthase activity|0004315||IEA,fatty acid biosynthetic process|0006633||IEA
ATU_RS00725,fabA,,3-hydroxyacyl-[acyl-carrier-protein] dehydratase FabA,(3R)-hydroxyacyl-[acyl-carrier-protein] dehydratase activity|0019171||IEA,
ATU_RS00730,irrA,,iron response transcriptional regulator IrrA,DNA-binding transcription factor activity|0003700||IEA,negative regulation of DNA-templated transcription|0045892||IEA
ATU_RS00735,,,trimeric intracellular cation channel family protein,,
ATU_RS00740,,,hypothetical protein,,
ATU_RS00745,,,YoaK family protein,,
ATU_RS00750,,,ABC transporter substrate-binding protein,,
ATU_RS00755,,,ABC transporter permease,ATP binding|0005524||IEA,
ATU_RS00760,,,ABC transporter ATP-binding protein,ATP binding|0005524||IEA,
ATU_RS00765,hutC,,histidine utilization repressor,DNA-binding transcription factor activity|0003700||IEA,regulation of DNA-templated transcription|0006355||IEA
ATU_RS00770,exbB,,tonB-system energizer ExbB,proton transmembrane transporter activity|0015078||IEA,
ATU_RS00775,exbD,,TonB system transport protein ExbD,secondary active transmembrane transporter activity|0015291||IEA,
ATU_RS00780,,,energy transducer TonB,,
ATU_RS00785,,,Ldh family oxidoreductase,,
ATU_RS00790,,,LuxR C-terminal-related transcriptional regulator,,regulation of DNA-templated transcription|0006355||IEA
ATU_RS00795,,,AraC family transcriptional regulator,,
ATU_RS00800,phnN,,phosphonate metabolism protein/1,molecular_function|0003674||IEA,organic phosphonate metabolic process|0019634||IEA
ATU_RS00805,,,alpha-D-ribose 1-methylphosphonate 5-triphosphate diphosphatase,hydrolase activity|0016787||IEA,organic phosphonate catabolic process|0019700||IEA
ATU_RS00810,,,DUF1045 domain-containing protein,,
ATU_RS00815,phnE,,phosphonate ABC transporter,ABC-type phosphonate transporter activity|0015416||IEA,organic phosphonate transport|0015716||IEA
ATU_RS00820,phnE,,phosphonate ABC transporter,ABC-type phosphonate transporter activity|0015416||IEA,organic phosphonate transport|0015716||IEA
ATU_RS00825,phnD,,phosphonate ABC transporter substrate-binding protein,,organic phosphonate transport|0015716||IEA
ATU_RS00830,phnC,,phosphonate ABC transporter ATP-binding protein,ATP binding|0005524||IEA,organic phosphonate transport|0015716||IEA
ATU_RS00835,,,DapH/DapD/GlmU-related protein,,
ATU_RS00840,phnL,,phosphonate C-P lyase system protein PhnL,carbon phosphorus lyase activity|0018835||IEA,organic phosphonate metabolic process|0019634||IEA
ATU_RS00845,phnK,,phosphonate C-P lyase system protein PhnK,carbon phosphorus lyase activity|0018835||IEA,organic phosphonate metabolic process|0019634||IEA
ATU_RS00850,,,alpha-D-ribose 1-methylphosphonate 5-phosphate C-P-lyase PhnJ,,
ATU_RS00855,,,carbon-phosphorus lyase complex subunit PhnI,,
ATU_RS00860,phnH,,phosphonate C-P lyase system protein PhnH,,organic phosphonate metabolic process|0019634||IEA
ATU_RS00865,phnG,,phosphonate C-P lyase system protein PhnG,,organic phosphonate transport|0015716||IEA
ATU_RS00870,phnF,,phosphonate metabolism transcriptional regulator PhnF,DNA-binding transcription factor activity|0003700||IEA,organic phosphonate transport|0015716||IEA
ATU_RS00875,dapB,,4-hydroxy-tetrahydrodipicolinate reductase,4-hydroxy-tetrahydrodipicolinate reductase|0008839||IEA,lysine biosynthetic process via diaminopimelate|0009089||IEA
ATU_RS00880,,,glucokinase,,
ATU_RS00885,,,methylglyoxal synthase,methylglyoxal synthase activity|0008929||IEA,methylglyoxal biosynthetic process|0019242||IEA
ATU_RS00890,mepA,,penicillin-insensitive murein endopeptidase,serine-type endopeptidase activity|0004252||IEA,proteolysis|0006508||IEA
ATU_RS00895,,,extracellular solute-binding protein,,
ATU_RS00900,,,microcin C ABC transporter permease YejB,,
ATU_RS00905,,,ABC transporter permease,,
ATU_RS00910,,,ABC transporter ATP-binding protein,,
ATU_RS00915,,,FAD-binding oxidoreductase,oxidoreductase activity|0016491||IEA,
ATU_RS00920,,,glutamine synthetase family protein,glutamine synthetase activity|0004356||IEA,glutamine biosynthetic process|0006542||IEA
ATU_RS00925,,,FAD-binding oxidoreductase,oxidoreductase activity|0016491||IEA,
ATU_RS00930,,,gluconokinase,ATP binding|0005524||IEA,D-gluconate catabolic process|0046177||IEA
ATU_RS00935,,,ABC transporter permease,ATPase-coupled transmembrane transporter activity|0042626||IEA,
ATU_RS00940,,,ABC transporter ATP-binding protein,ATP binding|0005524||IEA,
ATU_RS00945,,,ABC transporter permease,ATPase-coupled transmembrane transporter activity|0042626||IEA,
ATU_RS00950,,,ABC transporter substrate-binding protein,,
ATU_RS00955,,,AbrB family transcriptional regulator,,
ATU_RS00960,rirA,,iron-responsive transcriptional regulator RirA,,
ATU_RS00965,,,Fe(3+) ABC transporter substrate-binding protein,,
ATU_RS00970,,,M48 family metallopeptidase,,
ATU_RS00975,,,YjgN family protein,,
ATU_RS00980,,,CoA-acylating methylmalonate-semialdehyde dehydrogenase,malonate-semialdehyde dehydrogenase (acetylating) activity|0018478||IEA,
ATU_RS00985,,,putative quinol monooxygenase,monooxygenase activity|0004497||IEA,
ATU_RS00990,,,LysR family transcriptional regulator,DNA-binding transcription factor activity|0003700||IEA,regulation of DNA-templated transcription|0006355||IEA
ATU_RS00995,,,DMT family transporter,transporter activity|0005215||IEA,transmembrane transport|0055085||IEA
ATU_RS01000,,,DUF475 domain-containing protein,,
ATU_RS01005,,,helix-turn-helix domain-containing protein,DNA-binding transcription factor activity|0003700||IEA,regulation of DNA-templated transcription|0006355||IEA
ATU_RS01010,,,C40 family peptidase,,
ATU_RS01015,,,hypothetical protein,,
ATU_RS01020,pncB,,nicotinate phosphoribosyltransferase,nicotinate phosphoribosyltransferase activity|0004516||IEA,nicotinate nucleotide salvage|0019358||IEA
ATU_RS01025,,,leucyl aminopeptidase,,
ATU_RS01030,,,tetratricopeptide repeat protein,,
ATU_RS01035,,,type II secretion system F family protein,,
ATU_RS01040,,,type II secretion system F family protein,,
ATU_RS01045,,,CpaF family protein,,
ATU_RS01050,,,CpaE family protein,,
ATU_RS01055,,,CpaD family pilus assembly protein,,
ATU_RS01060,,,type II and III secretion system protein family protein,,
ATU_RS01065,cpaB,,Flp pilus assembly protein CpaB,,
ATU_RS01070,,,prepilin peptidase,,
ATU_RS01075,,,Flp family type IVb pilin,,
ATU_RS01080,,,pilus assembly protein N-terminal domain-containing protein,,
ATU_RS01090,,,SelT/SelW/SelH family protein,,
ATU_RS01095,,,DoxX family protein,,
ATU_RS01100,,,type 1 glutamine amidotransferase,,
ATU_RS01105,,,YegP family protein,,
ATU_RS01110,,,GH25 family lysozyme,lysozyme activity|0003796||IEA,peptidoglycan catabolic process|0009253||IEA
ATU_RS01115,,,DMT family transporter,transporter activity|0005215||IEA,transmembrane transport|0055085||IEA
ATU_RS01120,,,PLP-dependent aminotransferase family protein,pyridoxal phosphate binding|0030170||IEA,
ATU_RS01125,,,hypothetical protein,,
ATU_RS01130,,,Rrf2 family transcriptional regulator,DNA binding|0003677||IEA,
ATU_RS01135,,,NAD(P)/FAD-dependent oxidoreductase,oxidoreductase activity|0016491||IEA,
ATU_RS01140,,,AraC family transcriptional regulator,DNA-binding transcription factor activity|0003700||IEA,
ATU_RS01145,,,DUF2000 family protein,,
ATU_RS01150,lepA,,translation elongation factor 4,GTPase activity|0003924||IEA,
ATU_RS01155,,,carbon-nitrogen hydrolase family protein,,
ATU_RS01160,,,GNAT family N-acetyltransferase,N-acetyltransferase activity|0008080||IEA,
ATU_RS01165,,,ketosteroid isomerase-related protein,,
ATU_RS01170,,,helix-turn-helix domain-containing protein,,
ATU_RS01175,,,GNAT family N-acetyltransferase,N-acetyltransferase activity|0008080||IEA,
ATU_RS01180,,,alpha/beta fold hydrolase,,
ATU_RS01185,,,AraC family transcriptional regulator,sequence-specific DNA binding|0043565||IEA,
ATU_RS01190,,,TRAP transporter substrate-binding protein,,
ATU_RS01195,,,group III truncated hemoglobin,,
ATU_RS01200,mbfA,,iron exporter MbfA,,
ATU_RS01205,,,transglutaminase-like cysteine peptidase,,
ATU_RS01210,,,carboxylesterase,hydrolase activity|0016787||IEA,
ATU_RS01215,infC,,translation initiation factor IF-3,translation initiation factor activity|0003743||IEA,translational initiation|0006413||IEA
ATU_RS01220,rpmI,,50S ribosomal protein L35,structural constituent of ribosome|0003735||IEA,translation|0006412||IEA
ATU_RS01225,rplT,,50S ribosomal protein L20,structural constituent of ribosome|0003735||IEA,translation|0006412||IEA
ATU_RS01230,,,lipopolysaccharide kinase InaA family protein,,
ATU_RS01235,pheS,,phenylalanine--tRNA ligase subunit alpha,phenylalanine-tRNA ligase activity|0004826||IEA,phenylalanyl-tRNA aminoacylation|0006432||IEA
ATU_RS01240,pheT,,phenylalanine--tRNA ligase subunit beta,phenylalanine-tRNA ligase activity|0004826||IEA,phenylalanyl-tRNA aminoacylation|0006432||IEA
ATU_RS01245,,,aldo/keto reductase,oxidoreductase activity,
ATU_RS01250,,,LysR family transcriptional regulator,DNA-binding transcription activator activity|0001216||IEA,
ATU_RS01255,,,GNAT family N-acetyltransferase,N-acetyltransferase activity|0008080||IEA,
ATU_RS01260,,,aldo/keto reductase,,
ATU_RS01265,,,GlxA family transcriptional regulator,DNA binding|0003677||IEA,
ATU_RS01270,,,cysteine hydrolase family protein,,
ATU_RS01275,,,Gfo/Idh/MocA family protein,oxidoreductase activity|0016491||IEA,
ATU_RS01280,,,hypothetical protein,,
ATU_RS01285,,,hypothetical protein,,
ATU_RS01290,xseA,,exodeoxyribonuclease VII large subunit,exodeoxyribonuclease VII activity|0008855||IEA,DNA catabolic process|0006308||IEA
ATU_RS01295,,,mandelate racemase/muconate lactonizing enzyme family protein,,
ATU_RS01300,,,FadR/GntR family transcriptional regulator,DNA binding|0003677||IEA,
ATU_RS01305,,,MarR family winged helix-turn-helix transcriptional regulator,DNA binding|0003677||IEA,
ATU_RS01310,,,EamA family transporter,,
ATU_RS01315,,,aminopeptidase,,
ATU_RS01320,ybaK,,Cys-tRNA(Pro) deacylase,aminoacyl-tRNA editing activity|0002161||IEA,tRNA aminoacylation|0043039||IEA
ATU_RS01325,,,ArsC family reductase,,
ATU_RS26505,,,hypothetical protein,,
ATU_RS01330,,,2'-5' RNA ligase family protein,,
ATU_RS01335,,,TetR/AcrR family transcriptional regulator,DNA binding|0003677||IEA,regulation of DNA-templated transcription|0006355||IEA
ATU_RS01340,,,hypothetical protein,,
ATU_RS01345,guaA,,glutamine-hydrolyzing GMP synthase,GMP synthase (glutamine-hydrolyzing) activity|0003922||IEA,GMP biosynthetic process|0006177||IEA
ATU_RS01350,,,5'-methylthioadenosine/S-adenosylhomocysteine nucleosidase,,
ATU_RS01355,,,PaaI family thioesterase,thiolester hydrolase activity|0016790||IEA,
ATU_RS01360,,,TspO/MBR family protein,,
ATU_RS01365,,,DUF1513 domain-containing protein,,
ATU_RS01370,,,imelysin family protein,,
ATU_RS01375,,,di-heme oxidoredictase family protein,,
ATU_RS01380,,,imelysin family protein,,
ATU_RS01385,,,RsmB/NOP family class I SAM-dependent RNA methyltransferase,methyltransferase activity|0008168||IEA,
ATU_RS01390,,,septal ring lytic transglycosylase RlpA family protein,lyase activity|0016829||IEA,
ATU_RS01395,,,SDR family oxidoreductase,ATP binding|0005524||IEA,
ATU_RS01400,queG,,tRNA epoxyqueuosine(34) reductase QueG,4 iron,queuosine biosynthetic process|0008616||IEA
ATU_RS01405,,,glutathione S-transferase family protein,protein binding|0005515||IEA,glutathione metabolic process|0006749||IEA
ATU_RS01410,,,undecaprenyl-diphosphate phosphatase,undecaprenyl-diphosphatase activity|0050380||IEA,dephosphorylation|0016311||IEA
ATU_RS26510,,,hypothetical protein,,
ATU_RS01415,,,complex I NDUFA9 subunit family protein,,
ATU_RS01420,,,DUF1330 domain-containing protein,,
ATU_RS01425,pyrF,,orotidine-5'-phosphate decarboxylase,orotidine-5'-phosphate decarboxylase activity|0004590||IEA,'de novo' pyrimidine nucleobase biosynthetic process|0006207||IEA
ATU_RS01430,,,histidine phosphatase family protein,phosphatase activity|0016791||IEA,
ATU_RS01435,pmtA,,phospholipid N-methyltransferase PmtA,S-adenosylmethionine-dependent methyltransferase activity|0008757||IEA,
ATU_RS01440,dnaN,,DNA polymerase III subunit beta,DNA-directed DNA polymerase activity|0003887||IEA,DNA replication|0006260||IEA
ATU_RS01445,rsmI,,16S rRNA (cytidine(1402)-2'-O)-methyltransferase,rRNA methyltransferase activity|0008649||IEA,rRNA 2'-O-methylation|0000451||IEA
ATU_RS01450,,,YraN family protein,nucleic acid binding|0003676||IEA,
ATU_RS01455,,,sugar O-acetyltransferase,acetyltransferase activity|0016407||IEA,
ATU_RS01460,,,extracellular solute-binding protein,,
ATU_RS01465,,,ABC transporter permease subunit,,transmembrane transport|0055085||IEA
ATU_RS01470,ugpE,,sn-glycerol-3-phosphate ABC transporter permease UgpE,,glycerol-3-phosphate transmembrane transport|0015794||IEA
ATU_RS01475,,,sn-glycerol-3-phosphate import ATP-binding protein UgpC,,
ATU_RS01480,,,cupin domain-containing protein,,
ATU_RS01485,gshB,,glutathione synthase,glutathione synthase activity|0004363||IEA,glutathione biosynthetic process|0006750||IEA
ATU_RS01490,,,YifB family Mg chelatase-like AAA ATPase,ATP binding|0005524||IEA,
ATU_RS01495,cysK,,cysteine synthase A,cysteine synthase activity|0004124||IEA,cysteine biosynthetic process from serine|0006535||IEA
ATU_RS01500,,,LysE family translocator,,
ATU_RS01505,dut,,dUTP diphosphatase,magnesium ion binding|0000287||IEA,dUMP biosynthetic process|0006226||IEA
ATU_RS01510,,,peptide chain release factor 3,GTPase activity|0003924||IEA,translational termination|0006415||IEA
ATU_RS01515,coaBC,,bifunctional phosphopantothenoylcysteine decarboxylase/phosphopantothenate--cysteine ligase CoaBC,phosphopantothenate--cysteine ligase activity|0004632||IEA,coenzyme A biosynthetic process|0015937||IEA
ATU_RS01520,,,MmcQ/YjbR family DNA-binding protein,DNA binding|0003677||IEA,
ATU_RS01525,,,sterol desaturase family protein,oxidoreductase activity|0016491||IEA,lipid metabolic process|0006629||IEA
ATU_RS01530,ubiB,,2-polyprenylphenol 6-hydroxylase,oxidoreductase activity,ubiquinone biosynthetic process|0006744||IEA
ATU_RS01535,ubiE,,bifunctional demethylmenaquinone methyltransferase/2-methoxy-6-polyprenyl-1,methyltransferase activity|0008168||IEA,
ATU_RS01540,mutM,,bifunctional DNA-formamidopyrimidine glycosylase/DNA-(apurinic or apyrimidinic site) lyase,nucleic acid binding|0003676||IEA,DNA repair|0006281||IEA
ATU_RS01545,,,enoyl-CoA hydratase,,
ATU_RS01550,rpsT,,30S ribosomal protein S20,structural constituent of ribosome|0003735||IEA,translation|0006412||IEA
ATU_RS01555,dnaA,,chromosomal replication initiator protein DnaA,DNA binding|0003677||IEA,DNA replication initiation|0006270||IEA
ATU_RS01560,hemW,,radical SAM family heme chaperone HemW,coproporphyrinogen dehydrogenase activity|0051989||IEA,porphyrin-containing compound biosynthetic process|0006779||IEA
ATU_RS01565,rdgB,,RdgB/HAM1 family non-canonical purine NTP pyrophosphatase,dITP diphosphatase activity|0035870||IEA,DNA repair|0006281||IEA
ATU_RS01570,rph,,ribonuclease PH,tRNA-specific ribonuclease activity|0004549||IEA,tRNA processing|0008033||IEA
ATU_RS01575,hrcA,,heat-inducible transcriptional repressor HrcA,,response to heat|0009408||IEA
ATU_RS01580,grpE,,nucleotide exchange factor GrpE,adenyl-nucleotide exchange factor activity|0000774||IEA,protein folding|0006457||IEA
ATU_RS01585,ptsN,,PTS IIA-like nitrogen regulatory protein PtsN,protein-N(PI)-phosphohistidine-sugar phosphotransferase activity|0008982||IEA,regulation of DNA-templated transcription|0006355||IEA
ATU_RS01590,raiA,,ribosome hibernation-promoting factor,translation regulator activity|0045182||IEA,translational attenuation|0009386||IEA
ATU_RS01595,rpoN,,RNA polymerase factor sigma-54,sigma factor activity|0016987||IEA,DNA-templated transcription initiation|0006352||IEA
ATU_RS01600,lptB,,LPS export ABC transporter ATP-binding protein,lipopolysaccharide transmembrane transporter activity|0015221||IEA,lipopolysaccharide transport|0015920||IEA
ATU_RS01605,,,LptA/OstA family protein,,
ATU_RS01610,lptC,,LPS export ABC transporter periplasmic protein LptC,,
ATU_RS01615,sppA,,signal peptide peptidase SppA,serine-type endopeptidase activity|0004252||IEA,signal peptide processing|0006465||IEA
ATU_RS01620,,,integration host factor subunit beta,DNA binding|0003677||IEA,DNA recombination|0006310||IEA
ATU_RS01625,,,LapA family protein,,
ATU_RS01630,,,class I SAM-dependent methyltransferase,methyltransferase activity|0008168||IEA,rRNA processing|0006364||IEA
ATU_RS01635,,,RNA methyltransferase,RNA methyltransferase activity|0008173||IEA,RNA methylation|0001510||IEA
ATU_RS01640,lspA,,signal peptidase II,aspartic-type endopeptidase activity|0004190||IEA,proteolysis|0006508||IEA
ATU_RS01645,,,hybrid sensor histidine kinase/response regulator,,
ATU_RS01650,,,GNAT family N-acetyltransferase,,
ATU_RS01655,mutS,,DNA mismatch repair protein MutS,ATP binding|0005524||IEA,mismatch repair|0006298||IEA
ATU_RS01660,,,[protein-PII] uridylyltransferase,[protein-PII] uridylyltransferase activity|0008773||IEA,nitrogen compound metabolic process|0006807||IEA
ATU_RS01665,murJ,,murein biosynthesis integral membrane protein MurJ,,peptidoglycan biosynthetic process|0009252||IEA
ATU_RS01670,,,VOC family protein,,
ATU_RS01675,trpS,,tryptophan--tRNA ligase,tryptophan-tRNA ligase activity|0004830||IEA,tryptophanyl-tRNA aminoacylation|0006436||IEA
ATU_RS01680,,,universal stress protein,,
ATU_RS01685,,,NifU family protein,,
ATU_RS01690,tsaB,,tRNA (adenosine(37)-N6)-threonylcarbamoyltransferase complex dimerization subunit type 1 TsaB,double-stranded RNA binding|0003725||IEA,tRNA modification|0006400||IEA
ATU_RS01695,,,GNAT family N-acetyltransferase,N-acetyltransferase activity|0008080||IEA,
ATU_RS01700,,,Fur family transcriptional regulator,DNA-binding transcription factor activity|0003700||IEA,regulation of DNA-templated transcription|0006355||IEA
ATU_RS01705,,,1-acyl-sn-glycerol-3-phosphate acyltransferase,,
ATU_RS01710,miaB,,tRNA (N6-isopentenyl adenosine(37)-C2)-methylthiotransferase MiaB,transferase activity,tRNA modification|0006400||IEA
ATU_RS01715,,,PhoH family protein,ATP binding|0005524||IEA,
ATU_RS01720,ybeY,,rRNA maturation RNase YbeY,RNA nuclease activity|0004540||IEA,ribosome biogenesis|0042254||IEA
ATU_RS01725,,,hemolysin family protein,,
ATU_RS01730,lnt,,apolipoprotein N-acyltransferase,N-acyltransferase activity|0016410||IEA,protein lipidation|0006497||IEA
ATU_RS01735,,,helix-turn-helix domain-containing protein,,
ATU_RS01740,metK,,methionine adenosyltransferase,methionine adenosyltransferase activity|0004478||IEA,S-adenosylmethionine biosynthetic process|0006556||IEA
ATU_RS01745,trmB,,tRNA (guanosine(46)-N7)-methyltransferase TrmB,tRNA (guanine(46)-N7)-methyltransferase activity|0008176||IEA,tRNA modification|0006400||IEA
ATU_RS01750,,,ribokinase,ATP binding|0005524||IEA,
ATU_RS01755,,,DNA recombination protein RmuC,,
ATU_RS01760,def,,peptide deformylase,peptide deformylase activity|0042586||IEA,protein modification process|0036211||IEA
ATU_RS01765,fmt,,methionyl-tRNA formyltransferase,methionyl-tRNA formyltransferase activity|0004479||IEA,methionyl-tRNA aminoacylation|0006431||IEA
ATU_RS01770,truA,,tRNA pseudouridine(38-40) synthase TruA,pseudouridine synthase activity|0009982||IEA,tRNA modification|0006400||IEA
ATU_RS01775,,,hypothetical protein,,
ATU_RS01780,dapE,,succinyl-diaminopimelate desuccinylase,succinyl-diaminopimelate desuccinylase activity|0009014||IEA,lysine biosynthetic process via diaminopimelate|0009089||IEA
ATU_RS01785,dapD,,2,2,lysine biosynthetic process via diaminopimelate|0009089||IEA
ATU_RS01790,,,LOG family protein,hydrolase activity,cytokinin biosynthetic process|0009691||IEA
ATU_RS01795,,,methyl-accepting chemotaxis protein,,chemotaxis|0006935||IEA
ATU_RS01800,,,nucleoside hydrolase,,
ATU_RS01805,,,Hsp20 family protein,,
ATU_RS01810,,,DUF1150 family protein,,
ATU_RS01815,,,EF-hand domain-containing protein,calcium ion binding|0005509||IEA,
ATU_RS01820,,,pyrimidine 5'-nucleotidase,,
ATU_RS01825,,,DMT family transporter,transporter activity|0005215||IEA,transmembrane transport|0055085||IEA
ATU_RS01830,argB,,acetylglutamate kinase,acetylglutamate kinase activity|0003991||IEA,ornithine biosynthetic process|0006592||IEA
ATU_RS01835,,,hypothetical protein,,
ATU_RS01840,yihA,,ribosome biogenesis GTP-binding protein YihA/YsxC,GTPase activity|0003924||IEA,ribosome biogenesis|0042254||IEA
ATU_RS01845,yidC,,membrane protein insertase YidC,membrane insertase activity|0032977||IEA,
ATU_RS01850,rnpA,,ribonuclease P protein component,ribonuclease P activity|0004526||IEA,RNA processing|0006396||IEA
ATU_RS01855,rpmH,,50S ribosomal protein L34,structural constituent of ribosome|0003735||IEA,translation|0006412||IEA
ATU_RS01860,,,methyl-accepting chemotaxis protein,,signal transduction|0007165||IEA
ATU_RS01865,,,HAMP domain-containing sensor histidine kinase,phosphorelay response regulator activity|0000156||IEA,signal transduction|0007165||IEA
ATU_RS01875,,,class I SAM-dependent methyltransferase,methyltransferase activity|0008168||IEA,
ATU_RS01880,,,ABC transporter ATP-binding protein,ATP binding|0005524||IEA,
ATU_RS01885,,,carbohydrate ABC transporter permease,ATPase-coupled transmembrane transporter activity|0042626||IEA,
ATU_RS01890,,,carbohydrate ABC transporter permease,,carbohydrate transport|0008643||IEA
ATU_RS01895,,,ABC transporter substrate-binding protein,,
ATU_RS01900,,,phosphodiesterase,,
ATU_RS01905,,,acetyl-CoA hydrolase/transferase family protein,,
ATU_RS01910,,,alpha/beta hydrolase,,
ATU_RS01915,,,4-hydroxyproline epimerase,,
ATU_RS01920,pyrC,,dihydroorotase,dihydroorotase activity|0004151||IEA,pyrimidine ribonucleotide biosynthetic process|0009220||IEA
ATU_RS01925,,,orotate phosphoribosyltransferase,orotate phosphoribosyltransferase activity|0004588||IEA,nucleoside metabolic process|0009116||IEA
ATU_RS01930,,,carbohydrate kinase,kinase activity|0016301||IEA,carbohydrate metabolic process|0005975||IEA
ATU_RS01935,,,acetylxylan esterase,,
ATU_RS01940,,,esterase family protein,,
ATU_RS01945,pgi,,glucose-6-phosphate isomerase,glucose-6-phosphate isomerase activity|0004347||IEA,gluconeogenesis|0006094||IEA
ATU_RS01950,,,long-chain fatty acid--CoA ligase,,
ATU_RS01955,,,ABC transporter ATP-binding protein,ATP binding|0005524||IEA,
ATU_RS01960,,,extracellular solute-binding protein,,
ATU_RS01965,,,iron ABC transporter permease,ATPase-coupled transmembrane transporter activity|0042626||IEA,iron ion transport|0006826||IEA
ATU_RS01970,,,TonB-dependent siderophore receptor,,
ATU_RS01975,,,AraC family transcriptional regulator,sequence-specific DNA binding|0043565||IEA,
ATU_RS01980,,,PRC-barrel domain-containing protein,bacteriochlorophyll binding|0042314||IEA,photosynthesis
ATU_RS01985,,,DUF982 domain-containing protein,,
ATU_RS01990,,,YqaE/Pmp3 family membrane protein,,
ATU_RS02000,,,nitronate monooxygenase family protein,monooxygenase activity|0004497||IEA,
ATU_RS02005,,,hypothetical protein,,
ATU_RS02010,ppk2,,polyphosphate kinase 2,polyphosphate kinase activity|0008976||IEA,phosphorus metabolic process|0006793||IEA
ATU_RS26875,,,hypothetical protein,,
ATU_RS02015,phoR,,phosphate regulon sensor histidine kinase PhoR,phosphorelay sensor kinase activity|0000155||IEA,phosphorelay signal transduction system|0000160||IEA
ATU_RS02020,,,substrate-binding domain-containing protein,,
ATU_RS02025,pstC,,phosphate ABC transporter permease subunit PstC,ATPase-coupled phosphate ion transmembrane transporter activity|0015415||IEA,
ATU_RS02030,pstA,,phosphate ABC transporter permease PstA,ATPase-coupled phosphate ion transmembrane transporter activity|0015415||IEA,
ATU_RS02035,pstB,,phosphate ABC transporter ATP-binding protein PstB,ATP binding|0005524||IEA,
ATU_RS02040,phoU,,phosphate signaling complex protein PhoU,DNA-binding transcription factor activity|0003700||IEA,regulation of transport|0051049||IEA
ATU_RS02045,phoB,,phosphate regulon transcriptional regulator PhoB,phosphorelay response regulator activity|0000156||IEA,phosphorelay signal transduction system|0000160||IEA
ATU_RS02050,,,GcrA family cell cycle regulator,,
ATU_RS02055,,,aspartate aminotransferase family protein,,
ATU_RS02060,argF,,ornithine carbamoyltransferase,ornithine carbamoyltransferase activity|0004585||IEA,arginine biosynthetic process via ornithine|0042450||IEA
ATU_RS02065,,,Hsp33 family molecular chaperone,unfolded protein binding|0051082||IEA,protein folding|0006457||IEA
ATU_RS02070,apaG,,Co2+/Mg2+ efflux protein ApaG,,
ATU_RS02075,,,O-succinylhomoserine sulfhydrylase,,
ATU_RS02085,,,2'-deoxycytidine 5'-triphosphate deaminase,dCTP deaminase activity|0008829||IEA,2'-deoxyribonucleotide metabolic process|0009394||IEA
ATU_RS02095,,,DEAD/DEAH box helicase,,
ATU_RS02100,,,DUF2290 domain-containing protein,,
ATU_RS02105,,,site-specific integrase,DNA binding|0003677||IEA,DNA recombination|0006310||IEA
ATU_RS02110,,,hypothetical protein,,
ATU_RS02115,,,YfdQ family protein,,
ATU_RS02120,,,hypothetical protein,,
ATU_RS02125,,,hypothetical protein,,
ATU_RS02130,,,hypothetical protein,,
ATU_RS02135,,,hypothetical protein,,
ATU_RS02140,,,hypothetical protein,,
ATU_RS02145,,,tellurite resistance TerB family protein,,
ATU_RS02150,,,helix-turn-helix transcriptional regulator,,
ATU_RS02155,,,Cro/CI family transcriptional regulator,,
ATU_RS02160,,,hypothetical protein,,
ATU_RS02165,,,hypothetical protein,,
ATU_RS02170,,,class I SAM-dependent methyltransferase,methyltransferase activity|0008168||IEA,
ATU_RS02175,,,hypothetical protein,,
ATU_RS02180,,,hypothetical protein,,
ATU_RS02185,,,hypothetical protein,,
ATU_RS02190,,,hypothetical protein,,
ATU_RS02195,,,helix-turn-helix domain-containing protein,DNA binding|0003677||IEA,
ATU_RS02200,,,transcription termination/antitermination protein NusG,,DNA-templated transcription termination|0006353||IEA
ATU_RS02205,,,hypothetical protein,,
ATU_RS02210,,,MerR family transcriptional regulator,,
ATU_RS02215,,,phage terminase large subunit family protein,ATP hydrolysis activity|0016887||IEA,
ATU_RS02220,,,DUF2190 family protein,,
ATU_RS02225,,,hypothetical protein,,
ATU_RS02230,,,hypothetical protein,,
ATU_RS02235,,,phage baseplate assembly protein V,,
ATU_RS02240,,,hypothetical protein,,
ATU_RS02245,,,phage tail protein I,structural molecule activity|0005198||IEA,viral process|0016032||IEA
ATU_RS02250,,,hypothetical protein,,
ATU_RS26645,,,phage tail sheath family protein,,
ATU_RS02260,,,hypothetical protein,,
ATU_RS02265,,,phage tail protein,,
ATU_RS02270,,,tail protein X,,
ATU_RS02275,,,phage late control D family protein,,
ATU_RS02280,,,M15 family metallopeptidase,,
ATU_RS02285,,,hypothetical protein,,
ATU_RS02290,,,phage holin family protein,,
ATU_RS02295,,,DNA-binding transcriptional regulator,DNA binding|0003677||IEA,
ATU_RS02300,,,DUF4258 domain-containing protein,,
ATU_RS02305,,,hypothetical protein,,
ATU_RS26650,,,hypothetical protein,,
ATU_RS02310,,,DUF1488 domain-containing protein,,
ATU_RS02315,,,hypothetical protein,,
ATU_RS02320,,,fasciclin domain-containing protein,,
ATU_RS02325,,,DUF4394 domain-containing protein,,
ATU_RS02330,,,sigma-70 family RNA polymerase sigma factor,DNA binding|0003677||IEA,DNA-templated transcription initiation|0006352||IEA
ATU_RS02335,,,anti-sigma factor domain-containing protein,,
ATU_RS02340,aqpZ,,aquaporin Z,water channel activity|0015250||IEA,water transport|0006833||IEA
ATU_RS02345,,,hypothetical protein,,
ATU_RS02350,,,glycosyltransferase family 2 protein,,
ATU_RS02355,,,transporter substrate-binding domain-containing protein,,
ATU_RS02360,uppX,,Wzx-type polysaccharide biosynthesis protein UppX,,
ATU_RS02365,,,hypothetical protein,,
ATU_RS02370,uppY,,Wzy-type polysaccharide biosynthesis protein UppY,,
ATU_RS02375,,,polysaccharide deacetylase family protein,hydrolase activity,carbohydrate metabolic process|0005975||IEA
ATU_RS02380,,,helix-turn-helix transcriptional regulator,,
ATU_RS02385,,,response regulator transcription factor,DNA binding|0003677||IEA,phosphorelay signal transduction system|0000160||IEA
ATU_RS02390,,,DUF952 domain-containing protein,,
ATU_RS02395,,,quinone-dependent dihydroorotate dehydrogenase,dihydroorotate dehydrogenase activity|0004152||IEA,'de novo' pyrimidine nucleobase biosynthetic process|0006207||IEA
ATU_RS02400,,,CAP domain-containing protein,,
ATU_RS02405,,,DUF6460 domain-containing protein,,
ATU_RS02410,,,class I SAM-dependent methyltransferase,,
ATU_RS02415,,,YitT family protein,,
ATU_RS02420,,,YitT family protein,,
ATU_RS02425,,,carboxymuconolactone decarboxylase family protein,,
ATU_RS02430,,,Rrf2 family transcriptional regulator,DNA binding|0003677||IEA,
ATU_RS02435,,,ligase-associated DNA damage response DEXH box helicase,nucleic acid binding|0003676||IEA,
ATU_RS02440,pdeM,,ligase-associated DNA damage response endonuclease PdeM,hydrolase activity|0016787||IEA,
ATU_RS02445,,,universal stress protein,ATP binding|0005524||IEA,
ATU_RS02450,,,TIGR02186 family protein,,
ATU_RS02455,,,sulfite exporter TauE/SafE family protein,,transport|0006810||IEA
ATU_RS02460,podJ,,cell division protein PodJ,,
ATU_RS02465,,,acyl-CoA dehydrogenase C-terminal domain-containing protein,,
ATU_RS02470,,,acetyl-CoA C-acetyltransferase,acyltransferase activity,
ATU_RS02475,,,3-hydroxyacyl-CoA dehydrogenase NAD-binding domain-containing protein,NAD+ binding|0070403||IEA,fatty acid metabolic process|0006631||IEA
ATU_RS02480,,,hypothetical protein,,
ATU_RS02490,,,alpha-ketoglutarate-dependent dioxygenase AlkB,,
ATU_RS02495,mnhG,,monovalent cation/H(+) antiporter subunit G,metal cation:proton antiporter activity|0051139||IEA,inorganic cation transmembrane transport|0098662||IEA
ATU_RS02500,,,K+/H+ antiporter subunit F,monoatomic ion transmembrane transporter activity|0015075||IEA,monoatomic ion transmembrane transport|0034220||IEA
ATU_RS02505,,,Na+/H+ antiporter subunit E,monoatomic cation transmembrane transporter activity|0008324||IEA,monoatomic cation transport|0006812||IEA
ATU_RS02510,,,monovalent cation/H+ antiporter subunit D,,
ATU_RS02515,,,Na+/H+ antiporter subunit C,,
ATU_RS02520,,,monovalent cation/H+ antiporter subunit A,metal cation:proton antiporter activity|0051139||IEA,inorganic cation transmembrane transport|0098662||IEA
ATU_RS02525,,,hypothetical protein,,
ATU_RS02530,,,globin-coupled sensor protein,oxygen binding|0019825||IEA,chemotaxis|0006935||IEA
ATU_RS02535,,,STAS domain-containing protein,anti-sigma factor antagonist activity|0043856||IEA,
ATU_RS02540,cheY1,,chemotaxis response regulator CheY1,,
ATU_RS02545,,,chemotaxis protein CheA,phosphorelay sensor kinase activity|0000155||IEA,chemotaxis|0006935||IEA
ATU_RS02550,cheR,,protein-glutamate O-methyltransferase CheR,,
ATU_RS02555,cheB,,protein-glutamate O-methylesterase CheB,,
ATU_RS02560,cheY2,,chemotaxis response regulator CheY2,,
ATU_RS02565,cheD,,chemoreceptor glutamine deamidase CheD,,
ATU_RS02570,,,hypothetical protein,,
ATU_RS02575,fliF,,flagellar basal-body MS-ring/collar protein FliF,structural molecule activity|0005198||IEA,cilium or flagellum-dependent cell motility|0001539||IEA
ATU_RS02580,,,transcriptional regulator VisN,DNA binding|0003677||IEA,regulation of DNA-templated transcription|0006355||IEA
ATU_RS02585,,,transcriptional regulator VisR,,
ATU_RS02590,,,methyl-accepting chemotaxis protein,,signal transduction|0007165||IEA
ATU_RS02595,,,hybrid sensor histidine kinase/response regulator,,
ATU_RS02600,mscL,,large conductance mechanosensitive channel protein MscL,mechanosensitive monoatomic ion channel activity|0008381||IEA,monoatomic ion transmembrane transport|0034220||IEA
ATU_RS02605,,,pyridoxal phosphate-dependent aminotransferase,,
ATU_RS02610,galE,,UDP-glucose 4-epimerase GalE,UDP-glucose 4-epimerase activity|0003978||IEA,galactose metabolic process|0006012||IEA
ATU_RS02615,,,DUF6030 family protein,,
ATU_RS02620,yacG,,DNA gyrase inhibitor YacG,zinc ion binding|0008270||IEA,regulation of DNA-templated transcription|0006355||IEA
ATU_RS02625,,,Maf-like protein,nucleoside triphosphate diphosphatase activity|0047429||IEA,
ATU_RS02630,infA,,translation initiation factor IF-1,translation initiation factor activity|0003743||IEA,translational initiation|0006413||IEA
ATU_RS02635,,,low molecular weight phosphatase family protein,,
ATU_RS02640,,,UPF0262 family protein,,
ATU_RS02645,hisD,,histidinol dehydrogenase,histidinol dehydrogenase activity|0004399||IEA,histidine biosynthetic process|0000105||IEA
ATU_RS02650,,,DUF2948 family protein,,
ATU_RS02655,murA,,UDP-N-acetylglucosamine 1-carboxyvinyltransferase,UDP-N-acetylglucosamine 1-carboxyvinyltransferase activity|0008760||IEA,peptidoglycan biosynthetic process|0009252||IEA
ATU_RS02660,,,hypothetical protein,,
ATU_RS02670,,,flagellin,structural molecule activity|0005198||IEA,bacterial-type flagellum-dependent cell motility|0071973||IEA
ATU_RS02675,,,flagellin,structural molecule activity|0005198||IEA,bacterial-type flagellum-dependent cell motility|0071973||IEA
ATU_RS02680,,,hypothetical protein,,
ATU_RS02685,,,flagellin,structural molecule activity|0005198||IEA,bacterial-type flagellum-dependent cell motility|0071973||IEA
ATU_RS02690,fliP,,flagellar type III secretion system pore protein FliP,,cilium or flagellum-dependent cell motility|0001539||IEA
ATU_RS02695,,,flagellar basal body-associated FliL family protein,,
ATU_RS02700,flgH,,flagellar basal body L-ring protein FlgH,cytoskeletal motor activity|0003774||IEA,bacterial-type flagellum-dependent cell motility|0071973||IEA
ATU_RS02705,,,MotE family protein,,
ATU_RS02710,,,flagellar basal body P-ring protein FlgI,structural molecule activity|0005198||IEA,bacterial-type flagellum-dependent cell motility|0071973||IEA
ATU_RS02715,flgA,,flagellar basal body P-ring formation chaperone FlgA,structural molecule activity|0005198||IEA,cilium or flagellum-dependent cell motility|0001539||IEA
ATU_RS02720,flgG,,flagellar basal-body rod protein FlgG,,bacterial-type flagellum-dependent cell motility|0071973||IEA
ATU_RS02725,,,flagellar hook-basal body complex protein FliE,,
ATU_RS02730,flgC,,flagellar basal body rod protein FlgC,structural molecule activity|0005198||IEA,cilium or flagellum-dependent cell motility|0001539||IEA
ATU_RS02735,flgB,,flagellar basal body rod protein FlgB,,
ATU_RS02740,,,hypothetical protein,,
ATU_RS02745,fliI,,flagellar protein export ATPase FliI,,
ATU_RS02750,flgF,,flagellar basal-body rod protein FlgF,,
ATU_RS02755,,,DUF1217 domain-containing protein,,
ATU_RS02760,motA,,flagellar motor stator protein MotA,,
ATU_RS02765,,,FliM/FliN family flagellar motor switch protein,,
ATU_RS02770,fliN,,flagellar motor switch protein FliN,cytoskeletal motor activity|0003774||IEA,cilium or flagellum-dependent cell motility|0001539||IEA
ATU_RS02775,fliG,,flagellar motor switch protein FliG,cytoskeletal motor activity|0003774||IEA,chemotaxis|0006935||IEA
ATU_RS02780,flhB,,flagellar biosynthesis protein FlhB,,cilium or flagellum-dependent cell motility|0001539||IEA
ATU_RS02785,,,hypothetical protein,,
ATU_RS02790,,,flagellin,structural molecule activity|0005198||IEA,bacterial-type flagellum-dependent cell motility|0071973||IEA
ATU_RS02795,,,hypothetical protein,,
ATU_RS02800,,,MotB family protein,,
ATU_RS02805,motC,,chemotaxis protein MotC,,chemotaxis|0006935||IEA
ATU_RS02810,,,flagellar hook-length control protein FliK,,
ATU_RS02815,,,lytic transglycosylase domain-containing protein,,
ATU_RS02820,,,transcriptional activator Rem,DNA binding|0003677||IEA,phosphorelay signal transduction system|0000160||IEA
ATU_RS02825,,,flagellar hook protein FlgE,,bacterial-type flagellum-dependent cell motility|0071973||IEA
ATU_RS02830,flgK,,flagellar hook-associated protein FlgK,structural molecule activity|0005198||IEA,cilium or flagellum-dependent cell motility|0001539||IEA
ATU_RS02835,,,flagellar hook-associated family protein,structural molecule activity|0005198||IEA,
ATU_RS02840,flaF,,flagellar biosynthesis regulator FlaF,,bacterial-type flagellum organization|0044781||IEA
ATU_RS02845,flbT,,flagellar biosynthesis repressor FlbT,mRNA 5'-UTR binding|0048027||IEA,mRNA catabolic process|0006402||IEA
ATU_RS02850,flgD,,flagellar hook assembly protein FlgD,,
ATU_RS02855,,,flagellar biosynthetic protein FliQ,,
ATU_RS02860,flhA,,flagellar biosynthesis protein FlhA,,cilium or flagellum-dependent cell motility|0001539||IEA
ATU_RS02865,fliR,,flagellar biosynthetic protein FliR,,protein targeting|0006605||IEA
ATU_RS02870,,,hypothetical protein,,
ATU_RS02875,,,rod-binding protein,,
ATU_RS02880,,,hypothetical protein,,
ATU_RS02885,,,flagellar basal body-associated FliL family protein,,
ATU_RS02890,,,WecB/TagA/CpsF family glycosyltransferase,transferase activity|0016740||IEA,biosynthetic process|0009058||IEA
ATU_RS02895,,,GumC family protein,,
ATU_RS02900,,,bifunctional methylenetetrahydrofolate dehydrogenase/methenyltetrahydrofolate cyclohydrolase,,
ATU_RS02905,,,LacI family DNA-binding transcriptional regulator,transcription cis-regulatory region binding|0000976||IEA,DNA-templated transcription|0006351||IEA
ATU_RS02910,,,ABC transporter substrate-binding protein,ATPase-coupled transmembrane transporter activity|0042626||IEA,
ATU_RS02915,,,carbohydrate ABC transporter permease,ATPase-coupled transmembrane transporter activity|0042626||IEA,
ATU_RS02920,,,carbohydrate ABC transporter permease,,carbohydrate transport|0008643||IEA
ATU_RS02925,,,alpha-glucosidase family protein,,
ATU_RS02930,ugpC,,ABC transporter ATP-binding protein,ATP binding|0005524||IEA,
ATU_RS02935,,,hypothetical protein,,
ATU_RS02940,,,metallophosphoesterase,5'-nucleotidase activity|0008253||IEA,
ATU_RS02945,edd,,phosphogluconate dehydratase,phosphogluconate dehydratase activity|0004456||IEA,Entner-Doudoroff pathway through 6-phosphogluconate|0009255||IEA
ATU_RS02950,pgl,,6-phosphogluconolactonase,6-phosphogluconolactonase activity|0017057||IEA,pentose-phosphate shunt|0006098||IEA
ATU_RS02955,zwf,,glucose-6-phosphate dehydrogenase,glucose-6-phosphate dehydrogenase activity|0004345||IEA,pentose-phosphate shunt|0006098||IEA
ATU_RS02960,,,FAD-binding oxidoreductase,oxidoreductase activity|0016491||IEA,
ATU_RS02965,,,glutamine synthetase family protein,glutamine synthetase activity|0004356||IEA,glutamine biosynthetic process|0006542||IEA
ATU_RS02970,,,NAD(P)/FAD-dependent oxidoreductase,,
ATU_RS02975,,,hypothetical protein,,
ATU_RS02980,,,LysR family transcriptional regulator,DNA-binding transcription factor activity|0003700||IEA,regulation of DNA-templated transcription|0006355||IEA
ATU_RS02985,,,hypothetical protein,,
ATU_RS02990,aceA,,isocitrate lyase,isocitrate lyase activity|0004451||IEA,carboxylic acid metabolic process|0019752||IEA
ATU_RS02995,,,short-chain fatty acyl-CoA regulator family protein,,
ATU_RS03000,,,polyamine ABC transporter substrate-binding protein,,
ATU_RS03005,,,ABC transporter ATP-binding protein,ATP binding|0005524||IEA,
ATU_RS03010,,,ABC transporter permease subunit,,transmembrane transport|0055085||IEA
ATU_RS03015,,,ABC transporter permease,,transmembrane transport|0055085||IEA
ATU_RS03020,,,iron ABC transporter permease,ATPase-coupled transmembrane transporter activity|0042626||IEA,iron ion transport|0006826||IEA
ATU_RS03025,pdhS1,,two-component system sensor histidine kinase PdhS1,,
ATU_RS03035,,,Ppx/GppA phosphatase family protein,nucleotide binding|0000166||IEA,
ATU_RS03040,,,RlmE family RNA methyltransferase,,
ATU_RS03045,,,MDR family MFS transporter,transmembrane transporter activity|0022857||IEA,transmembrane transport|0055085||IEA
ATU_RS03050,,,MBL fold metallo-hydrolase,,
ATU_RS03055,guaB,,IMP dehydrogenase,IMP dehydrogenase activity|0003938||IEA,purine ribonucleotide biosynthetic process|0009152||IEA
ATU_RS03060,,,MAPEG family protein,,
ATU_RS03065,adhP,,alcohol dehydrogenase AdhP,,
ATU_RS03070,,,dienelactone hydrolase family protein,hydrolase activity|0016787||IEA,
ATU_RS03075,,,ATP-binding protein,,
ATU_RS03080,,,response regulator transcription factor,DNA binding|0003677||IEA,phosphorelay signal transduction system|0000160||IEA
ATU_RS03085,,,hypothetical protein,,
ATU_RS03090,moaB,,molybdenum cofactor biosynthesis protein B,catalytic activity|0003824||IEA,Mo-molybdopterin cofactor biosynthetic process|0006777||IEA
ATU_RS03095,,,4-(cytidine 5'-diphospho)-2-C-methyl-D-erythritol kinase,4-(cytidine 5'-diphospho)-2-C-methyl-D-erythritol kinase activity|0050515||IEA,
ATU_RS03100,,,tetratricopeptide repeat protein,,
ATU_RS03105,,,polyprenyl synthetase family protein,,isoprenoid biosynthetic process|0008299||IEA
ATU_RS03110,,,DUF2007 domain-containing protein,,
ATU_RS03115,,,tRNA1(Val) (adenine(37)-N6)-methyltransferase,N-methyltransferase activity|0008170||IEA,
ATU_RS03120,,,S49 family peptidase,,
ATU_RS03125,,,NfeD family protein,,
ATU_RS03130,,,glycine--tRNA ligase subunit alpha,nucleotide binding|0000166||IEA,glycyl-tRNA aminoacylation|0006426||IEA
ATU_RS26655,,,hypothetical protein,,
ATU_RS03140,,,LemA family protein,,
ATU_RS03145,aroA,,3-phosphoshikimate 1-carboxyvinyltransferase,3-phosphoshikimate 1-carboxyvinyltransferase activity|0003866||IEA,chorismate biosynthetic process|0009423||IEA
ATU_RS03150,,,DUF2207 domain-containing protein,,
ATU_RS03155,glyS,,glycine--tRNA ligase subunit beta,glycine-tRNA ligase activity|0004820||IEA,glycyl-tRNA aminoacylation|0006426||IEA
ATU_RS03160,,,DUF523 domain-containing protein,,
ATU_RS03165,,,methyl-accepting chemotaxis protein,,signal transduction|0007165||IEA
ATU_RS03170,,,plant virulence effector HPE1-like domain-containing protein,,
ATU_RS03175,purD,,phosphoribosylamine--glycine ligase,phosphoribosylamine-glycine ligase activity|0004637||IEA,'de novo' IMP biosynthetic process|0006189||IEA
ATU_RS03180,,,Tex family protein,nucleic acid binding|0003676||IEA,
ATU_RS03185,,,cyclopropane-fatty-acyl-phospholipid synthase family protein,S-adenosylmethionine-dependent methyltransferase activity|0008757||IEA,
ATU_RS03190,,,MipA/OmpV family protein,protein-macromolecule adaptor activity|0030674||IEA,peptidoglycan biosynthetic process|0009252||IEA
ATU_RS03195,ubiA,,4-hydroxybenzoate octaprenyltransferase,4-hydroxybenzoate octaprenyltransferase activity|0008412||IEA,ubiquinone biosynthetic process|0006744||IEA
ATU_RS03200,,,DUF6101 family protein,,
ATU_RS03205,,,DUF1217 domain-containing protein,,
ATU_RS03210,,,LysR substrate-binding domain-containing protein,,
ATU_RS03215,,,DUF1127 domain-containing protein,,
ATU_RS03220,,,glutamate--cysteine ligase,glutamate-cysteine ligase activity|0004357||IEA,glutathione biosynthetic process|0006750||IEA
ATU_RS03225,,,16S rRNA (uracil(1498)-N(3))-methyltransferase,methyltransferase activity|0008168||IEA,rRNA processing|0006364||IEA
ATU_RS03230,,,inorganic phosphate transporter,,phosphate ion transport|0006817||IEA
ATU_RS03235,,,NUDIX hydrolase,,
ATU_RS03240,,,HAD family hydrolase,,
ATU_RS03245,,,glycosyltransferase family 1 protein,,
ATU_RS03250,,,FadR/GntR family transcriptional regulator,DNA binding|0003677||IEA,
ATU_RS03255,,,DUF3422 family protein,,
ATU_RS03260,,,LysR family transcriptional regulator,DNA-binding transcription activator activity|0001216||IEA,
ATU_RS03265,,,FAD-linked oxidase C-terminal domain-containing protein,catalytic activity|0003824||IEA,
ATU_RS03270,glcE,,glycolate oxidase subunit GlcE,oxidoreductase activity|0016491||IEA,
ATU_RS03275,glcF,,glycolate oxidase subunit GlcF,iron-sulfur cluster binding|0051536||IEA,
ATU_RS03280,,,outer membrane beta-barrel protein,,
ATU_RS03285,,,L,acyltransferase activity|0016746||IEA,peptidoglycan-protein cross-linking|0018104||IEA
ATU_RS03290,,,DNA-3-methyladenine glycosylase I,,
ATU_RS03295,,,hypothetical protein,,
ATU_RS03300,,,YeiH family protein,,
ATU_RS03305,,,LysR family transcriptional regulator,DNA-binding transcription activator activity|0001216||IEA,
ATU_RS03310,,,hypothetical protein,,
ATU_RS03315,,,type II toxin-antitoxin system RelE/ParE family toxin,DNA topoisomerase type II (double strand cut,plasmid partitioning|0030541||IEA
ATU_RS03320,,,DUF6290 family protein,,
ATU_RS03325,hisS,,histidine--tRNA ligase,histidine-tRNA ligase activity|0004821||IEA,histidyl-tRNA aminoacylation|0006427||IEA
ATU_RS03330,,,VOC family protein,,
ATU_RS03335,,,ATP phosphoribosyltransferase regulatory subunit,,
ATU_RS03340,hisG,,ATP phosphoribosyltransferase,ATP phosphoribosyltransferase activity|0003879||IEA,histidine biosynthetic process|0000105||IEA
ATU_RS03345,,,DoxX family protein,,
ATU_RS03350,,,hypothetical protein,,
ATU_RS03355,groL,,chaperonin GroEL,protein binding|0005515||IEA,protein folding|0006457||IEA
ATU_RS03360,groES,,co-chaperone GroES,ATP binding|0005524||IEA,protein folding|0006457||IEA
ATU_RS03365,,,TIGR01459 family HAD-type hydrolase,,
ATU_RS03370,,,bifunctional riboflavin kinase/FAD synthetase,FMN adenylyltransferase activity|0003919||IEA,
ATU_RS03375,ileS,,isoleucine--tRNA ligase,isoleucine-tRNA ligase activity|0004822||IEA,isoleucyl-tRNA aminoacylation|0006428||IEA
ATU_RS03380,,,hypothetical protein,,
ATU_RS03385,,,nucleoside deaminase,zinc ion binding|0008270||IEA,
ATU_RS03390,,,pseudouridine synthase,pseudouridine synthase activity|0009982||IEA,pseudouridine synthesis|0001522||IEA
ATU_RS03395,rsmD,,16S rRNA (guanine(966)-N(2))-methyltransferase RsmD,16S rRNA (guanine(966)-N(2))-methyltransferase activity|0052913||IEA,rRNA methylation|0031167||IEA
ATU_RS03400,,,patatin-like phospholipase family protein,,
ATU_RS03405,,,monovalent cation:proton antiporter-2 (CPA2) family protein,metal cation:proton antiporter activity|0051139||IEA,monoatomic cation transport|0006812||IEA
ATU_RS03410,,,TldD/PmbA family protein,zinc ion binding|0008270||IEA,proteolysis|0006508||IEA
ATU_RS03415,,,3'(2'),magnesium ion binding|0000287||IEA,sulfur compound metabolic process|0006790||IEA
ATU_RS03420,,,DUF4170 domain-containing protein,,
ATU_RS03425,waaA,,lipid IV(A) 3-deoxy-D-manno-octulosonic acid transferase,,
ATU_RS03430,,,HAD family hydrolase,hydrolase activity|0016787||IEA,
ATU_RS03435,lpxK,,tetraacyldisaccharide 4'-kinase,tetraacyldisaccharide 4'-kinase activity|0009029||IEA,lipid A biosynthetic process|0009245||IEA
ATU_RS03440,,,DUF2093 domain-containing protein,,
ATU_RS03445,mutL,,DNA mismatch repair endonuclease MutL,ATP binding|0005524||IEA,mismatch repair|0006298||IEA
ATU_RS03450,,,response regulator,,phosphorelay signal transduction system|0000160||IEA
ATU_RS03455,,,bifunctional diguanylate cyclase/phosphodiesterase,,
ATU_RS03460,,,SMP-30/gluconolactonase/LRE family protein,hydrolase activity|0016787||IEA,
ATU_RS03465,,,2-dehydro-3-deoxy-6-phosphogalactonate aldolase,2-dehydro-3-deoxy-6-phosphogalactonate aldolase activity|0008674||IEA,D-galactonate catabolic process|0034194||IEA
ATU_RS03470,,,2-dehydro-3-deoxygalactonokinase,,
ATU_RS03475,,,SDR family NAD(P)-dependent oxidoreductase,oxidoreductase activity|0016491||IEA,
ATU_RS03480,,,IclR family transcriptional regulator,DNA binding|0003677||IEA,regulation of DNA-templated transcription|0006355||IEA
ATU_RS03485,,,autoinducer binding domain-containing protein,,
ATU_RS03490,,,CmpA/NrtA family ABC transporter substrate-binding protein,ATPase-coupled transmembrane transporter activity|0042626||IEA,
ATU_RS03495,,,Mrp/NBP35 family ATP-binding protein,ATP binding|0005524||IEA,
ATU_RS03500,,,magnesium transporter CorA family protein,metal ion transmembrane transporter activity|0046873||IEA,metal ion transport|0030001||IEA
ATU_RS03505,,,potassium transporter Kup,,
ATU_RS03510,,,cell wall hydrolase,,
ATU_RS03515,,,AtpZ/AtpI family protein,,
ATU_RS03520,,,F0F1 ATP synthase subunit A,proton transmembrane transporter activity|0015078||IEA,proton motive force-driven ATP synthesis|0015986||IEA
ATU_RS03525,,,F0F1 ATP synthase subunit C,proton transmembrane transporter activity|0015078||IEA,proton motive force-driven ATP synthesis|0015986||IEA
ATU_RS03530,,,F0F1 ATP synthase subunit B,proton transmembrane transporter activity|0015078||IEA,proton motive force-driven ATP synthesis|0015986||IEA
ATU_RS03535,,,F0F1 ATP synthase subunit B,,
ATU_RS03540,,,pyridoxamine 5'-phosphate oxidase family protein,,
ATU_RS03545,,,CatB-related O-acetyltransferase,acyltransferase activity|0016746||IEA,response to antibiotic|0046677||IEA
ATU_RS03550,,,ribonuclease HII,RNA binding|0003723||IEA,
ATU_RS03555,,,PA0069 family radical SAM protein,catalytic activity|0003824||IEA,
ATU_RS03560,,,glycosyl transferase,,
ATU_RS03565,,,FAD-binding oxidoreductase,oxidoreductase activity|0016491||IEA,
ATU_RS03570,,,L-threonylcarbamoyladenylate synthase,L-threonylcarbamoyladenylate synthase|0061710||IEA,tRNA modification|0006400||IEA
ATU_RS03575,,,DUF6656 family protein,,
ATU_RS03580,,,aromatic ring-hydroxylating dioxygenase subunit alpha,oxidoreductase activity|0016491||IEA,
ATU_RS03585,,,hybrid-cluster NAD(P)-dependent oxidoreductase,,
ATU_RS03590,,,BA14K family protein,,
ATU_RS03595,,,BA14K family protein,,
ATU_RS03600,,,transporter,,
ATU_RS03605,,,acyl-CoA dehydrogenase,,
ATU_RS03610,,,crotonase/enoyl-CoA hydratase family protein,catalytic activity|0003824||IEA,
ATU_RS03615,,,hypothetical protein,,
ATU_RS03620,,,class I SAM-dependent RNA methyltransferase,metal ion binding|0046872||IEA,rRNA methylation|0031167||IEA
ATU_RS03625,,,TlyA family rRNA (cytidine-2'-O)-methyltransferase,,
ATU_RS03630,,,methyl-accepting chemotaxis protein,,signal transduction|0007165||IEA
ATU_RS03635,,,nucleoside recognition domain-containing protein,,
ATU_RS03640,,,Lrp/AsnC family transcriptional regulator,DNA binding|0003677||IEA,
ATU_RS03645,,,ACT domain-containing protein,,
ATU_RS03650,,,nuclear transport factor 2 family protein,,
ATU_RS03655,,,putative quinol monooxygenase,monooxygenase activity|0004497||IEA,
ATU_RS03660,,,helix-turn-helix domain-containing protein,,
ATU_RS03665,,,nuclear transport factor 2 family protein,,
ATU_RS03670,dxs,,1-deoxy-D-xylulose-5-phosphate synthase,1-deoxy-D-xylulose-5-phosphate synthase activity|0008661||IEA,pyridoxine biosynthetic process|0008615||IEA
ATU_RS03675,,,pirin family protein,,
ATU_RS03680,,,exodeoxyribonuclease VII small subunit,exodeoxyribonuclease VII activity|0008855||IEA,DNA catabolic process|0006308||IEA
ATU_RS03685,,,histone deacetylase family protein,,
ATU_RS03690,,,biotin transporter BioY,,
ATU_RS03695,,,energy-coupling factor transporter transmembrane protein EcfT,,
ATU_RS03700,,,energy-coupling factor ABC transporter ATP-binding protein,ATP binding|0005524||IEA,
ATU_RS03705,,,winged helix-turn-helix domain-containing protein,,
ATU_RS03710,ribB,,3,3,
ATU_RS03715,aroC,,chorismate synthase,chorismate synthase activity|0004107||IEA,aromatic amino acid family biosynthetic process|0009073||IEA
ATU_RS03720,,,hypothetical protein,,
ATU_RS03725,,,DUF1344 domain-containing protein,,
ATU_RS03730,,,histidine phosphatase family protein,phosphatase activity|0016791||IEA,
ATU_RS03735,fabI,,enoyl-ACP reductase FabI,enoyl-[acyl-carrier-protein] reductase (NADH) activity|0004318||IEA,fatty acid biosynthetic process|0006633||IEA
ATU_RS03740,,,DnaJ C-terminal domain-containing protein,,
ATU_RS03745,,,RT0821/Lpp0805 family surface protein,,
ATU_RS03750,pdxH,,pyridoxamine 5'-phosphate oxidase,pyridoxamine phosphate oxidase activity|0004733||IEA,pyridoxine biosynthetic process|0008615||IEA
ATU_RS03755,,,sulfite exporter TauE/SafE family protein,,transport|0006810||IEA
ATU_RS03760,,,MazG nucleotide pyrophosphohydrolase domain-containing protein,,
ATU_RS03765,,,HAD family phosphatase,hydrolase activity|0016787||IEA,
ATU_RS03770,,,VOC family protein,,
ATU_RS03775,tldD,,metalloprotease TldD,metallopeptidase activity|0008237||IEA,proteolysis|0006508||IEA
ATU_RS03780,,,invasion associated locus B family protein,,
ATU_RS03785,coxB,,cytochrome c oxidase subunit II,cytochrome-c oxidase activity|0004129||IEA,
ATU_RS03790,ctaD,,cytochrome c oxidase subunit I,cytochrome-c oxidase activity|0004129||IEA,
ATU_RS03795,,,heme o synthase,protoheme IX farnesyltransferase activity|0008495||IEA,heme O biosynthetic process|0048034||IEA
ATU_RS26880,,,hypothetical protein,,
ATU_RS03800,,,cytochrome c oxidase assembly protein,,
ATU_RS03805,,,cytochrome c oxidase subunit 3,,
ATU_RS03810,,,DUF983 domain-containing protein,,
ATU_RS03815,,,SURF1 family protein,,
ATU_RS03820,ispH,,4-hydroxy-3-methylbut-2-enyl diphosphate reductase,4-hydroxy-3-methylbut-2-en-1-yl diphosphate reductase activity|0051745||IEA,isopentenyl diphosphate biosynthetic process|0009240||IEA
ATU_RS03825,,,homoserine kinase,homoserine kinase activity|0004413||IEA,threonine biosynthetic process|0009088||IEA
ATU_RS03830,rnhA,,ribonuclease HI,nucleic acid binding|0003676||IEA,
ATU_RS03835,,,Dabb family protein,,
ATU_RS03840,,,autotransporter domain-containing protein,,
ATU_RS03845,,,peroxiredoxin,,
ATU_RS03850,,,protein-disulfide reductase DsbD domain-containing protein,,
ATU_RS03855,,,YqgE/AlgH family protein,,
ATU_RS03860,,,CsbD family protein,,
ATU_RS03865,,,putative zinc-binding metallopeptidase,,
ATU_RS03870,,,EAL domain-containing protein,,
ATU_RS03875,,,GNAT family N-acetyltransferase,,
ATU_RS03880,,,pitrilysin family protein,metal ion binding|0046872||IEA,
ATU_RS03885,thrC,,threonine synthase,threonine synthase activity|0004795||IEA,threonine biosynthetic process|0009088||IEA
ATU_RS03890,,,PilZ domain-containing protein,cyclic-di-GMP binding|0035438||IEA,
ATU_RS26965,,,hypothetical protein,,
ATU_RS03895,,,HAD family hydrolase,hydrolase activity|0016787||IEA,
ATU_RS03900,,,GntR family transcriptional regulator,DNA-binding transcription factor activity|0003700||IEA,
ATU_RS03905,,,DUF1284 domain-containing protein,,
ATU_RS03910,,,hypothetical protein,,
ATU_RS03915,,,site-specific DNA-methyltransferase,,
ATU_RS03920,,,S9 family peptidase,,
ATU_RS03925,,,HAD family phosphatase,,
ATU_RS03930,mutY,,A/G-specific adenine glycosylase,purine-specific mismatch base pair DNA N-glycosylase activity|0000701||IEA,DNA repair|0006281||IEA
ATU_RS03935,,,DUF721 domain-containing protein,,
ATU_RS03940,,,DsbA family protein,disulfide oxidoreductase activity|0015036||IEA,
ATU_RS03945,,,chromosome segregation SMC family protein,DNA binding|0003677||IEA,mitotic chromosome condensation|0007076||IEA
ATU_RS03950,,,VOC family protein,,
ATU_RS03955,ppdK,,pyruvate,pyruvate,carbon utilization|0015976||IEA
ATU_RS03960,,,hypothetical protein,,
ATU_RS03965,,,MliC family protein,,
ATU_RS03970,,,dicarboxylate/amino acid:cation symporter,,
ATU_RS03975,,,DUF1499 domain-containing protein,,
ATU_RS03980,,,MBL fold metallo-hydrolase,hydrolase activity|0016787||IEA,
ATU_RS03990,,,type II toxin-antitoxin system RelE/ParE family toxin,DNA topoisomerase type II (double strand cut,plasmid partitioning|0030541||IEA
ATU_RS03995,,,type II toxin-antitoxin system ParD family antitoxin,,regulation of chromosome segregation|0051983||IEA
ATU_RS04000,mqo,,malate dehydrogenase (quinone),malate dehydrogenase (quinone) activity|0008924||IEA,tricarboxylic acid cycle|0006099||IEA
ATU_RS04005,,,hypothetical protein,,
ATU_RS04015,cysN,,sulfate adenylyltransferase subunit CysN,GTPase activity|0003924||IEA,sulfur compound metabolic process|0006790||IEA
ATU_RS04020,cysD,,sulfate adenylyltransferase subunit CysD,sulfate adenylyltransferase (ATP) activity|0004781||IEA,sulfate assimilation|0000103||IEA
ATU_RS04025,,,phosphoadenylyl-sulfate reductase,catalytic activity|0003824||IEA,sulfate assimilation
ATU_RS04030,,,Rrf2 family transcriptional regulator,DNA binding|0003677||IEA,
ATU_RS04035,,,sulfate ABC transporter substrate-binding protein,,
ATU_RS04040,cysT,,sulfate ABC transporter permease subunit CysT,ABC-type sulfate transporter activity|0015419||IEA,sulfate transport|0008272||IEA
ATU_RS04045,cysW,,sulfate ABC transporter permease subunit CysW,ABC-type sulfate transporter activity|0015419||IEA,sulfate transport|0008272||IEA
ATU_RS04050,,,sulfate/molybdate ABC transporter ATP-binding protein,,
ATU_RS04055,,,NAD(P)H-quinone oxidoreductase,,
ATU_RS04060,,,GGDEF domain-containing protein,,
ATU_RS04065,,,type II toxin-antitoxin system ParD family antitoxin,,
ATU_RS04070,betI,,transcriptional regulator BetI,DNA binding|0003677||IEA,
ATU_RS04075,betB,,betaine-aldehyde dehydrogenase,betaine-aldehyde dehydrogenase activity|0008802||IEA,glycine betaine biosynthetic process from choline|0019285||IEA
ATU_RS04080,betA,,choline dehydrogenase,choline dehydrogenase activity|0008812||IEA,glycine betaine biosynthetic process from choline|0019285||IEA
ATU_RS04085,,,type II toxin-antitoxin system RelE/ParE family toxin,DNA topoisomerase type II (double strand cut,SOS response|0009432||IEA
ATU_RS04090,,,YlcI/YnfO family protein,,
ATU_RS04095,,,chloride channel protein,voltage-gated chloride channel activity|0005247||IEA,chloride transport|0006821||IEA
ATU_RS04100,,,DUF3750 domain-containing protein,,
ATU_RS04105,,,asparaginase,,
ATU_RS04110,,,glutathione S-transferase family protein,protein binding|0005515||IEA,glutathione metabolic process|0006749||IEA
ATU_RS04115,,,glutathione S-transferase family protein,protein binding|0005515||IEA,glutathione metabolic process|0006749||IEA
ATU_RS04120,,,MarR family winged helix-turn-helix transcriptional regulator,DNA-binding transcription factor activity|0003700||IEA,regulation of DNA-templated transcription|0006355||IEA
ATU_RS04125,,,MDR family MFS transporter,transmembrane transporter activity|0022857||IEA,transmembrane transport|0055085||IEA
ATU_RS04130,,,ligase-associated DNA damage response exonuclease,,
ATU_RS04135,,,cisplatin damage response ATP-dependent DNA ligase,DNA ligase (ATP) activity|0003910||IEA,DNA repair|0006281||IEA
ATU_RS04140,,,S9 family peptidase,,
ATU_RS04145,,,glycosyltransferase family 32 protein,,
ATU_RS04150,,,heavy metal translocating P-type ATPase,,
ATU_RS04155,,,L,acyltransferase activity|0016746||IEA,peptidoglycan-protein cross-linking|0018104||IEA
ATU_RS04160,,,L,acyltransferase activity|0016746||IEA,peptidoglycan-protein cross-linking|0018104||IEA
ATU_RS04165,,,MarR family winged helix-turn-helix transcriptional regulator,DNA binding|0003677||IEA,
ATU_RS04170,,,organic hydroperoxide resistance protein,,
ATU_RS04175,,,MbcA/ParS/Xre antitoxin family protein,,
ATU_RS04180,,,RES family NAD+ phosphorylase,,
ATU_RS04185,,,ABC-F family ATP-binding cassette domain-containing protein,ATP binding|0005524||IEA,
ATU_RS04190,,,YciI family protein,,
ATU_RS04195,,,MarR family winged helix-turn-helix transcriptional regulator,DNA binding|0003677||IEA,
ATU_RS04200,,,thioredoxin family protein,,
ATU_RS04205,,,DUF1579 domain-containing protein,,
ATU_RS04210,,,VOC family protein,,
ATU_RS04215,,,LysR family transcriptional regulator,DNA-binding transcription activator activity|0001216||IEA,
ATU_RS04220,,,SDR family oxidoreductase,oxidoreductase activity|0016491||IEA,
ATU_RS04225,,,carboxymuconolactone decarboxylase family protein,peroxiredoxin activity|0051920||IEA,
ATU_RS04230,,,Atu4866 domain-containing protein,,
ATU_RS04235,,,helicase HerA-like C-terminal domain-containing protein,,
ATU_RS04245,,,hypothetical protein,,
ATU_RS04250,,,helix-turn-helix domain-containing protein,DNA binding|0003677||IEA,
ATU_RS04255,,,SDR family oxidoreductase,,
ATU_RS04260,,,AraC family transcriptional regulator,DNA-binding transcription factor activity|0003700||IEA,
ATU_RS04265,,,LysE family translocator,,
ATU_RS04270,,,aldo/keto reductase,,
ATU_RS04275,,,YafY family protein,,
ATU_RS04280,,,VOC family protein,metal ion binding|0046872||IEA,
ATU_RS04285,tam,,trans-aconitate 2-methyltransferase,trans-aconitate 2-methyltransferase activity|0030798||IEA,
ATU_RS04290,,,branched-chain amino acid aminotransferase,,
ATU_RS04295,,,methyl-accepting chemotaxis protein,,signal transduction|0007165||IEA
ATU_RS04300,,,LysR family transcriptional regulator,DNA-binding transcription factor activity|0003700||IEA,regulation of DNA-templated transcription|0006355||IEA
ATU_RS04305,,,GNAT family N-acetyltransferase,,
ATU_RS04310,,,hypothetical protein,,
ATU_RS04315,,,superoxide dismutase,superoxide dismutase activity|0004784||IEA,
ATU_RS04320,,,metallophosphoesterase,hydrolase activity|0016787||IEA,
ATU_RS04325,,,YafY family protein,,
ATU_RS04330,,,LysE family translocator,,
ATU_RS04335,,,cytochrome c,iron ion binding|0005506||IEA,
ATU_RS04340,,,cytochrome c,,
ATU_RS04345,,,CbtB domain-containing protein,,
ATU_RS04350,,,CbtA family protein,,
ATU_RS04355,,,hypothetical protein,,
ATU_RS04360,,,type 1 glutamine amidotransferase family protein,peptidase activity|0008233||IEA,
ATU_RS04365,,,GNAT family N-acetyltransferase,N-acetyltransferase activity|0008080||IEA,
ATU_RS04370,,,helix-turn-helix domain-containing protein,,
ATU_RS04375,,,hypothetical protein,,
ATU_RS04380,dmeR,,Ni(II)/Co(II)-sensing transcriptional repressor DmeR,,
ATU_RS04385,dmeF,,CDF family Co(II)/Ni(II) efflux transporter DmeF,monoatomic cation transmembrane transporter activity|0008324||IEA,monoatomic cation transport|0006812||IEA
ATU_RS04390,,,hypothetical protein,,
ATU_RS04395,,,glycine betaine/L-proline ABC transporter ATP-binding protein,,
ATU_RS04400,,,proline/glycine betaine ABC transporter permease,,
ATU_RS04405,,,ABC transporter substrate-binding protein,,
ATU_RS04410,,,hypothetical protein,,
ATU_RS04415,,,S9 family peptidase,,
ATU_RS04420,,,DUF930 domain-containing protein,,
ATU_RS04425,,,dihydrodipicolinate synthase family protein,,
ATU_RS04430,,,polysaccharide deacetylase family protein,hydrolase activity,carbohydrate metabolic process|0005975||IEA
ATU_RS04435,,,bifunctional transcriptional activator/DNA repair enzyme AdaA,,
ATU_RS04440,,,AI-2E family transporter,efflux transmembrane transporter activity|0015562||IEA,autoinducer AI-2 transmembrane transport|1905887||IEA
ATU_RS04445,,,VOC family protein,,
ATU_RS04450,,,hypothetical protein,,
ATU_RS04455,,,universal stress protein,adenyl ribonucleotide binding|0032559||IEA,
ATU_RS04460,,,TraR/DksA C4-type zinc finger protein,zinc ion binding|0008270||IEA,
ATU_RS04465,,,hemolysin III family protein,,
ATU_RS04470,,,GNAT family N-acetyltransferase,,
ATU_RS04475,msrB,,peptide-methionine (R)-S-oxide reductase MsrB,peptide-methionine (R)-S-oxide reductase activity|0033743||IEA,response to oxidative stress|0006979||IEA
ATU_RS04480,,,putative monovalent cation/H+ antiporter subunit A,,
ATU_RS04485,,,Na+/H+ antiporter subunit B,,
ATU_RS04490,,,Na+/H+ antiporter subunit C,,
ATU_RS04495,,,Na+/H+ antiporter subunit D,NADH dehydrogenase (ubiquinone) activity|0008137||IEA,ATP synthesis coupled electron transport|0042773||IEA
ATU_RS04500,,,Na+/H+ antiporter subunit E,,
ATU_RS04505,,,cation:proton antiporter,monoatomic ion transmembrane transporter activity|0015075||IEA,monoatomic ion transmembrane transport|0034220||IEA
ATU_RS04510,mnhG,,monovalent cation/H(+) antiporter subunit G,metal cation:proton antiporter activity|0051139||IEA,inorganic cation transmembrane transport|0098662||IEA
ATU_RS04515,ros,,MucR family transcriptional regulator Ros,,
ATU_RS04520,,,helix-turn-helix domain-containing protein,ATP binding|0005524||IEA,DNA replication initiation|0006270||IEA
ATU_RS04525,,,DUF6456 domain-containing protein,,
ATU_RS04530,,,SufE family protein,,
ATU_RS04535,,,DUF5330 domain-containing protein,,
ATU_RS04540,,,HAMP domain-containing sensor histidine kinase,phosphorelay response regulator activity|0000156||IEA,signal transduction|0007165||IEA
ATU_RS04545,,,peptidoglycan-binding domain-containing protein,peptidoglycan binding|0042834||IEA,
ATU_RS04550,,,DUF1491 family protein,,
ATU_RS04555,,,DUF2336 domain-containing protein,,
ATU_RS04560,,,hypothetical protein,,
ATU_RS04565,,,membrane protein,,
ATU_RS04570,,,DUF1214 domain-containing protein,,
ATU_RS04575,,,LysE/ArgO family amino acid transporter,,
ATU_RS04580,,,LysR family transcriptional regulator ArgP,DNA binding|0003677||IEA,regulation of DNA-templated transcription|0006355||IEA
ATU_RS04585,,,serine hydrolase,hydrolase activity|0016787||IEA,
ATU_RS04590,,,alginate export family protein,,
ATU_RS04595,,,transglycosylase domain-containing protein,glycosyltransferase activity|0016757||IEA,
ATU_RS04600,,,YcgN family cysteine cluster protein,,
ATU_RS04605,blaOXA,,class D beta-lactamase,penicillin binding|0008658||IEA,
ATU_RS04610,,,type II toxin-antitoxin system YafQ family toxin,,
ATU_RS04615,,,type II toxin-antitoxin system RelB/DinJ family antitoxin,,
ATU_RS04620,,,class I SAM-dependent methyltransferase,methyltransferase activity|0008168||IEA,
ATU_RS04625,,,heavy metal translocating P-type ATPase,ATP binding|0005524||IEA,monoatomic cation transport|0006812||IEA
ATU_RS04630,cueR,,Cu(I)-responsive transcriptional regulator,DNA-binding transcription factor activity|0003700||IEA,regulation of DNA-templated transcription|0006355||IEA
ATU_RS04635,,,heavy-metal-associated domain-containing protein,metal ion binding|0046872||IEA,
ATU_RS04640,,,AbrB/MazE/SpoVT family DNA-binding domain-containing protein,DNA binding|0003677||IEA,
ATU_RS04645,,,type II toxin-antitoxin system PemK/MazF family toxin,DNA binding|0003677||IEA,
ATU_RS04650,,,hypothetical protein,,
ATU_RS04655,,,MFS transporter,transmembrane transporter activity|0022857||IEA,transmembrane transport|0055085||IEA
ATU_RS26520,,,hypothetical protein,,
ATU_RS04660,,,glycoside hydrolase family 32 protein,,
ATU_RS04665,,,YdiU family protein,,
ATU_RS04670,,,saccharopine dehydrogenase family protein,,
ATU_RS04675,,,Lrp/AsnC family transcriptional regulator,DNA binding|0003677||IEA,
ATU_RS04680,,,helix-turn-helix domain-containing protein,DNA binding|0003677||IEA,
ATU_RS04685,,,SDR family oxidoreductase,oxidoreductase activity,
ATU_RS04690,,,alpha/beta-hydrolase family protein,,
ATU_RS04695,,,hypothetical protein,,
ATU_RS04700,,,DNA-packaging protein,,
ATU_RS04705,,,chitinase,,
ATU_RS04710,,,Dabb family protein,,
ATU_RS04715,,,phage portal protein,structural molecule activity|0005198||IEA,virion assembly|0019068||IEA
ATU_RS04720,,,DUF6107 family protein,,
ATU_RS04725,,,HK97 family phage prohead protease,structural molecule activity|0005198||IEA,virion assembly|0019068||IEA
ATU_RS04730,,,phage major capsid protein,structural molecule activity|0005198||IEA,virion assembly|0019068||IEA
ATU_RS04735,,,head-tail connector protein,,viral process|0016032||IEA
ATU_RS04740,,,phage head closure protein,structural molecule activity|0005198||IEA,virion assembly|0019068||IEA
ATU_RS04745,,,DUF3168 domain-containing protein,,
ATU_RS04750,,,MFS transporter,transmembrane transporter activity|0022857||IEA,transmembrane transport|0055085||IEA
ATU_RS04755,,,phage major tail protein,structural molecule activity|0005198||IEA,virion assembly|0019068||IEA
ATU_RS04760,,,gene transfer agent family protein,,
ATU_RS04765,,,rcc01693 family protein,,
ATU_RS04770,,,DUF2442 domain-containing protein,,
ATU_RS04775,,,DUF4160 domain-containing protein,,
ATU_RS04780,,,phage tail tape measure protein,,
ATU_RS04785,,,TIGR02217 family protein,,
ATU_RS04790,,,DUF2163 domain-containing protein,,
ATU_RS04795,,,NlpC/P60 family protein,,
ATU_RS04800,,,glycoside hydrolase/phage tail family protein,,
ATU_RS04805,,,hypothetical protein,,
ATU_RS04810,,,hypothetical protein,,
ATU_RS04815,,,response regulator transcription factor,DNA binding|0003677||IEA,phosphorelay signal transduction system|0000160||IEA
ATU_RS04820,,,HAMP domain-containing sensor histidine kinase,phosphorelay response regulator activity|0000156||IEA,signal transduction|0007165||IEA
ATU_RS04825,,,lipA protein,,
ATU_RS04830,ccmI,,c-type cytochrome biogenesis protein CcmI,unfolded protein binding|0051082||IEA,cytochrome complex assembly|0017004||IEA
ATU_RS04835,ccmE,,cytochrome c maturation protein CcmE,heme binding|0020037||IEA,cytochrome complex assembly|0017004||IEA
ATU_RS04840,,,heme lyase CcmF/NrfE family subunit,,
ATU_RS04845,,,cytochrome c-type biogenesis protein CcmH,,
ATU_RS04850,,,Do family serine endopeptidase,serine-type endopeptidase activity|0004252||IEA,proteolysis|0006508||IEA
ATU_RS04855,,,response regulator transcription factor,DNA binding|0003677||IEA,phosphorelay signal transduction system|0000160||IEA
ATU_RS04860,,,HAMP domain-containing sensor histidine kinase,,
ATU_RS04865,,,MipA/OmpV family protein,protein-macromolecule adaptor activity|0030674||IEA,peptidoglycan biosynthetic process|0009252||IEA
ATU_RS04870,,,bifunctional [glutamine synthetase] adenylyltransferase/[glutamine synthetase]-adenylyl-L-tyrosine phosphorylase,[glutamate-ammonia-ligase] adenylyltransferase activity|0008882||IEA,
ATU_RS04875,,,PAS domain-containing sensor histidine kinase,,
ATU_RS04880,,,carboxymuconolactone decarboxylase family protein,peroxiredoxin activity|0051920||IEA,
ATU_RS04885,pepN,,aminopeptidase N,aminopeptidase activity|0004177||IEA,proteolysis|0006508||IEA
ATU_RS04890,,,DMT family transporter,transporter activity|0005215||IEA,transmembrane transport|0055085||IEA
ATU_RS04895,,,hypothetical protein,,
ATU_RS04900,,,uracil-DNA glycosylase family protein,uracil DNA N-glycosylase activity|0004844||IEA,DNA repair|0006281||IEA
ATU_RS04905,,,Hsp70 family protein,nucleotide binding|0000166||IEA,
ATU_RS04910,,,sensor domain-containing diguanylate cyclase,,
ATU_RS04915,,,SDR family oxidoreductase,,
ATU_RS04920,,,cation diffusion facilitator family transporter,,
ATU_RS04925,,,DMT family transporter,transporter activity|0005215||IEA,transmembrane transport|0055085||IEA
ATU_RS04930,,,TetR/AcrR family transcriptional regulator,DNA binding|0003677||IEA,regulation of DNA-templated transcription|0006355||IEA
ATU_RS04935,,,electron transfer flavoprotein-ubiquinone oxidoreductase,electron-transferring-flavoprotein dehydrogenase activity|0004174||IEA,electron transport chain|0022900||IEA
ATU_RS04940,,,pentapeptide repeat-containing protein,,
ATU_RS04945,,,zinc-binding alcohol dehydrogenase family protein,alcohol dehydrogenase activity,fermentation|0006113||IEA
ATU_RS04950,,,helix-turn-helix domain-containing protein,DNA binding|0003677||IEA,
ATU_RS04955,,,undecaprenyl-diphosphate phosphatase,undecaprenyl-diphosphatase activity|0050380||IEA,dephosphorylation|0016311||IEA
ATU_RS04960,mgtE,,magnesium transporter,magnesium ion transmembrane transporter activity|0015095||IEA,magnesium ion transport|0015693||IEA
ATU_RS04965,,,MFS transporter,transmembrane transporter activity|0022857||IEA,transmembrane transport|0055085||IEA
ATU_RS04970,,,diacylglycerol kinase family protein,,
ATU_RS04975,,,aspartate aminotransferase family protein,,
ATU_RS04980,,,OsmC family protein,,
ATU_RS04985,,,PIN domain nuclease,,
ATU_RS04990,,,type II toxin-antitoxin system VapB family antitoxin,,
ATU_RS04995,amn,,AMP nucleosidase,AMP nucleosidase activity|0008714||IEA,AMP metabolic process|0046033||IEA
ATU_RS05000,,,hypothetical protein,,
ATU_RS05005,,,hypothetical protein,,
ATU_RS05010,,,hypothetical protein,,
ATU_RS05015,,,DUF2147 domain-containing protein,,
ATU_RS05020,,,sel1 repeat family protein,,
ATU_RS05025,,,pyridoxal phosphate-dependent aminotransferase,transferase activity|0016740||IEA,
ATU_RS05030,,,hypothetical protein,,
ATU_RS05035,,,NAD(P)/FAD-dependent oxidoreductase,oxidoreductase activity|0016491||IEA,
ATU_RS05040,,,aldolase/citrate lyase family protein,,
ATU_RS26525,,,hypothetical protein,,
ATU_RS05045,,,hypothetical protein,,
ATU_RS05055,,,hypothetical protein,,
ATU_RS05060,,,porin,,
ATU_RS05065,,,porin,,
ATU_RS05070,,,lytic transglycosylase domain-containing protein,,
ATU_RS05080,dapA,,4-hydroxy-tetrahydrodipicolinate synthase,4-hydroxy-tetrahydrodipicolinate synthase activity|0008840||IEA,lysine biosynthetic process via diaminopimelate|0009089||IEA
ATU_RS05085,smpB,,SsrA-binding protein SmpB,RNA binding|0003723||IEA,
ATU_RS05090,,,globin-coupled sensor protein,oxygen binding|0019825||IEA,chemotaxis|0006935||IEA
ATU_RS05095,,,NYN domain-containing protein,,
ATU_RS05100,rpoZ,,DNA-directed RNA polymerase subunit omega,DNA-directed 5'-3' RNA polymerase activity|0003899||IEA,DNA-templated transcription|0006351||IEA
ATU_RS05105,,,bifunctional (p)ppGpp synthetase/guanosine-3',ATP binding|0005524||IEA,guanosine tetraphosphate biosynthetic process|0015970||IEA
ATU_RS05110,,,hypothetical protein,,
ATU_RS05115,,,DUF2062 domain-containing protein,,
ATU_RS05120,acpS,,holo-ACP synthase,holo-[acyl-carrier-protein] synthase activity|0008897||IEA,lipid biosynthetic process|0008610||IEA
ATU_RS05125,lepB,,signal peptidase I,serine-type endopeptidase activity|0004252||IEA,signal peptide processing|0006465||IEA
ATU_RS05130,rnc,,ribonuclease III,ribonuclease III activity|0004525||IEA,RNA processing|0006396||IEA
ATU_RS05135,era,,GTPase Era,RNA binding|0003723||IEA,
ATU_RS05140,,,Crp/Fnr family transcriptional regulator,DNA-binding transcription factor activity|0003700||IEA,regulation of DNA-templated transcription|0006355||IEA
ATU_RS05145,,,response regulator,,phosphorelay signal transduction system|0000160||IEA
ATU_RS05150,recO,,DNA repair protein RecO,DNA binding|0003677||IEA,DNA repair|0006281||IEA
ATU_RS05155,,,MFS transporter,transmembrane transporter activity|0022857||IEA,transmembrane transport|0055085||IEA
ATU_RS05160,,,bifunctional 2-polyprenyl-6-hydroxyphenol methylase/3-demethylubiquinol 3-O-methyltransferase UbiG,methyltransferase activity|0008168||IEA,
ATU_RS05165,,,MOSC domain-containing protein,,
ATU_RS05170,,,HD domain-containing protein,,
ATU_RS05175,,,DUF2339 domain-containing protein,,
ATU_RS05180,,,VOC family protein,,
ATU_RS05185,,,ABC transporter substrate-binding protein,,
ATU_RS05190,,,ABC transporter ATP-binding protein,ATP binding|0005524||IEA,
ATU_RS05195,,,ABC transporter permease,ATP binding|0005524||IEA,
ATU_RS05200,,,ZinT family metal-binding protein,,
ATU_RS05205,,,mechanosensitive ion channel family protein,mechanosensitive monoatomic ion channel activity|0008381||IEA,
ATU_RS05210,,,tyrosine phosphatase family protein,,
ATU_RS05215,,,YfbR-like 5'-deoxynucleotidase,,
ATU_RS05220,,,folate-binding protein YgfZ,,
ATU_RS05225,,,hypothetical protein,,
ATU_RS05230,,,hypothetical protein,,
ATU_RS05235,,,TIGR02301 family protein,,
ATU_RS05240,,,NUDIX hydrolase,,
ATU_RS05245,,,YnfA family protein,,
ATU_RS05250,,,SOS response-associated peptidase,single-stranded DNA binding|0003697||IEA,SOS response|0009432||IEA
ATU_RS05255,,,PleD family two-component system response regulator,,
ATU_RS26885,,,hypothetical protein,,
ATU_RS05260,pssA,,CDP-diacylglycerol--serine O-phosphatidyltransferase,CDP-diacylglycerol-serine O-phosphatidyltransferase activity|0003882||IEA,phospholipid biosynthetic process|0008654||IEA
ATU_RS05265,,,phosphatidylserine decarboxylase,,
ATU_RS05270,,,ABC transporter ATP-binding protein/permease,ATP binding|0005524||IEA,
ATU_RS05275,,,LysM peptidoglycan-binding domain-containing protein,,
ATU_RS05280,,,TIGR00730 family Rossman fold protein,,
ATU_RS05285,,,penicillin-binding protein 2,penicillin binding|0008658||IEA,peptidoglycan biosynthetic process|0009252||IEA
ATU_RS05290,rarD,,EamA family transporter RarD,transporter activity|0005215||IEA,transport|0006810||IEA
ATU_RS05295,pip,,prolyl aminopeptidase,aminopeptidase activity|0004177||IEA,protein catabolic process|0030163||IEA
ATU_RS05300,,,GFA family protein,metal ion binding|0046872||IEA,
ATU_RS05305,,,GFA family protein,metal ion binding|0046872||IEA,
ATU_RS05310,,,endonuclease domain-containing protein,DNA binding|0003677||IEA,
ATU_RS05315,cysS,,cysteine--tRNA ligase,cysteine-tRNA ligase activity|0004817||IEA,cysteinyl-tRNA aminoacylation|0006423||IEA
ATU_RS05320,,,SDR family NAD(P)-dependent oxidoreductase,,
ATU_RS05325,purF,,amidophosphoribosyltransferase,amidophosphoribosyltransferase activity|0004044||IEA,purine ribonucleotide biosynthetic process|0009152||IEA
ATU_RS05330,,,CvpA family protein,,
ATU_RS05335,radA,,DNA repair protein RadA,ATP binding|0005524||IEA,DNA repair|0006281||IEA
ATU_RS05340,,,type II toxin-antitoxin system RelE/ParE family toxin,DNA topoisomerase type II (double strand cut,plasmid partitioning|0030541||IEA
ATU_RS05345,,,type II toxin-antitoxin system ParD family antitoxin,,regulation of chromosome segregation|0051983||IEA
ATU_RS05350,alr,,alanine racemase,alanine racemase activity|0008784||IEA,peptidoglycan biosynthetic process|0009252||IEA
ATU_RS05355,,,AraC family transcriptional regulator,DNA-binding transcription factor activity|0003700||IEA,
ATU_RS05360,,,AzlC family ABC transporter permease,,amino acid transport|0006865||IEA
ATU_RS05365,,,AzlD family protein,,
ATU_RS05370,,,replicative DNA helicase,DNA helicase activity|0003678||IEA,DNA replication|0006260||IEA
ATU_RS05375,,,MarR family winged helix-turn-helix transcriptional regulator,DNA-binding transcription factor activity|0003700||IEA,regulation of DNA-templated transcription|0006355||IEA
ATU_RS05380,,,MFS transporter,transmembrane transporter activity|0022857||IEA,transmembrane transport|0055085||IEA
ATU_RS05385,,,HlyD family secretion protein,transmembrane transporter activity|0022857||IEA,transmembrane transport|0055085||IEA
ATU_RS05390,rplI,,50S ribosomal protein L9,structural constituent of ribosome|0003735||IEA,translation|0006412||IEA
ATU_RS05395,,,DUF2232 domain-containing protein,,
ATU_RS05400,rpsR,,30S ribosomal protein S18,structural constituent of ribosome|0003735||IEA,translation|0006412||IEA
ATU_RS05405,rpsF,,30S ribosomal protein S6,structural constituent of ribosome|0003735||IEA,translation|0006412||IEA
ATU_RS05410,,,aldo/keto reductase,,
ATU_RS05415,fabD,,ACP S-malonyltransferase,[acyl-carrier-protein] S-malonyltransferase activity|0004314||IEA,fatty acid biosynthetic process|0006633||IEA
ATU_RS05420,fabG,,3-oxoacyl-[acyl-carrier-protein] reductase,3-oxoacyl-[acyl-carrier-protein] reductase (NADPH) activity|0004316||IEA,fatty acid biosynthetic process|0006633||IEA
ATU_RS05425,,,acyl carrier protein,,fatty acid biosynthetic process|0006633||IEA
ATU_RS05430,fabF,,beta-ketoacyl-ACP synthase II,3-oxoacyl-[acyl-carrier-protein] synthase activity|0004315||IEA,fatty acid biosynthetic process|0006633||IEA
ATU_RS05435,mltG,,endolytic transglycosylase MltG,lytic endotransglycosylase activity|0008932||IEA,peptidoglycan biosynthetic process|0009252||IEA
ATU_RS05440,,,YicC/YloC family endoribonuclease,hydrolase activity,
ATU_RS05445,gmk,,guanylate kinase,guanylate kinase activity|0004385||IEA,nucleobase-containing small molecule interconversion|0015949||IEA
ATU_RS05450,,,alpha/beta hydrolase,,
ATU_RS05455,rsmA,,16S rRNA (adenine(1518)-N(6)/adenine(1519)-N(6))-dimethyltransferase RsmA,rRNA (adenine-N6,
ATU_RS05460,pdxA,,4-hydroxythreonine-4-phosphate dehydrogenase PdxA,4-hydroxythreonine-4-phosphate dehydrogenase activity|0050570||IEA,pyridoxal phosphate biosynthetic process|0042823||IEA
ATU_RS05465,,,peptidylprolyl isomerase,,
ATU_RS05470,,,LPS-assembly protein LptD,,
ATU_RS05475,lptG,,LPS export ABC transporter permease LptG,lipopolysaccharide transmembrane transporter activity|0015221||IEA,lipopolysaccharide transport|0015920||IEA
ATU_RS05480,,,LptF/LptG family permease,ATPase-coupled transmembrane transporter activity|0042626||IEA,
ATU_RS05485,,,leucyl aminopeptidase,manganese ion binding|0030145||IEA,proteolysis|0006508||IEA
ATU_RS05490,,,DNA polymerase III subunit chi,DNA binding|0003677||IEA,DNA replication|0006260||IEA
ATU_RS05495,,,diguanylate cyclase,protein binding|0005515||IEA,
ATU_RS05500,,,Gfo/Idh/MocA family protein,oxidoreductase activity|0016491||IEA,
ATU_RS05505,,,GGDEF domain-containing phosphodiesterase,cyclic-guanylate-specific phosphodiesterase activity|0071111||IEA,
ATU_RS05510,,,sensor histidine kinase,,
ATU_RS05515,,,response regulator transcription factor,,
ATU_RS05520,,,heme-binding protein,,
ATU_RS05525,,,ABC-F family ATP-binding cassette domain-containing protein,ATP binding|0005524||IEA,
ATU_RS05530,,,GGDEF domain-containing protein,,
ATU_RS05535,,,glutathione S-transferase family protein,,
ATU_RS05540,ndk,,nucleoside-diphosphate kinase,nucleoside diphosphate kinase activity|0004550||IEA,
ATU_RS05545,,,hypothetical protein,,
ATU_RS05550,,,CGNR zinc finger domain-containing protein,,
ATU_RS05555,,,branched-chain amino acid ABC transporter permease,branched-chain amino acid transmembrane transporter activity|0015658||IEA,
ATU_RS05560,,,molybdenum cofactor biosynthesis protein MoaE,,
ATU_RS05565,moaD,,molybdopterin converting factor subunit 1,catalytic activity|0003824||IEA,Mo-molybdopterin cofactor biosynthetic process|0006777||IEA
ATU_RS05570,pgsA,,CDP-diacylglycerol--glycerol-3-phosphate 3-phosphatidyltransferase,CDP-diacylglycerol-glycerol-3-phosphate 3-phosphatidyltransferase activity|0008444||IEA,phospholipid biosynthetic process|0008654||IEA
ATU_RS05575,uvrC,,excinuclease ABC subunit UvrC,excinuclease ABC activity|0009381||IEA,nucleotide-excision repair|0006289||IEA
ATU_RS05580,,,SDR family oxidoreductase,oxidoreductase activity|0016491||IEA,
ATU_RS05585,,,outer membrane protein,,
ATU_RS05590,,,glutathione S-transferase,,
ATU_RS05595,,,ribonuclease,,
ATU_RS05600,,,lysylphosphatidylglycerol synthase domain-containing protein,,
ATU_RS05605,,,23S rRNA (adenine(2030)-N(6))-methyltransferase RlmJ,rRNA (adenine-N6-)-methyltransferase activity|0008988||IEA,rRNA base methylation|0070475||IEA
ATU_RS05610,,,molybdopterin-dependent oxidoreductase,,
ATU_RS05615,,,NUDIX domain-containing protein,hydrolase activity|0016787||IEA,
ATU_RS05620,,,omptin family outer membrane protease,endopeptidase activity|0004175||IEA,proteolysis|0006508||IEA
ATU_RS05625,purN,,phosphoribosylglycinamide formyltransferase,phosphoribosylglycinamide formyltransferase activity|0004644||IEA,purine ribonucleotide biosynthetic process|0009152||IEA
ATU_RS05630,purM,,phosphoribosylformylglycinamidine cyclo-ligase,phosphoribosylformylglycinamidine cyclo-ligase activity|0004641||IEA,'de novo' IMP biosynthetic process|0006189||IEA
ATU_RS05635,,,AI-2E family transporter,efflux transmembrane transporter activity|0015562||IEA,autoinducer AI-2 transmembrane transport|1905887||IEA
ATU_RS05640,hdaA,,DnaA regulatory inactivator HdaA,,
ATU_RS05645,,,RNA degradosome polyphosphate kinase,polyphosphate kinase activity|0008976||IEA,polyphosphate biosynthetic process|0006799||IEA
ATU_RS05650,ppx,,exopolyphosphatase,magnesium ion binding|0000287||IEA,polyphosphate catabolic process|0006798||IEA
ATU_RS05655,,,DapH/DapD/GlmU-related protein,,
ATU_RS05660,,,hypothetical protein,,
ATU_RS05665,,,hypothetical protein,,
ATU_RS05670,,,esterase-like activity of phytase family protein,,
ATU_RS05675,,,adenylate/guanylate cyclase domain-containing protein,cyclase activity|0009975||IEA,
ATU_RS05680,,,hypothetical protein,,
ATU_RS05685,rnd,,ribonuclease D,RNA endonuclease activity,RNA processing|0006396||IEA
ATU_RS05690,,,MFS transporter,transmembrane transporter activity|0022857||IEA,transmembrane transport|0055085||IEA
ATU_RS05695,aspS,,aspartate--tRNA ligase,nucleotide binding|0000166||IEA,tRNA aminoacylation for protein translation|0006418||IEA
ATU_RS05700,,,FUSC family protein,,
ATU_RS05705,creD,,cell envelope integrity protein CreD,,
ATU_RS05710,,,SulP family inorganic anion transporter,inorganic anion transmembrane transporter activity|0015103||IEA,
ATU_RS05715,,,hypothetical protein,,
ATU_RS05720,parC,,DNA topoisomerase IV subunit A,DNA topoisomerase type II (double strand cut,DNA topological change|0006265||IEA
ATU_RS05725,,,arginyltransferase,arginyl-tRNA--protein transferase activity|0004057||IEA,protein arginylation|0016598||IEA
ATU_RS05730,,,RDD family protein,,
ATU_RS05735,hemB,,porphobilinogen synthase,catalytic activity|0003824||IEA,tetrapyrrole biosynthetic process|0033014||IEA
ATU_RS05740,,,DUF6163 family protein,,
ATU_RS05745,,,transcriptional regulator LdtR,DNA-binding transcription factor activity|0003700||IEA,regulation of DNA-templated transcription|0006355||IEA
ATU_RS05750,,,murein L,,
ATU_RS05755,glyA,,serine hydroxymethyltransferase,glycine hydroxymethyltransferase activity|0004372||IEA,glycine biosynthetic process from serine|0019264||IEA
ATU_RS05760,nrdR,,transcriptional regulator NrdR,transcription regulator activity|0140110||IEA,regulation of DNA-templated transcription|0006355||IEA
ATU_RS05765,ribD,,bifunctional diaminohydroxyphosphoribosylaminopyrimidine deaminase/5-amino-6-(5-phosphoribosylamino)uracil reductase RibD,5-amino-6-(5-phosphoribosylamino)uracil reductase activity|0008703||IEA,
ATU_RS05770,,,riboflavin synthase,,
ATU_RS05775,,,LysE family translocator,,
ATU_RS05780,,,6,6,
ATU_RS05785,nusB,,transcription antitermination factor NusB,,regulation of DNA-templated transcription|0006355||IEA
ATU_RS05790,,,MFS transporter,transmembrane transporter activity|0022857||IEA,transmembrane transport|0055085||IEA
ATU_RS05795,,,sodium-translocating pyrophosphatase,diphosphate hydrolysis-driven proton transmembrane transporter activity|0009678||IEA,proton transmembrane transport|1902600||IEA
ATU_RS05800,,,outer membrane protein assembly factor BamE,,
ATU_RS05805,,,ubiquinol-cytochrome C chaperone family protein,,
ATU_RS05810,,,DUF177 domain-containing protein,,
ATU_RS05815,plsX,,phosphate acyltransferase PlsX,phosphate:acyl-[acyl carrier protein] acyltransferase activity|0043811||IEA,lipid biosynthetic process|0008610||IEA
ATU_RS05820,,,beta-ketoacyl-ACP synthase III,3-oxoacyl-[acyl-carrier-protein] synthase activity|0004315||IEA,fatty acid biosynthetic process|0006633||IEA
ATU_RS05825,,,integration host factor subunit alpha,DNA binding|0003677||IEA,DNA recombination|0006310||IEA
ATU_RS05830,,,MerR family transcriptional regulator,DNA binding|0003677||IEA,
ATU_RS05835,,,thermonuclease family protein,,
ATU_RS05840,,,DNA-directed RNA polymerase,DNA binding|0003677||IEA,DNA-templated transcription|0006351||IEA
ATU_RS05845,,,hypothetical protein,,
ATU_RS05850,,,phage tail fiber protein,,
ATU_RS05855,,,hypothetical protein,,
ATU_RS05860,,,hypothetical protein,,
ATU_RS05865,,,hypothetical protein,,
ATU_RS05875,,,antirestriction protein ArdA,,
ATU_RS05885,,,hypothetical protein,,
ATU_RS26890,,,hypothetical protein,,
ATU_RS05890,,,MarR family winged helix-turn-helix transcriptional regulator,DNA binding|0003677||IEA,
ATU_RS05900,,,site-specific integrase,DNA binding|0003677||IEA,DNA recombination|0006310||IEA
ATU_RS05905,,,heavy metal translocating P-type ATPase,ATP binding|0005524||IEA,monoatomic cation transport|0006812||IEA
ATU_RS05910,,,2Fe-2S iron-sulfur cluster-binding protein,electron transfer activity|0009055||IEA,
ATU_RS05915,cueR,,Cu(I)-responsive transcriptional regulator,DNA-binding transcription factor activity|0003700||IEA,regulation of DNA-templated transcription|0006355||IEA
ATU_RS05920,,,ABC transporter permease,,transmembrane transport|0055085||IEA
ATU_RS05925,,,ABC transporter permease,ATPase-coupled transmembrane transporter activity|0042626||IEA,
ATU_RS05930,,,ABC transporter ATP-binding protein,ATP binding|0005524||IEA,
ATU_RS05935,,,ABC transporter ATP-binding protein,ATP binding|0005524||IEA,
ATU_RS05940,,,ABC transporter substrate-binding protein,,
ATU_RS05945,,,heavy-metal-associated domain-containing protein,metal ion binding|0046872||IEA,
ATU_RS05950,,,TrkH family potassium uptake protein,potassium ion transmembrane transporter activity|0015079||IEA,
ATU_RS05955,ilvA,,threonine ammonia-lyase,,
ATU_RS05960,,,HlyU family transcriptional regulator,,
ATU_RS05965,,,diguanylate cyclase,GTP binding|0005525||IEA,
ATU_RS05970,,,FMN-dependent NADH-azoreductase,,
ATU_RS05975,,,LysR family transcriptional regulator,DNA-binding transcription factor activity|0003700||IEA,regulation of DNA-templated transcription|0006355||IEA
ATU_RS05980,,,bifunctional 2',nucleotide binding|0000166||IEA,nucleotide catabolic process|0009166||IEA
ATU_RS05985,,,PilZ domain-containing protein,cyclic-di-GMP binding|0035438||IEA,
ATU_RS05990,,,DUF1203 domain-containing protein,,
ATU_RS05995,,,DUF4344 domain-containing metallopeptidase,,
ATU_RS06000,,,dihydrofolate reductase family protein,,
ATU_RS06005,sseA,,3-mercaptopyruvate sulfurtransferase,thiosulfate sulfurtransferase activity|0004792||IEA,
ATU_RS06010,,,alanyl-tRNA editing protein,,
ATU_RS06015,,,cysteine synthase A,,
ATU_RS06020,,,deoxyribodipyrimidine photo-lyase,DNA binding|0003677||IEA,DNA repair|0006281||IEA
ATU_RS06025,,,DUF982 domain-containing protein,,
ATU_RS06030,,,methylated-DNA--[protein]-cysteine S-methyltransferase,DNA binding|0003677||IEA,
ATU_RS06035,,,TIGR02594 family protein,,
ATU_RS06040,,,hypothetical protein,,
ATU_RS06045,,,DUF2934 domain-containing protein,,
ATU_RS06055,,,hypothetical protein,,
ATU_RS06060,,,exopolysaccharide biosynthesis protein,,
ATU_RS06065,,,YqaA family protein,,
ATU_RS06070,,,dual specificity protein phosphatase family protein,,
ATU_RS06075,,,hypothetical protein,,
ATU_RS06080,,,hypothetical protein,,
ATU_RS06090,,,DUF1269 domain-containing protein,,
ATU_RS06095,,,hypothetical protein,,
ATU_RS26530,,,hypothetical protein,,
ATU_RS06100,uppF,,polysaccharide biosynthesis O-antigen ligase family protein UppF,,
ATU_RS06105,uppE,,polysaccharide biosynthesis glycosyltransferase UppE,,
ATU_RS06110,uppD,,polysaccharide biosynthesis type 4 glycosyltransferase UppD,,
ATU_RS06115,uppC,,polysaccharide export protein UppC,,
ATU_RS06120,uppB,,polysaccharide biosynthesis protein UppB,,
ATU_RS06125,uppA,,polysaccharide biosynthesis GNAT family N-acetyltransferase UppA,,
ATU_RS06130,,,DUF2842 domain-containing protein,,
ATU_RS06135,,,COX15/CtaA family protein,,
ATU_RS06140,,,aminoglycoside phosphotransferase family protein,,
ATU_RS06145,argC,,N-acetyl-gamma-glutamyl-phosphate reductase,N-acetyl-gamma-glutamyl-phosphate reductase activity|0003942||IEA,ornithine biosynthetic process|0006592||IEA
ATU_RS06150,speB,,agmatinase,agmatinase activity|0008783||IEA,spermidine biosynthetic process|0008295||IEA
ATU_RS06155,rpsI,,30S ribosomal protein S9,structural constituent of ribosome|0003735||IEA,translation|0006412||IEA
ATU_RS06160,rplM,,50S ribosomal protein L13,structural constituent of ribosome|0003735||IEA,translation|0006412||IEA
ATU_RS06165,,,EamA family transporter,,
ATU_RS06170,,,CoA-binding protein,coenzyme A binding|0120225||IEA,
ATU_RS06175,,,O-acetylhomoserine aminocarboxypropyltransferase,transferase activity,amino acid metabolic process|0006520||IEA
ATU_RS06180,,,hypothetical protein,,
ATU_RS06185,,,cupin domain-containing protein,,
ATU_RS06190,,,transcriptional regulator,DNA binding|0003677||IEA,
ATU_RS06195,,,SDR family NAD(P)-dependent oxidoreductase,,
ATU_RS06200,,,cytochrome P450,,
ATU_RS06205,,,diguanylate cyclase,GTP binding|0005525||IEA,
ATU_RS06210,clpP,,ATP-dependent Clp endopeptidase proteolytic subunit ClpP,ATP-dependent peptidase activity|0004176||IEA,proteolysis|0006508||IEA
ATU_RS06215,clpX,,ATP-dependent Clp protease ATP-binding subunit ClpX,ATP binding|0005524||IEA,
ATU_RS06220,lon,,endopeptidase La,ATP-dependent peptidase activity|0004176||IEA,proteolysis|0006508||IEA
ATU_RS06225,hupB,,DNA-binding protein HupB,,
ATU_RS06230,,,esterase-like activity of phytase family protein,,
ATU_RS26895,,,hypothetical protein,,
ATU_RS06250,,,NADH-quinone oxidoreductase subunit A,oxidoreductase activity,
ATU_RS06255,,,NADH-quinone oxidoreductase subunit B family protein,oxidoreductase activity,
ATU_RS06260,,,NADH-quinone oxidoreductase subunit C,NADH dehydrogenase (ubiquinone) activity|0008137||IEA,
ATU_RS06265,,,GFA family protein,metal ion binding|0046872||IEA,
ATU_RS06270,,,NADH-quinone oxidoreductase subunit D,oxidoreductase activity,
ATU_RS06275,,,hypothetical protein,,
ATU_RS06280,,,NADH-quinone oxidoreductase subunit E,oxidoreductase activity|0016491||IEA,
ATU_RS06285,nuoF,,NADH-quinone oxidoreductase subunit NuoF,NADH dehydrogenase (ubiquinone) activity|0008137||IEA,
ATU_RS06290,nuoG,,NADH-quinone oxidoreductase subunit NuoG,NADH dehydrogenase (quinone) activity|0050136||IEA,mitochondrial electron transport
ATU_RS06295,nuoH,,NADH-quinone oxidoreductase subunit NuoH,oxidoreductase activity,
ATU_RS06300,nuoI,,NADH-quinone oxidoreductase subunit NuoI,oxidoreductase activity,
ATU_RS06305,,,NADH-quinone oxidoreductase subunit J,NADH dehydrogenase (ubiquinone) activity|0008137||IEA,
ATU_RS06310,nuoK,,NADH-quinone oxidoreductase subunit NuoK,oxidoreductase activity,ATP synthesis coupled electron transport|0042773||IEA
ATU_RS06315,nuoL,,NADH-quinone oxidoreductase subunit L,NADH dehydrogenase (ubiquinone) activity|0008137||IEA,ATP synthesis coupled electron transport|0042773||IEA
ATU_RS06320,,,NADH-quinone oxidoreductase subunit M,NADH dehydrogenase (ubiquinone) activity|0008137||IEA,ATP synthesis coupled electron transport|0042773||IEA
ATU_RS06325,nuoN,,NADH-quinone oxidoreductase subunit NuoN,NADH dehydrogenase (ubiquinone) activity|0008137||IEA,ATP synthesis coupled electron transport|0042773||IEA
ATU_RS06330,,,biotin--[acetyl-CoA-carboxylase] ligase,biotin-[acetyl-CoA-carboxylase] ligase activity|0004077||IEA,protein modification process|0036211||IEA
ATU_RS06335,,,ribonuclease J,RNA binding|0003723||IEA,
ATU_RS06340,,,DUF1467 family protein,,
ATU_RS06345,proS,,proline--tRNA ligase,proline-tRNA ligase activity|0004827||IEA,prolyl-tRNA aminoacylation|0006433||IEA
ATU_RS06350,,,lipoprotein-releasing ABC transporter permease subunit,,lipoprotein transport|0042953||IEA
ATU_RS06355,,,ABC transporter ATP-binding protein,ATP binding|0005524||IEA,
ATU_RS06360,dnaE,,DNA polymerase III subunit alpha,nucleic acid binding|0003676||IEA,DNA replication|0006260||IEA
ATU_RS06365,,,L,transferase activity|0016740||IEA,
ATU_RS06370,,,DNA polymerase IV,damaged DNA binding|0003684||IEA,DNA repair|0006281||IEA
ATU_RS06375,,,DUF3572 domain-containing protein,,
ATU_RS06380,,,response regulator,,
ATU_RS06385,,,PleD family two-component system response regulator,,phosphorelay signal transduction system|0000160||IEA
ATU_RS06390,rpmG,,50S ribosomal protein L33,structural constituent of ribosome|0003735||IEA,translation|0006412||IEA
ATU_RS06395,,,MFS transporter,transmembrane transporter activity|0022857||IEA,transmembrane transport|0055085||IEA
ATU_RS06400,,,NUDIX hydrolase,metal ion binding|0046872||IEA,
ATU_RS06405,,,DUF983 domain-containing protein,,
ATU_RS06410,rnr,,ribonuclease R,ribonuclease R activity|0008997||IEA,RNA catabolic process|0006401||IEA
ATU_RS06415,topA,,type I DNA topoisomerase,DNA binding|0003677||IEA,DNA replication|0006260||IEA
ATU_RS06420,,,hypothetical protein,,
ATU_RS06425,dprA,,DNA-processing protein DprA,,DNA-mediated transformation|0009294||IEA
ATU_RS06430,plsY,,glycerol-3-phosphate 1-O-acyltransferase PlsY,O-acyltransferase activity|0008374||IEA,phosphatidic acid biosynthetic process|0006654||IEA
ATU_RS06435,,,dihydroorotase,dihydroorotase activity|0004151||IEA,pyrimidine nucleotide biosynthetic process|0006221||IEA
ATU_RS06440,,,aspartate carbamoyltransferase catalytic subunit,aspartate carbamoyltransferase activity|0004070||IEA,'de novo' pyrimidine nucleobase biosynthetic process|0006207||IEA
ATU_RS06445,,,hypothetical protein,,
ATU_RS06450,,,acyl-CoA dehydrogenase family protein,oxidoreductase activity,
ATU_RS06455,,,GNAT family N-acetyltransferase,N-acetyltransferase activity|0008080||IEA,
ATU_RS06460,,,type II toxin-antitoxin system ParD family antitoxin,,regulation of chromosome segregation|0051983||IEA
ATU_RS06465,,,type II toxin-antitoxin system RelE/ParE family toxin,DNA topoisomerase type II (double strand cut,plasmid partitioning|0030541||IEA
ATU_RS06470,,,TetR/AcrR family transcriptional regulator,DNA binding|0003677||IEA,regulation of DNA-templated transcription|0006355||IEA
ATU_RS06475,,,hypothetical protein,,
ATU_RS06480,,,DUF6105 family protein,,
ATU_RS06485,ruvX,,Holliday junction resolvase RuvX,molecular_function|0003674||IEA,biological_process|0008150||IEA
ATU_RS06490,,,alkylphosphonate utilization protein,,
ATU_RS06495,,,metal-dependent hydrolase,,
ATU_RS06500,gatC,,Asp-tRNA(Asn)/Glu-tRNA(Gln) amidotransferase subunit GatC,glutaminyl-tRNA synthase (glutamine-hydrolyzing) activity|0050567||IEA,glutamyl-tRNA aminoacylation|0006424||IEA
ATU_RS06505,gatA,,Asp-tRNA(Asn)/Glu-tRNA(Gln) amidotransferase subunit GatA,glutaminyl-tRNA synthase (glutamine-hydrolyzing) activity|0050567||IEA,glutamyl-tRNA aminoacylation|0006424||IEA
ATU_RS06510,,,N-acetyltransferase,N-acetyltransferase activity|0008080||IEA,
ATU_RS06515,,,YjhX family toxin,,
ATU_RS06520,,,GNAT family N-acetyltransferase,N-acetyltransferase activity|0008080||IEA,
ATU_RS06525,,,DUF1294 domain-containing protein,,
ATU_RS06530,gatB,,Asp-tRNA(Asn)/Glu-tRNA(Gln) amidotransferase subunit GatB,carbon-nitrogen ligase activity,
ATU_RS06535,,,GNAT family N-acetyltransferase,N-acetyltransferase activity|0008080||IEA,
ATU_RS06540,,,GNAT family N-acetyltransferase,N-acetyltransferase activity|0008080||IEA,
ATU_RS06545,,,NADH:ubiquinone oxidoreductase subunit NDUFA12,,NADH dehydrogenase complex assembly|0010257||IEA
ATU_RS06550,,,DUF2155 domain-containing protein,,
ATU_RS06555,aat,,leucyl/phenylalanyl-tRNA--protein transferase,leucyl-tRNA--protein transferase activity|0008914||IEA,proteolysis|0006508||IEA
ATU_RS06560,accC,,acetyl-CoA carboxylase biotin carboxylase subunit,acetyl-CoA carboxylase activity|0003989||IEA,fatty acid biosynthetic process|0006633||IEA
ATU_RS06565,accB,,acetyl-CoA carboxylase biotin carboxyl carrier protein,acetyl-CoA carboxylase activity|0003989||IEA,fatty acid biosynthetic process|0006633||IEA
ATU_RS06570,aroQ,,type II 3-dehydroquinate dehydratase,3-dehydroquinate dehydratase activity|0003855||IEA,chorismate biosynthetic process|0009423||IEA
ATU_RS06575,,,DsbA family protein,,
ATU_RS06580,,,pyridoxal phosphate-dependent aminotransferase,pyridoxal phosphate binding|0030170||IEA,biosynthetic process|0009058||IEA
ATU_RS06585,,,helix-turn-helix transcriptional regulator,DNA binding|0003677||IEA,
ATU_RS06590,,,NIPSNAP family protein,,
ATU_RS06595,,,antibiotic biosynthesis monooxygenase,monooxygenase activity|0004497||IEA,
ATU_RS06600,,,SDR family oxidoreductase,,
ATU_RS06605,,,ribonuclease E/G,,
ATU_RS26535,,,hypothetical protein,,
ATU_RS06610,,,N-acetylmuramoyl-L-alanine amidase,,
ATU_RS06615,,,penicillin-binding protein 1A,,
ATU_RS06620,prfB,,peptide chain release factor 2,,
ATU_RS06625,,,cysteine hydrolase family protein,,
ATU_RS06630,,,hypothetical protein,,
ATU_RS06635,,,NAD kinase,NAD+ kinase activity|0003951||IEA,NADP biosynthetic process|0006741||IEA
ATU_RS06640,,,PhzF family phenazine biosynthesis protein,isomerase activity|0016853||IEA,biosynthetic process|0009058||IEA
ATU_RS06645,,,translation factor GTPase family protein,,
ATU_RS06650,,,hypothetical protein,,
ATU_RS06655,,,Hpt domain-containing protein,,phosphorelay signal transduction system|0000160||IEA
ATU_RS06660,,,2Fe-2S iron-sulfur cluster-binding protein,electron transfer activity|0009055||IEA,
ATU_RS06665,,,DUF922 domain-containing Zn-dependent protease,,
ATU_RS06670,folP,,dihydropteroate synthase,dihydropteroate synthase activity|0004156||IEA,folic acid-containing compound biosynthetic process|0009396||IEA
ATU_RS06675,folB,,dihydroneopterin aldolase,dihydroneopterin aldolase activity|0004150||IEA,folic acid-containing compound metabolic process|0006760||IEA
ATU_RS06680,folK,,2-amino-4-hydroxy-6-hydroxymethyldihydropteridine diphosphokinase,2-amino-4-hydroxy-6-hydroxymethyldihydropteridine diphosphokinase activity|0003848||IEA,folic acid-containing compound biosynthetic process|0009396||IEA
ATU_RS06685,,,hypothetical protein,,
ATU_RS06690,,,YcjF family protein,,
ATU_RS06695,,,YcjX family protein,,
ATU_RS06700,,,histidine phosphatase family protein,,
ATU_RS06705,dksA,,RNA polymerase-binding protein DksA,enzyme binding|0019899||IEA,regulation of DNA-templated transcription|0006355||IEA
ATU_RS06710,,,flagellar biosynthetic protein FliO,,bacterial-type flagellum organization|0044781||IEA
ATU_RS06715,,,hypothetical protein,,
ATU_RS06720,,,cell cycle histidine kinase CckA,,
ATU_RS06725,clpS,,ATP-dependent Clp protease adapter ClpS,,proteolysis|0006508||IEA
ATU_RS06730,clpA,,ATP-dependent Clp protease ATP-binding subunit ClpA,ATP-dependent peptidase activity|0004176||IEA,proteolysis|0006508||IEA
ATU_RS06735,,,AzlC family ABC transporter permease,ATPase-coupled transmembrane transporter activity|0042626||IEA,
ATU_RS06740,,,AzlD domain-containing protein,,
ATU_RS06745,,,LysR substrate-binding domain-containing protein,,
ATU_RS06750,,,DUF1989 domain-containing protein,,
ATU_RS06755,,,HIT family protein,S-adenosyl-L-methionine binding|1904047||IEA,
ATU_RS06760,,,GNAT family N-acetyltransferase,,
ATU_RS06765,,,glycerophosphodiester phosphodiesterase,,
ATU_RS06770,,,RidA family protein,,
ATU_RS06775,,,cell envelope integrity EipB family protein,,
ATU_RS06780,rpsB,,30S ribosomal protein S2,structural constituent of ribosome|0003735||IEA,translation|0006412||IEA
ATU_RS06785,tsf,,translation elongation factor Ts,translation elongation factor activity|0003746||IEA,translational elongation|0006414||IEA
ATU_RS06790,pyrH,,UMP kinase,UMP kinase activity|0033862||IEA,nucleobase-containing small molecule interconversion|0015949||IEA
ATU_RS06795,frr,,ribosome recycling factor,translation factor activity,translation|0006412||IEA
ATU_RS06800,,,isoprenyl transferase,transferase activity,
ATU_RS06805,,,phosphatidate cytidylyltransferase,,
ATU_RS06810,rseP,,RIP metalloprotease RseP,metalloendopeptidase activity|0004222||IEA,proteolysis|0006508||IEA
ATU_RS06815,bamA,,outer membrane protein assembly factor BamA,,
ATU_RS06820,lpxD,,UDP-3-O-(3-hydroxymyristoyl)glucosamine N-acyltransferase,N-acyltransferase activity|0016410||IEA,lipid A biosynthetic process|0009245||IEA
ATU_RS06825,fabZ,,3-hydroxyacyl-ACP dehydratase FabZ,,
ATU_RS06830,lpxA,,acyl-ACP--UDP-N-acetylglucosamine O-acyltransferase,acyl-[acyl-carrier-protein]-UDP-N-acetylglucosamine O-acyltransferase activity|0008780||IEA,lipid biosynthetic process|0008610||IEA
ATU_RS06835,,,LpxI family protein,,
ATU_RS06840,lpxB,,lipid-A-disaccharide synthase,lipid-A-disaccharide synthase activity|0008915||IEA,lipid A biosynthetic process|0009245||IEA
ATU_RS06845,,,GntR family transcriptional regulator,DNA-binding transcription factor activity|0003700||IEA,
ATU_RS06850,,,transporter substrate-binding domain-containing protein,,
ATU_RS06855,,,amino acid ABC transporter permease,ATPase-coupled transmembrane transporter activity|0042626||IEA,amino acid transport|0006865||IEA
ATU_RS06860,,,amino acid ABC transporter permease,ATPase-coupled transmembrane transporter activity|0042626||IEA,amino acid transport|0006865||IEA
ATU_RS06865,,,amino acid ABC transporter ATP-binding protein,ATP binding|0005524||IEA,
ATU_RS06870,gltA,,citrate synthase,citrate (Si)-synthase activity|0004108||IEA,tricarboxylic acid cycle|0006099||IEA
ATU_RS06875,,,ComEC/Rec2 family competence protein,,
ATU_RS06880,,,glutathione S-transferase family protein,,
ATU_RS06885,lexA,,transcriptional repressor LexA,serine-type endopeptidase activity|0004252||IEA,regulation of DNA repair|0006282||IEA
ATU_RS06890,,,amino acid ABC transporter ATP-binding protein,ATP binding|0005524||IEA,
ATU_RS06895,,,amino acid ABC transporter permease,ATPase-coupled transmembrane transporter activity|0042626||IEA,amino acid transport|0006865||IEA
ATU_RS06900,,,amino acid ABC transporter permease,ATPase-coupled transmembrane transporter activity|0042626||IEA,amino acid transport|0006865||IEA
ATU_RS06905,,,transporter substrate-binding domain-containing protein,,
ATU_RS06910,,,2-hydroxyacid dehydrogenase,,
ATU_RS06915,,,ABC transporter ATP-binding protein,ATP binding|0005524||IEA,
ATU_RS06920,,,carbohydrate ABC transporter permease,,carbohydrate transport|0008643||IEA
ATU_RS06925,,,carbohydrate ABC transporter permease,ATPase-coupled transmembrane transporter activity|0042626||IEA,
ATU_RS06930,,,sugar ABC transporter substrate-binding protein,ATPase-coupled transmembrane transporter activity|0042626||IEA,
ATU_RS06935,,,GntR family transcriptional regulator,DNA-binding transcription factor activity|0003700||IEA,
ATU_RS06940,,,mandelate racemase/muconate lactonizing enzyme family protein,,
ATU_RS06945,,,SDR family oxidoreductase,,
ATU_RS06950,,,L-idonate 5-dehydrogenase,,
ATU_RS06955,,,ureidoglycolate lyase,,
ATU_RS06960,,,ABC transporter ATP-binding protein,ATP binding|0005524||IEA,
ATU_RS06965,,,ATP-binding cassette domain-containing protein,ATP binding|0005524||IEA,
ATU_RS06970,,,branched-chain amino acid ABC transporter permease,branched-chain amino acid transmembrane transporter activity|0015658||IEA,
ATU_RS06975,,,ABC transporter substrate-binding protein,,
ATU_RS06980,,,acyl-CoA dehydrogenase family protein,oxidoreductase activity,
ATU_RS06985,,,SDR family NAD(P)-dependent oxidoreductase,,
ATU_RS06990,,,AMP-binding protein,,
ATU_RS06995,,,crotonase/enoyl-CoA hydratase family protein,,
ATU_RS07000,,,methylenetetrahydrofolate reductase,,
ATU_RS07005,,,GntR family transcriptional regulator,DNA-binding transcription factor activity|0003700||IEA,
ATU_RS07010,,,aminomethyltransferase family protein,,
ATU_RS07015,,,4-hydroxyphenyl-beta-ketoacyl-CoA hydrolase,,
ATU_RS07020,,,MarR family winged helix-turn-helix transcriptional regulator,DNA-binding transcription factor activity|0003700||IEA,regulation of DNA-templated transcription|0006355||IEA
ATU_RS07025,,,VOC family protein,,
ATU_RS07030,kdsA,,3-deoxy-8-phosphooctulonate synthase,3-deoxy-8-phosphooctulonate synthase activity|0008676||IEA,biosynthetic process|0009058||IEA
ATU_RS07035,eno,,phosphopyruvate hydratase,phosphopyruvate hydratase activity|0004634||IEA,glycolytic process|0006096||IEA
ATU_RS07040,,,septum formation initiator family protein,,
ATU_RS07045,pdhA,,pyruvate dehydrogenase (acetyl-transferring) E1 component subunit alpha,pyruvate dehydrogenase (acetyl-transferring) activity|0004739||IEA,acetyl-CoA biosynthetic process from pyruvate|0006086||IEA
ATU_RS07050,,,pyruvate dehydrogenase complex E1 component subunit beta,pyruvate dehydrogenase (acetyl-transferring) activity|0004739||IEA,acetyl-CoA biosynthetic process from pyruvate|0006086||IEA
ATU_RS07055,,,hypothetical protein,,
ATU_RS07060,,,pyruvate dehydrogenase complex dihydrolipoamide acetyltransferase,pyruvate dehydrogenase activity|0004738||IEA,acetyl-CoA biosynthetic process from pyruvate|0006086||IEA
ATU_RS07065,,,SGNH/GDSL hydrolase family protein,,
ATU_RS07070,lpdA,,dihydrolipoyl dehydrogenase,dihydrolipoyl dehydrogenase activity|0004148||IEA,glycolytic process|0006096||IEA
ATU_RS07075,,,GlsB/YeaQ/YmgE family stress response membrane protein,,
ATU_RS07080,lipA,,lipoyl synthase,lipoate synthase activity|0016992||IEA,lipoate biosynthetic process|0009107||IEA
ATU_RS07085,,,DMT family transporter,transporter activity|0005215||IEA,transmembrane transport|0055085||IEA
ATU_RS07090,,,AraC family transcriptional regulator,sequence-specific DNA binding|0043565||IEA,regulation of DNA-templated transcription|0006355||IEA
ATU_RS26540,,,hypothetical protein,,
ATU_RS07095,,,ATPase AAA,,
ATU_RS07100,,,type II toxin-antitoxin system RatA family toxin,,
ATU_RS07105,,,CinA family protein,,
ATU_RS07110,,,bifunctional 2-C-methyl-D-erythritol 4-phosphate cytidylyltransferase/2-C-methyl-D-erythritol 2,2-C-methyl-D-erythritol 2,isoprenoid biosynthetic process|0008299||IEA
ATU_RS07115,dusB,,tRNA dihydrouridine synthase DusB,catalytic activity|0003824||IEA,tRNA processing|0008033||IEA
ATU_RS07120,,,nitrogen regulation protein NR(II),,
ATU_RS07125,ntrC,,nitrogen regulation protein NR(I),phosphorelay response regulator activity|0000156||IEA,phosphorelay signal transduction system|0000160||IEA
ATU_RS07130,,,PAS domain-containing sensor histidine kinase,,
ATU_RS07135,,,sigma-54 dependent transcriptional regulator,ATP binding|0005524||IEA,regulation of DNA-templated transcription|0006355||IEA
ATU_RS07140,trkA,,Trk system potassium transporter TrkA,potassium ion transmembrane transporter activity|0015079||IEA,potassium ion transport|0006813||IEA
ATU_RS07145,hfq,,RNA chaperone Hfq,RNA binding|0003723||IEA,regulation of DNA-templated transcription|0006355||IEA
ATU_RS07150,hflX,,GTPase HflX,GTP binding|0005525||IEA,biological_process|0008150||IEA
ATU_RS07155,mazG,,nucleoside triphosphate pyrophosphohydrolase,,
ATU_RS07160,,,deaminase,zinc ion binding|0008270||IEA,
ATU_RS07165,cysG,,siroheme synthase CysG,uroporphyrin-III C-methyltransferase activity|0004851||IEA,siroheme biosynthetic process|0019354||IEA
ATU_RS07170,,,DUF2849 domain-containing protein,,
ATU_RS07175,,,nitrite/sulfite reductase,heme binding|0020037||IEA,
ATU_RS07180,,,DUF934 domain-containing protein,,
ATU_RS07185,,,ferredoxin--NADP reductase,ferredoxin-NADP+ reductase activity|0004324||IEA,
ATU_RS07190,,,MFS transporter,transmembrane transporter activity|0022857||IEA,transmembrane transport|0055085||IEA
ATU_RS07195,,,hypothetical protein,,
ATU_RS07200,,,endonuclease/exonuclease/phosphatase family protein,catalytic activity|0003824||IEA,
ATU_RS07205,gcvP,,aminomethyl-transferring glycine dehydrogenase,glycine dehydrogenase (decarboxylating) activity|0004375||IEA,glycine decarboxylation via glycine cleavage system|0019464||IEA
ATU_RS07210,gcvH,,glycine cleavage system protein GcvH,catalytic activity|0003824||IEA,glycine decarboxylation via glycine cleavage system|0019464||IEA
ATU_RS07215,gcvT,,glycine cleavage system aminomethyltransferase GcvT,aminomethyltransferase activity|0004047||IEA,glycine catabolic process|0006546||IEA
ATU_RS07220,,,DUF3008 family protein,,
ATU_RS07225,,,hypothetical protein,,
ATU_RS07230,,,copper chaperone PCu(A)C,,
ATU_RS07235,,,hypothetical protein,,
ATU_RS07240,crcB,,fluoride efflux transporter CrcB,,
ATU_RS07245,,,RluA family pseudouridine synthase,RNA binding|0003723||IEA,pseudouridine synthesis|0001522||IEA
ATU_RS07250,,,HAD family hydrolase,,
ATU_RS07255,,,ATP12 family chaperone protein,,
ATU_RS07260,,,hypothetical protein,,
ATU_RS07265,,,RidA family protein,,
ATU_RS07270,fghA,,S-formylglutathione hydrolase,S-formylglutathione hydrolase activity|0018738||IEA,formaldehyde metabolic process|0046292||IEA
ATU_RS07275,,,DUF1345 domain-containing protein,,
ATU_RS07280,,,YaiI/YqxD family protein,,
ATU_RS07285,,,DUF5680 domain-containing protein,,
ATU_RS07290,,,peroxiredoxin,thioredoxin peroxidase activity|0008379||IEA,
ATU_RS07295,,,hypothetical protein,,
ATU_RS07300,,,DUF1062 domain-containing protein,,
ATU_RS07305,,,cytochrome b,electron transfer activity|0009055||IEA,respiratory electron transport chain|0022904||IEA
ATU_RS07310,,,anti-sigma factor,,
ATU_RS07315,,,sigma-70 family RNA polymerase sigma factor,DNA binding|0003677||IEA,DNA-templated transcription initiation|0006352||IEA
ATU_RS07320,,,hypothetical protein,,
ATU_RS07325,,,YceI family protein,,
ATU_RS07330,,,IS30 family transposase,transposase activity|0004803||IEA,
ATU_RS07335,arsH,,arsenical resistance protein ArsH,molecular_function|0003674||IEA,response to arsenic-containing substance|0046685||IEA
ATU_RS07340,arsC,,arsenate reductase (glutaredoxin),arsenate reductase (glutaredoxin) activity|0008794||IEA,response to arsenic-containing substance|0046685||IEA
ATU_RS07345,arsB,,ACR3 family arsenite efflux transporter,arsenite secondary active transmembrane transporter activity|0008490||IEA,response to arsenic-containing substance|0046685||IEA
ATU_RS07350,,,arsenate reductase ArsC,,
ATU_RS07355,,,helix-turn-helix transcriptional regulator,DNA binding|0003677||IEA,regulation of DNA-templated transcription|0006355||IEA
ATU_RS07360,,,chloride channel protein,voltage-gated chloride channel activity|0005247||IEA,chloride transport|0006821||IEA
ATU_RS07365,,,MBL fold metallo-hydrolase,hydrolase activity|0016787||IEA,
ATU_RS07370,,,TatD family hydrolase,hydrolase activity|0016787||IEA,
ATU_RS07375,metG,,methionine--tRNA ligase,tRNA binding|0000049||IEA,methionyl-tRNA aminoacylation|0006431||IEA
ATU_RS07380,,,DNA polymerase III subunit delta',DNA-directed DNA polymerase activity|0003887||IEA,DNA replication|0006260||IEA
ATU_RS07385,tmk,,dTMP kinase,thymidylate kinase activity|0004798||IEA,nucleobase-containing small molecule interconversion|0015949||IEA
ATU_RS07390,,,D-alanyl-D-alanine carboxypeptidase family protein,serine-type peptidase activity|0008236||IEA,
ATU_RS07395,,,septal ring lytic transglycosylase RlpA family protein,,
ATU_RS07400,,,hypothetical protein,,
ATU_RS07410,,,hypothetical protein,,
ATU_RS07415,,,hypothetical protein,,
ATU_RS07420,,,hypothetical protein,,
ATU_RS07425,,,hypothetical protein,,
ATU_RS07430,,,D-alanyl-D-alanine carboxypeptidase family protein,serine-type peptidase activity|0008236||IEA,
ATU_RS07435,,,hypothetical protein,,
ATU_RS07440,gyrA,,DNA gyrase subunit A,DNA binding|0003677||IEA,DNA metabolic process|0006259||IEA
ATU_RS07445,,,MarC family protein,,
ATU_RS07450,,,HPP family protein,,
ATU_RS07455,,,type II toxin-antitoxin system RelE/ParE family toxin,DNA topoisomerase type II (double strand cut,plasmid partitioning|0030541||IEA
ATU_RS07460,,,type II toxin-antitoxin system ParD family antitoxin,,regulation of chromosome segregation|0051983||IEA
ATU_RS07465,,,single-stranded DNA-binding protein,single-stranded DNA binding|0003697||IEA,DNA replication|0006260||IEA
ATU_RS07470,uvrA,,excinuclease ABC subunit UvrA,DNA binding|0003677||IEA,nucleotide-excision repair|0006289||IEA
ATU_RS07475,,,DUF72 domain-containing protein,,
ATU_RS07480,dusA,,tRNA dihydrouridine(20/20a) synthase DusA,tRNA dihydrouridine synthase activity|0017150||IEA,tRNA dihydrouridine synthesis|0002943||IEA
ATU_RS07485,,,fumarylacetoacetate hydrolase family protein,catalytic activity|0003824||IEA,
ATU_RS07490,,,gamma carbonic anhydrase family protein,,
ATU_RS07495,zur,,zinc uptake transcriptional repressor Zur,,
ATU_RS07500,znuB,,zinc ABC transporter permease subunit ZnuB,ATPase-coupled transmembrane transporter activity|0042626||IEA,transmembrane transport|0055085||IEA
ATU_RS07505,znuC,,zinc ABC transporter ATP-binding protein ZnuC,,
ATU_RS07510,znuA,,zinc ABC transporter substrate-binding protein ZnuA,,
ATU_RS07515,,,LacI family transcriptional regulator,,
ATU_RS07520,,,glycoside hydrolase family 2 protein,,
ATU_RS07525,mgrA,,L-glyceraldehyde 3-phosphate reductase,D-threo-aldose 1-dehydrogenase activity|0047834||IEA,
ATU_RS07530,,,RcnB family protein,,
ATU_RS07535,gndA,,NADP-dependent phosphogluconate dehydrogenase,phosphogluconate dehydrogenase (decarboxylating) activity|0004616||IEA,pentose-phosphate shunt|0006098||IEA
ATU_RS07540,ccoS,,cbb3-type cytochrome oxidase assembly protein CcoS,,respiratory chain complex IV assembly|0008535||IEA
ATU_RS07545,,,cation-translocating P-type ATPase,,
ATU_RS07550,,,FixH family protein,,
ATU_RS07555,ccoG,,cytochrome c oxidase accessory protein CcoG,molecular_function|0003674||IEA,respiratory chain complex IV assembly|0008535||IEA
ATU_RS07560,,,SRPBCC family protein,,
ATU_RS07565,,,VOC family protein,,
ATU_RS07570,,,VOC family protein,,
ATU_RS07575,ccoP,,cytochrome-c oxidase,cytochrome-c oxidase activity|0004129||IEA,
ATU_RS07580,,,CcoQ/FixQ family Cbb3-type cytochrome c oxidase assembly chaperone,,
ATU_RS07585,ccoO,,cytochrome-c oxidase,cytochrome-c oxidase activity|0004129||IEA,
ATU_RS07590,ccoN,,cytochrome-c oxidase,cytochrome-c oxidase activity|0004129||IEA,
ATU_RS07595,,,SulP family inorganic anion transporter,inorganic anion transmembrane transporter activity|0015103||IEA,
ATU_RS07600,,,ParB-like protein,,
ATU_RS07605,,,mechanosensitive ion channel family protein,,transmembrane transport|0055085||IEA
ATU_RS07610,cobU,,bifunctional adenosylcobinamide kinase/adenosylcobinamide-phosphate guanylyltransferase,nucleotide binding|0000166||IEA,cobalamin biosynthetic process|0009236||IEA
ATU_RS07620,,,DUF599 domain-containing protein,,
ATU_RS07625,,,heparan-alpha-glucosaminide N-acetyltransferase,,
ATU_RS07630,,,MerR family DNA-binding transcriptional regulator,DNA binding|0003677||IEA,
ATU_RS07635,mgtE,,magnesium transporter,magnesium ion transmembrane transporter activity|0015095||IEA,magnesium ion transport|0015693||IEA
ATU_RS07640,,,FdhF/YdeP family oxidoreductase,oxidoreductase activity|0016491||IEA,
ATU_RS07645,,,hypothetical protein,,
ATU_RS07650,,,peptide deformylase,peptide deformylase activity|0042586||IEA,
ATU_RS07655,,,OsmC family protein,,
ATU_RS26545,,,Thivi_2564 family membrane protein,,
ATU_RS07660,,,PAS domain-containing protein,,
ATU_RS07670,lipB,,lipoyl(octanoyl) transferase LipB,lipoyl(octanoyl) transferase activity|0033819||IEA,protein lipoylation|0009249||IEA
ATU_RS07675,,,NAD(P)-dependent alcohol dehydrogenase,oxidoreductase activity|0016491||IEA,
ATU_RS07680,,,DMT family transporter,transporter activity|0005215||IEA,transmembrane transport|0055085||IEA
ATU_RS07685,,,hypothetical protein,,
ATU_RS07690,,,phytoene/squalene synthase family protein,,
ATU_RS07695,,,Mth938-like domain-containing protein,,
ATU_RS07700,secDF,,protein translocase subunit SecDF,,
ATU_RS07705,yajC,,preprotein translocase subunit YajC,protein-transporting ATPase activity|0015450||IEA,protein secretion|0009306||IEA
ATU_RS07710,,,ATP-binding protein,,
ATU_RS07715,,,serine O-acetyltransferase,serine O-acetyltransferase activity|0009001||IEA,cysteine biosynthetic process from serine|0006535||IEA
ATU_RS07720,fdhA,,formaldehyde dehydrogenase,formaldehyde dehydrogenase activity|0018467||IEA,formaldehyde metabolic process|0046292||IEA
ATU_RS07725,,,TetR/AcrR family transcriptional regulator,,
ATU_RS07730,,,cytochrome P450,monooxygenase activity|0004497||IEA,
ATU_RS07735,,,DUF3126 family protein,,
ATU_RS07740,cysE,,serine O-acetyltransferase,serine O-acetyltransferase activity|0009001||IEA,cysteine biosynthetic process from serine|0006535||IEA
ATU_RS07745,,,alpha/beta fold hydrolase,hydrolase activity|0016787||IEA,
ATU_RS07750,,,zinc-finger domain-containing protein,,
ATU_RS07755,,,FAD-dependent monooxygenase,FAD binding|0071949||IEA,
ATU_RS07760,,,cystathionine beta-lyase,,
ATU_RS07765,,,amino acid ABC transporter substrate-binding protein,ATPase-coupled transmembrane transporter activity|0042626||IEA,
ATU_RS07770,,,amino acid ABC transporter permease,,
ATU_RS07775,,,amino acid ABC transporter permease,ATPase-coupled transmembrane transporter activity|0042626||IEA,amino acid transport|0006865||IEA
ATU_RS07780,,,amino acid ABC transporter ATP-binding protein,ATP binding|0005524||IEA,
ATU_RS07795,recJ,,single-stranded-DNA-specific exonuclease RecJ,single-stranded DNA exodeoxyribonuclease activity|0008297||IEA,DNA recombination|0006310||IEA
ATU_RS07800,,,hypothetical protein,,
ATU_RS07805,,,homoserine dehydrogenase,homoserine dehydrogenase activity|0004412||IEA,amino acid metabolic process|0006520||IEA
ATU_RS07810,,,LL-diaminopimelate aminotransferase,pyridoxal phosphate binding|0030170||IEA,
ATU_RS07815,,,nucleoside hydrolase,,
ATU_RS07820,,,TSUP family transporter,,
ATU_RS07825,,,hypothetical protein,,
ATU_RS07830,,,lipid A biosynthesis lauroyl acyltransferase,transferase activity|0016740||IEA,
ATU_RS07835,,,zinc-binding dehydrogenase,,
ATU_RS07840,,,beta-ketoacyl-ACP synthase,,
ATU_RS07845,,,beta-ketoacyl-ACP synthase,acyltransferase activity|0016746||IEA,
ATU_RS07850,,,3-hydroxyacyl-ACP dehydratase FabZ family protein,hydro-lyase activity|0016836||IEA,fatty acid biosynthetic process|0006633||IEA
ATU_RS07855,,,acyl carrier protein,,
ATU_RS07860,hemN,,oxygen-independent coproporphyrinogen III oxidase,coproporphyrinogen dehydrogenase activity|0051989||IEA,porphyrin-containing compound biosynthetic process|0006779||IEA
ATU_RS07865,fnrN,,transcriptional regulator FnrN,,
ATU_RS07870,,,hypothetical protein,,
ATU_RS07875,phaC,,alpha/beta hydrolase,acyltransferase activity|0016746||IEA,poly-hydroxybutyrate biosynthetic process|0042619||IEA
ATU_RS07880,sfsA,,DNA/RNA nuclease SfsA,DNA binding|0003677||IEA,maltose metabolic process|0000023||IEA
ATU_RS07885,map,,type I methionyl aminopeptidase,,protein modification process|0036211||IEA
ATU_RS07890,radC,,DNA repair protein RadC,DNA binding|0003677||IEA,DNA repair|0006281||IEA
ATU_RS07895,,,TadE/TadG family type IV pilus assembly protein,,
ATU_RS07900,,,TadG family pilus assembly protein,,
ATU_RS07905,,,class II 3-deoxy-7-phosphoheptulonate synthase,3-deoxy-7-phosphoheptulonate synthase activity|0003849||IEA,chorismate biosynthetic process|0009423||IEA
ATU_RS07910,gor,,glutathione-disulfide reductase,glutathione-disulfide reductase (NADP) activity|0004362||IEA,cell redox homeostasis|0045454||IEA
ATU_RS07915,,,DUF2059 domain-containing protein,,
ATU_RS07920,rpiA,,ribose-5-phosphate isomerase RpiA,ribose-5-phosphate isomerase activity|0004751||IEA,pentose-phosphate shunt
ATU_RS07925,,,HAD family hydrolase,phosphatase activity|0016791||IEA,carbohydrate metabolic process|0005975||IEA
ATU_RS07930,,,murein L,,
ATU_RS07935,fumC,,class II fumarate hydratase,fumarate hydratase activity|0004333||IEA,tricarboxylic acid cycle|0006099||IEA
ATU_RS07940,,,alpha/beta hydrolase,hydrolase activity|0016787||IEA,
ATU_RS07945,,,CTP synthase,CTP synthase activity|0003883||IEA,pyrimidine nucleotide biosynthetic process|0006221||IEA
ATU_RS07950,secG,,preprotein translocase subunit SecG,protein-transporting ATPase activity|0015450||IEA,protein transport by the Sec complex|0043952||IEA
ATU_RS07955,tpiA,,triose-phosphate isomerase,triose-phosphate isomerase activity|0004807||IEA,glycolytic process|0006096||IEA
ATU_RS07960,,,alpha/beta fold hydrolase,,
ATU_RS07965,parE,,DNA topoisomerase IV subunit B,DNA topoisomerase type II (double strand cut,DNA topological change|0006265||IEA
ATU_RS07970,,,NAD(P)/FAD-dependent oxidoreductase,oxidoreductase activity|0016491||IEA,
ATU_RS07975,,,TetR/AcrR family transcriptional regulator,,
ATU_RS07980,,,class I SAM-dependent methyltransferase,methyltransferase activity|0008168||IEA,
ATU_RS07985,,,NAD(P)-dependent oxidoreductase,oxidoreductase activity|0016491||IEA,
ATU_RS07990,,,ATP-dependent Clp protease proteolytic subunit,ATP-dependent peptidase activity|0004176||IEA,proteolysis|0006508||IEA
ATU_RS07995,,,SRPBCC domain-containing protein,,
ATU_RS08000,,,helix-turn-helix transcriptional regulator,DNA binding|0003677||IEA,regulation of DNA-templated transcription|0006355||IEA
ATU_RS08005,,,phospholipase D family protein,,
ATU_RS08010,,,response regulator,,phosphorelay signal transduction system|0000160||IEA
ATU_RS08015,,,FAD-dependent oxidoreductase,,
ATU_RS08020,,,mechanosensitive ion channel family protein,,
ATU_RS08025,,,GlsB/YeaQ/YmgE family stress response membrane protein,,
ATU_RS08035,,,hypothetical protein,,
ATU_RS08040,,,hypothetical protein,,
ATU_RS08045,,,hypothetical protein,,
ATU_RS08050,,,hypothetical protein,,
ATU_RS08055,,,hypothetical protein,,
ATU_RS08060,,,hypothetical protein,,
ATU_RS08070,,,PACE efflux transporter,,
ATU_RS08075,,,ABC-type transport auxiliary lipoprotein family protein,,
ATU_RS08080,,,MlaD family protein,,phospholipid transport|0015914||IEA
ATU_RS08085,,,ABC transporter ATP-binding protein,,
ATU_RS08090,,,ABC transporter permease,,
ATU_RS08095,dgcA,,N-acetyl-D-Glu racemase DgcA,racemase and epimerase activity,
ATU_RS08100,,,UDP-2,,
ATU_RS08105,,,acyltransferase,acyltransferase activity,
ATU_RS08110,,,NADP-dependent malic enzyme,,
ATU_RS08115,,,DUF2865 domain-containing protein,,
ATU_RS08120,bluB,,5,oxidoreductase activity,cobalamin biosynthetic process|0009236||IEA
ATU_RS08125,,,TolB family protein,,
ATU_RS08130,,,NAD+ synthase,NAD+ synthase (glutamine-hydrolyzing) activity|0003952||IEA,NAD biosynthetic process|0009435||IEA
ATU_RS08135,,,LTA synthase family protein,sulfuric ester hydrolase activity|0008484||IEA,
ATU_RS08140,,,DUF1003 domain-containing protein,,
ATU_RS08145,sthA,,Si-specific NAD(P)(+) transhydrogenase,NAD(P)+ transhydrogenase (B-specific) activity|0003957||IEA,cell redox homeostasis|0045454||IEA
ATU_RS08150,,,hypothetical protein,,
ATU_RS08155,,,carbon-nitrogen hydrolase family protein,,
ATU_RS08160,tig,,trigger factor,peptidyl-prolyl cis-trans isomerase activity|0003755||IEA,'de novo' cotranslational protein folding|0051083||IEA
ATU_RS08170,,,DUF1127 domain-containing protein,,
ATU_RS08175,,,DUF1127 domain-containing protein,,
ATU_RS08180,trmFO,,methylenetetrahydrofolate--tRNA-(uracil(54)-C(5))-methyltransferase (FADH(2)-oxidizing) TrmFO,flavin adenine dinucleotide binding|0050660||IEA,tRNA processing|0008033||IEA
ATU_RS08185,,,S-(hydroxymethyl)glutathione dehydrogenase/class III alcohol dehydrogenase,alcohol dehydrogenase activity,fermentation|0006113||IEA
ATU_RS08190,,,hypothetical protein,,
ATU_RS08195,,,acyl carrier protein,acyl carrier activity|0000036||IEA,fatty acid biosynthetic process|0006633||IEA
ATU_RS08200,,,AMP-binding protein,,
ATU_RS08205,,,type III PLP-dependent enzyme,,
ATU_RS08210,,,hypothetical protein,,
ATU_RS08215,,,helix-turn-helix transcriptional regulator,,
ATU_RS08220,,,aminodeoxychorismate synthase component I,,folic acid-containing compound biosynthetic process|0009396||IEA
ATU_RS08225,tgt,,tRNA guanosine(34) transglycosylase Tgt,tRNA-guanosine(34) queuine transglycosylase activity|0008479||IEA,tRNA modification|0006400||IEA
ATU_RS08230,queA,,tRNA preQ1(34) S-adenosylmethionine ribosyltransferase-isomerase QueA,transferase activity|0016740||IEA,
ATU_RS08235,,,peptidylprolyl isomerase,peptidyl-prolyl cis-trans isomerase activity|0003755||IEA,protein peptidyl-prolyl isomerization|0000413||IEA
ATU_RS08240,,,peptidylprolyl isomerase,peptidyl-prolyl cis-trans isomerase activity|0003755||IEA,protein peptidyl-prolyl isomerization|0000413||IEA
ATU_RS08245,coaD,,pantetheine-phosphate adenylyltransferase,pantetheine-phosphate adenylyltransferase activity|0004595||IEA,coenzyme A biosynthetic process|0015937||IEA
ATU_RS08250,,,hypothetical protein,,
ATU_RS26900,,,hypothetical protein,,
ATU_RS08255,,,peptidyl-prolyl cis-trans isomerase,peptidyl-prolyl cis-trans isomerase activity|0003755||IEA,
ATU_RS08260,trpD,,anthranilate phosphoribosyltransferase,anthranilate phosphoribosyltransferase activity|0004048||IEA,tryptophan biosynthetic process|0000162||IEA
ATU_RS08265,trpC,,indole-3-glycerol phosphate synthase TrpC,indole-3-glycerol-phosphate synthase activity|0004425||IEA,tryptophan metabolic process|0006568||IEA
ATU_RS08270,moaC,,cyclic pyranopterin monophosphate synthase MoaC,catalytic activity|0003824||IEA,Mo-molybdopterin cofactor biosynthetic process|0006777||IEA
ATU_RS08275,glp,,gephyrin-like molybdotransferase Glp,molybdopterin molybdotransferase activity|0061599||IEA,Mo-molybdopterin cofactor biosynthetic process|0006777||IEA
ATU_RS08280,,,GGDEF domain-containing protein,GTP binding|0005525||IEA,
ATU_RS08285,,,pyridoxamine 5'-phosphate oxidase family protein,,
ATU_RS08290,,,monovalent cation:proton antiporter-2 (CPA2) family protein,metal cation:proton antiporter activity|0051139||IEA,monoatomic cation transport|0006812||IEA
ATU_RS08295,,,gamma-butyrobetaine hydroxylase-like domain-containing protein,,
ATU_RS08300,moaA,,GTP 3',4 iron,Mo-molybdopterin cofactor biosynthetic process|0006777||IEA
ATU_RS08305,,,DMT family transporter,transporter activity|0005215||IEA,transmembrane transport|0055085||IEA
ATU_RS08310,,,multidrug effflux MFS transporter,transmembrane transporter activity|0022857||IEA,transmembrane transport|0055085||IEA
ATU_RS08315,mobA,,molybdenum cofactor guanylyltransferase MobA,GTP binding|0005525||IEA,Mo-molybdopterin cofactor biosynthetic process|0006777||IEA
ATU_RS08320,mobB,,molybdopterin-guanine dinucleotide biosynthesis protein B,catalytic activity|0003824||IEA,Mo-molybdopterin cofactor biosynthetic process|0006777||IEA
ATU_RS08325,,,peptidoglycan DD-metalloendopeptidase family protein,,
ATU_RS08330,,,protein-L-isoaspartate(D-aspartate) O-methyltransferase,protein-L-isoaspartate (D-aspartate) O-methyltransferase activity|0004719||IEA,protein modification process|0036211||IEA
ATU_RS08335,surE,,5'/3'-nucleotidase SurE,nucleotidase activity|0008252||IEA,
ATU_RS08340,serS,,serine--tRNA ligase,serine-tRNA ligase activity|0004828||IEA,seryl-tRNA aminoacylation|0006434||IEA
ATU_RS08345,tatC,,twin-arginine translocase subunit TatC,,protein secretion by the type II secretion system|0015628||IEA
ATU_RS08350,tatB,,Sec-independent protein translocase protein TatB,,protein transport|0015031||IEA
ATU_RS08355,,,twin-arginine translocase TatA/TatE family subunit,,protein transport by the Tat complex|0043953||IEA
ATU_RS08360,scpB,,SMC-Scp complex subunit ScpB,protein binding|0005515||IEA,chromosome segregation|0007059||IEA
ATU_RS08365,,,ScpA family protein,,chromosome segregation|0007059||IEA
ATU_RS08370,nagZ,,beta-N-acetylhexosaminidase,hydrolase activity,carbohydrate metabolic process|0005975||IEA
ATU_RS08375,,,SPOR domain-containing protein,peptidoglycan binding|0042834||IEA,
ATU_RS08380,argS,,arginine--tRNA ligase,arginine-tRNA ligase activity|0004814||IEA,arginyl-tRNA aminoacylation|0006420||IEA
ATU_RS08385,,,deoxyguanosinetriphosphate triphosphohydrolase,triphosphoric monoester hydrolase activity|0016793||IEA,
ATU_RS08390,erpA,,iron-sulfur cluster insertion protein ErpA,iron-sulfur cluster binding|0051536||IEA,iron-sulfur cluster assembly|0016226||IEA
ATU_RS08395,xth,,exodeoxyribonuclease III,double-stranded DNA 3'-5' DNA exonuclease activity|0008311||IEA,DNA repair|0006281||IEA
ATU_RS08400,exoR,,exopolysaccharide production regulator ExoR,,
ATU_RS08405,,,hypothetical protein,,
ATU_RS08410,,,outer membrane protein transport protein,,
ATU_RS08415,,,valine--tRNA ligase,nucleotide binding|0000166||IEA,valyl-tRNA aminoacylation|0006438||IEA
ATU_RS08420,popZ,,cell division protein PopZ,,
ATU_RS08425,,,protein-L-isoaspartate O-methyltransferase,,
ATU_RS08430,,,hypothetical protein,,
ATU_RS08440,,,DUF3309 family protein,,
ATU_RS08445,,,hypothetical protein,,
ATU_RS08450,,,DUF982 domain-containing protein,,
ATU_RS08460,wrbA,,NAD(P)H:quinone oxidoreductase type IV,NAD(P)H dehydrogenase (quinone) activity|0003955||IEA,
ATU_RS08465,,,competence/damage-inducible protein A,,
ATU_RS08470,,,universal stress protein,adenyl ribonucleotide binding|0032559||IEA,
ATU_RS08475,gpt,,xanthine phosphoribosyltransferase,xanthine phosphoribosyltransferase activity|0000310||IEA,nucleoside metabolic process|0009116||IEA
ATU_RS08480,,,vitamin B12-dependent ribonucleotide reductase,ribonucleoside-diphosphate reductase activity,DNA replication|0006260||IEA
ATU_RS08485,,,hypothetical protein,,
ATU_RS08490,,,DNA-binding transcriptional regulator,,
ATU_RS08495,,,Nramp family divalent metal transporter,transmembrane transporter activity|0022857||IEA,transmembrane transport|0055085||IEA
ATU_RS08500,,,hypothetical protein,,
ATU_RS08505,,,ABC transporter ATP-binding protein,ATP binding|0005524||IEA,
ATU_RS08510,,,AI-2E family transporter,efflux transmembrane transporter activity|0015562||IEA,autoinducer AI-2 transmembrane transport|1905887||IEA
ATU_RS08515,,,GNAT family N-acetyltransferase,N-acetyltransferase activity|0008080||IEA,
ATU_RS08520,,,hypothetical protein,,
ATU_RS08525,,,DUF2336 domain-containing protein,,
ATU_RS08530,,,flavin reductase family protein,FMN binding|0010181||IEA,
ATU_RS08535,,,nitroreductase,,
ATU_RS08540,,,hypothetical protein,,
ATU_RS08545,thrS,,threonine--tRNA ligase,threonine-tRNA ligase activity|0004829||IEA,threonyl-tRNA aminoacylation|0006435||IEA
ATU_RS08550,,,DUF1697 domain-containing protein,,
ATU_RS08555,yidD,,membrane protein insertion efficiency factor YidD,,
ATU_RS08560,,,iron-sulfur cluster assembly scaffold protein,,
ATU_RS08565,folE,,GTP cyclohydrolase I FolE,GTP cyclohydrolase I activity|0003934||IEA,pteridine-containing compound biosynthetic process|0042559||IEA
ATU_RS08570,hisI,,phosphoribosyl-AMP cyclohydrolase,phosphoribosyl-AMP cyclohydrolase activity|0004635||IEA,histidine biosynthetic process|0000105||IEA
ATU_RS08575,,,patatin-like phospholipase family protein,,
ATU_RS08580,,,CBS domain-containing protein,,
ATU_RS08585,,,rhomboid family intramembrane serine protease,serine-type endopeptidase activity|0004252||IEA,
ATU_RS08590,,,PAS domain-containing protein,,
ATU_RS08595,,,PilZ domain-containing protein,cyclic-di-GMP binding|0035438||IEA,
ATU_RS08600,,,transglutaminase-like cysteine peptidase,,
ATU_RS08605,,,DUF1489 family protein,,
ATU_RS08610,,,L-serine ammonia-lyase,L-serine ammonia-lyase activity|0003941||IEA,amino acid catabolic process|0009063||IEA
ATU_RS08615,,,hypothetical protein,,
ATU_RS08620,,,hypothetical protein,,
ATU_RS08625,,,phosphodiester glycosidase family protein,,
ATU_RS08630,,,entericidin A/B family lipoprotein,,
ATU_RS08635,,,formyl transferase,,
ATU_RS08640,,,methylenetetrahydrofolate reductase,,
ATU_RS08645,,,LysR family transcriptional regulator,DNA-binding transcription factor activity|0003700||IEA,regulation of DNA-templated transcription|0006355||IEA
ATU_RS26970,,,hypothetical protein,,
ATU_RS08655,,,GlxA family transcriptional regulator,DNA binding|0003677||IEA,
ATU_RS08660,,,bifunctional ADP-dependent NAD(P)H-hydrate dehydratase/NAD(P)H-hydrate epimerase,,
ATU_RS08665,,,P-II family nitrogen regulator,,
ATU_RS08670,glnA,,type I glutamate--ammonia ligase,glutamine synthetase activity|0004356||IEA,glutamine biosynthetic process|0006542||IEA
ATU_RS08675,,,DMT family transporter,transporter activity|0005215||IEA,transmembrane transport|0055085||IEA
ATU_RS08680,hspQ,,heat shock protein HspQ,DNA binding|0003677||IEA,
ATU_RS08685,,,invasion associated locus B family protein,,
ATU_RS08690,,,extracellular solute-binding protein,,
ATU_RS08695,,,DsbA family oxidoreductase,,
ATU_RS08700,,,DMT family transporter,transporter activity|0005215||IEA,transmembrane transport|0055085||IEA
ATU_RS08705,,,hypothetical protein,,
ATU_RS08710,mfd,,transcription-repair coupling factor,double-stranded DNA binding|0003690||IEA,DNA repair|0006281||IEA
ATU_RS08715,,,succinate dehydrogenase assembly factor 2,,
ATU_RS08720,recG,,ATP-dependent DNA helicase RecG,DNA helicase activity|0003678||IEA,DNA recombination|0006310||IEA
ATU_RS08725,,,hypothetical protein,,
ATU_RS08730,,,type II toxin-antitoxin system RelE/ParE family toxin,DNA topoisomerase type II (double strand cut,plasmid partitioning|0030541||IEA
ATU_RS08735,,,CopG family ribbon-helix-helix protein,,
ATU_RS08740,,,DUF502 domain-containing protein,,
ATU_RS08745,,,GNAT family N-acetyltransferase,N-acetyltransferase activity|0008080||IEA,
ATU_RS08750,glmS,,glutamine--fructose-6-phosphate transaminase (isomerizing),glutamine-fructose-6-phosphate transaminase (isomerizing) activity|0004360||IEA,amino sugar metabolic process|0006040||IEA
ATU_RS08755,glmU,,bifunctional UDP-N-acetylglucosamine diphosphorylase/glucosamine-1-phosphate N-acetyltransferase GlmU,magnesium ion binding|0000287||IEA,cell morphogenesis|0000902||IEA
ATU_RS08760,,,FadR/GntR family transcriptional regulator,DNA binding|0003677||IEA,
ATU_RS08765,,,BMP family ABC transporter substrate-binding protein,,
ATU_RS08770,,,ABC transporter permease,,
ATU_RS08775,,,ABC transporter permease,ATPase-coupled transmembrane transporter activity|0042626||IEA,
ATU_RS08780,,,ABC transporter ATP-binding protein,ATP binding|0005524||IEA,
ATU_RS08785,pcsA,,phosphatidylcholine synthase,phosphatidylcholine synthase activity|0050520||IEA,phospholipid biosynthetic process|0008654||IEA
ATU_RS08790,,,UbiH/UbiF family hydroxylase,,
ATU_RS08795,,,AEC family transporter,,transmembrane transport|0055085||IEA
ATU_RS08800,,,cytochrome c biogenesis CcdA family protein,,
ATU_RS08810,,,ankyrin repeat domain-containing protein,protein binding|0005515||IEA,
ATU_RS08815,,,glycosyltransferase family 25 protein,,
ATU_RS08820,,,YcbK family protein,,
ATU_RS08825,,,VOC family protein,,
ATU_RS08830,,,cold-shock protein,transcription antitermination factor activity,
ATU_RS08835,,,DUF192 domain-containing protein,,
ATU_RS08840,,,BON domain-containing protein,,
ATU_RS08845,,,DUF982 domain-containing protein,,
ATU_RS08850,,,ceramide glucosyltransferase,,
ATU_RS08860,,,ETC complex I subunit,,
ATU_RS08870,,,hypothetical protein,,
ATU_RS08875,,,Rrf2 family transcriptional regulator,DNA binding|0003677||IEA,
ATU_RS08880,,,alpha/beta fold hydrolase,hydrolase activity|0016787||IEA,
ATU_RS26550,,,hypothetical protein,,
ATU_RS08885,,,efflux RND transporter periplasmic adaptor subunit,transporter activity|0005215||IEA,transport|0006810||IEA
ATU_RS08890,,,ABC transporter ATP-binding protein,ATP binding|0005524||IEA,
ATU_RS08895,,,ABC transporter permease,,
ATU_RS08900,,,hypothetical protein,,
ATU_RS08905,sufA,,Fe-S cluster assembly scaffold SufA,,
ATU_RS08910,,,SUF system Fe-S cluster assembly protein,molecular_function|0003674||IEA,iron-sulfur cluster assembly|0016226||IEA
ATU_RS08915,,,cysteine desulfurase,pyridoxal phosphate binding|0030170||IEA,cysteine metabolic process|0006534||IEA
ATU_RS08920,sufD,,Fe-S cluster assembly protein SufD,structural molecule activity|0005198||IEA,iron-sulfur cluster assembly|0016226||IEA
ATU_RS08925,sufC,,Fe-S cluster assembly ATPase SufC,ATP binding|0005524||IEA,iron-sulfur cluster assembly|0016226||IEA
ATU_RS08930,sufB,,Fe-S cluster assembly protein SufB,,iron-sulfur cluster assembly|0016226||IEA
ATU_RS08935,,,cysteine desulfurase family protein,pyridoxal phosphate binding|0030170||IEA,
ATU_RS08940,,,alpha/beta hydrolase,,
ATU_RS08945,,,anhydro-N-acetylmuramic acid kinase,ATP binding|0005524||IEA,amino sugar metabolic process|0006040||IEA
ATU_RS08950,tyrS,,tyrosine--tRNA ligase,tyrosine-tRNA ligase activity|0004831||IEA,tyrosyl-tRNA aminoacylation|0006437||IEA
ATU_RS08955,,,DUF3971 domain-containing protein,,
ATU_RS08960,bcp,,thioredoxin-dependent thiol peroxidase,antioxidant activity|0016209||IEA,
ATU_RS08965,,,ferritin-like domain-containing protein,,
ATU_RS08970,,,M23 family metallopeptidase,metalloendopeptidase activity|0004222||IEA,
ATU_RS08975,,,DEAD/DEAH box helicase,helicase activity|0004386||IEA,
ATU_RS08980,,,NUDIX domain-containing protein,hydrolase activity|0016787||IEA,
ATU_RS08985,,,helix-turn-helix domain-containing protein,DNA binding|0003677||IEA,
ATU_RS08990,,,branched-chain amino acid ABC transporter substrate-binding protein,branched-chain amino acid transmembrane transporter activity|0015658||IEA,branched-chain amino acid transport|0015803||IEA
ATU_RS08995,rpe,,ribulose-phosphate 3-epimerase,D-ribulose-phosphate 3-epimerase activity|0004750||IEA,pentose-phosphate shunt|0006098||IEA
ATU_RS09000,,,hypothetical protein,,
ATU_RS09005,purB,,adenylosuccinate lyase,N6-(1,purine ribonucleotide biosynthetic process|0009152||IEA
ATU_RS09010,,,alpha/beta hydrolase,,
ATU_RS09015,purC,,phosphoribosylaminoimidazolesuccinocarboxamide synthase,phosphoribosylaminoimidazolesuccinocarboxamide synthase activity|0004639||IEA,purine ribonucleotide biosynthetic process|0009152||IEA
ATU_RS09020,purS,,phosphoribosylformylglycinamidine synthase subunit PurS,,
ATU_RS09025,purQ,,phosphoribosylformylglycinamidine synthase subunit PurQ,phosphoribosylformylglycinamidine synthase activity|0004642||IEA,'de novo' IMP biosynthetic process|0006189||IEA
ATU_RS09030,,,hypothetical protein,,
ATU_RS09035,,,DUF1127 domain-containing protein,,
ATU_RS09040,,,PLP-dependent aminotransferase family protein,pyridoxal phosphate binding|0030170||IEA,
ATU_RS09045,,,acyloxyacyl hydrolase,,
ATU_RS09050,purL,,phosphoribosylformylglycinamidine synthase subunit PurL,phosphoribosylformylglycinamidine synthase activity|0004642||IEA,'de novo' IMP biosynthetic process|0006189||IEA
ATU_RS09055,,,BolA/IbaG family iron-sulfur metabolism protein,,
ATU_RS09060,,,hypothetical protein,,
ATU_RS09065,,,hypothetical protein,,
ATU_RS09070,grxD,,Grx4 family monothiol glutaredoxin,electron transfer activity|0009055||IEA,
ATU_RS09075,,,multidrug effflux MFS transporter,transmembrane transporter activity|0022857||IEA,transmembrane transport|0055085||IEA
ATU_RS09080,,,inositol monophosphatase family protein,,
ATU_RS09085,,,inositol monophosphatase family protein,,
ATU_RS09090,ttcA,,tRNA 2-thiocytidine(32) synthetase TtcA,,tRNA processing|0008033||IEA
ATU_RS09095,,,glutaminase,glutaminase activity|0004359||IEA,glutamine metabolic process|0006541||IEA
ATU_RS09100,rpsD,,30S ribosomal protein S4,structural constituent of ribosome|0003735||IEA,translation|0006412||IEA
ATU_RS09105,,,TerC family protein,,
ATU_RS09110,,,ATP-binding protein,ATP binding|0005524||IEA,
ATU_RS09115,,,O-acetylserine/cysteine exporter,,
ATU_RS09120,,,LysE family translocator,,
ATU_RS09125,,,hypothetical protein,,
ATU_RS09130,murI,,glutamate racemase,glutamate racemase activity|0008881||IEA,peptidoglycan biosynthetic process|0009252||IEA
ATU_RS09135,,,RNA methyltransferase,,
ATU_RS09140,,,hypothetical protein,,
ATU_RS09145,,,NADP-dependent isocitrate dehydrogenase,magnesium ion binding|0000287||IEA,isocitrate metabolic process|0006102||IEA
ATU_RS09150,,,glutathione S-transferase family protein,protein binding|0005515||IEA,glutathione metabolic process|0006749||IEA
ATU_RS09155,,,VOC family protein,,
ATU_RS09160,alaS,,alanine--tRNA ligase,alanine-tRNA ligase activity|0004813||IEA,alanyl-tRNA aminoacylation|0006419||IEA
ATU_RS09165,recA,,recombinase RecA,DNA binding|0003677||IEA,DNA repair|0006281||IEA
ATU_RS09170,,,carbohydrate kinase family protein,,
ATU_RS09175,,,pseudouridine-5'-phosphate glycosidase,,
ATU_RS09180,,,OmpA family protein,,
ATU_RS09185,,,ABC transporter substrate-binding protein,,
ATU_RS09190,,,ABC transporter permease,,
ATU_RS09195,,,ABC transporter permease,,
ATU_RS09200,,,usg protein,,
ATU_RS09205,,,class I SAM-dependent methyltransferase,,
ATU_RS09210,,,aliphatic sulfonate ABC transporter substrate-binding protein,binding|0005488||IEA,alkanesulfonate transport|0042918||IEA
ATU_RS09215,,,Lrp/AsnC family transcriptional regulator,DNA binding|0003677||IEA,
ATU_RS09220,,,uracil-DNA glycosylase family protein,,
ATU_RS09225,,,thermonuclease family protein,,
ATU_RS09230,pdhS2,,two-component system sensor histidine kinase PdhS2,,
ATU_RS09235,,,diacylglycerol kinase,,
ATU_RS09240,cobT,,nicotinate-nucleotide--dimethylbenzimidazole phosphoribosyltransferase,nicotinate-nucleotide-dimethylbenzimidazole phosphoribosyltransferase activity|0008939||IEA,cobalamin biosynthetic process|0009236||IEA
ATU_RS09245,,,adenosylcobinamide-GDP ribazoletransferase,,
ATU_RS09250,,,DUF1289 domain-containing protein,,
ATU_RS09255,,,TIGR02281 family clan AA aspartic protease,,
ATU_RS09260,ribB,,3,3,
ATU_RS09270,,,SDR family oxidoreductase,oxidoreductase activity|0016491||IEA,
ATU_RS09275,,,sugar ABC transporter ATP-binding protein,ATP binding|0005524||IEA,
ATU_RS09280,,,sugar ABC transporter substrate-binding protein,,
ATU_RS09285,,,ABC transporter permease,transmembrane transporter activity|0022857||IEA,carbohydrate transport|0008643||IEA
ATU_RS09290,,,transketolase,,
ATU_RS09295,,,transketolase family protein,,
ATU_RS09300,,,FGGY family carbohydrate kinase,ATP binding|0005524||IEA,phosphorylation|0016310||IEA
ATU_RS09305,,,sugar-binding transcriptional regulator,DNA binding|0003677||IEA,
ATU_RS09310,,,SDR family oxidoreductase,,
ATU_RS09315,,,ABC transporter permease,,transmembrane transport|0055085||IEA
ATU_RS09320,,,ABC transporter ATP-binding protein,ATP binding|0005524||IEA,
ATU_RS09325,,,sulfite exporter TauE/SafE family protein,,transport|0006810||IEA
ATU_RS09330,,,extensin family protein,,
ATU_RS09335,,,methyl-accepting chemotaxis protein,,chemotaxis|0006935||IEA
ATU_RS09340,,,DUF1883 domain-containing protein,,
ATU_RS09345,,,replication-associated recombination protein A,ATP binding|0005524||IEA,DNA replication|0006260||IEA
ATU_RS09350,,,DegQ family serine endoprotease,,
ATU_RS09355,,,lysozyme inhibitor LprI family protein,,
ATU_RS09360,,,serine hydrolase,hydrolase activity|0016787||IEA,
ATU_RS09365,ilvD,,dihydroxy-acid dehydratase,dihydroxy-acid dehydratase activity|0004160||IEA,branched-chain amino acid biosynthetic process|0009082||IEA
ATU_RS09370,msrP,,protein-methionine-sulfoxide reductase catalytic subunit MsrP,oxidoreductase activity,protein repair|0030091||IEA
ATU_RS09375,msrQ,,protein-methionine-sulfoxide reductase heme-binding subunit MsrQ,,
ATU_RS09380,,,DUF2809 domain-containing protein,,
ATU_RS09385,,,DUF817 domain-containing protein,,
ATU_RS09390,rplQ,,50S ribosomal protein L17,structural constituent of ribosome|0003735||IEA,translation|0006412||IEA
ATU_RS09395,,,DNA-directed RNA polymerase subunit alpha,DNA-directed 5'-3' RNA polymerase activity|0003899||IEA,DNA-templated transcription|0006351||IEA
ATU_RS09400,rpsK,,30S ribosomal protein S11,structural constituent of ribosome|0003735||IEA,translation|0006412||IEA
ATU_RS09405,rpsM,,30S ribosomal protein S13,structural constituent of ribosome|0003735||IEA,translation|0006412||IEA
ATU_RS09410,,,adenylate kinase,ATP binding|0005524||IEA,nucleobase-containing compound metabolic process|0006139||IEA
ATU_RS09415,secY,,preprotein translocase subunit SecY,protein-transporting ATPase activity|0015450||IEA,protein transport by the Sec complex|0043952||IEA
ATU_RS09420,rplO,,50S ribosomal protein L15,structural constituent of ribosome|0003735||IEA,translation|0006412||IEA
ATU_RS09425,rpmD,,50S ribosomal protein L30,structural constituent of ribosome|0003735||IEA,translation|0006412||IEA
ATU_RS09430,rpsE,,30S ribosomal protein S5,structural constituent of ribosome|0003735||IEA,translation|0006412||IEA
ATU_RS09435,rplR,,50S ribosomal protein L18,structural constituent of ribosome|0003735||IEA,translation|0006412||IEA
ATU_RS09440,rplF,,50S ribosomal protein L6,structural constituent of ribosome|0003735||IEA,translation|0006412||IEA
ATU_RS09445,rpsH,,30S ribosomal protein S8,structural constituent of ribosome|0003735||IEA,translation|0006412||IEA
ATU_RS09450,rpsN,,30S ribosomal protein S14,structural constituent of ribosome|0003735||IEA,translation|0006412||IEA
ATU_RS09455,rplE,,50S ribosomal protein L5,structural constituent of ribosome|0003735||IEA,translation|0006412||IEA
ATU_RS09460,rplX,,50S ribosomal protein L24,structural constituent of ribosome|0003735||IEA,translation|0006412||IEA
ATU_RS09465,rplN,,50S ribosomal protein L14,structural constituent of ribosome|0003735||IEA,translation|0006412||IEA
ATU_RS09470,rpsQ,,30S ribosomal protein S17,structural constituent of ribosome|0003735||IEA,translation|0006412||IEA
ATU_RS09475,rpmC,,50S ribosomal protein L29,structural constituent of ribosome|0003735||IEA,translation|0006412||IEA
ATU_RS09480,rplP,,50S ribosomal protein L16,structural constituent of ribosome|0003735||IEA,translation|0006412||IEA
ATU_RS09485,rpsC,,30S ribosomal protein S3,structural constituent of ribosome|0003735||IEA,translation|0006412||IEA
ATU_RS09490,rplV,,50S ribosomal protein L22,structural constituent of ribosome|0003735||IEA,translation|0006412||IEA
ATU_RS09495,rpsS,,30S ribosomal protein S19,structural constituent of ribosome|0003735||IEA,translation|0006412||IEA
ATU_RS09500,rplB,,50S ribosomal protein L2,structural constituent of ribosome|0003735||IEA,translation|0006412||IEA
ATU_RS09505,,,50S ribosomal protein L23,structural constituent of ribosome|0003735||IEA,translation|0006412||IEA
ATU_RS09510,rplD,,50S ribosomal protein L4,structural constituent of ribosome|0003735||IEA,translation|0006412||IEA
ATU_RS09515,rplC,,50S ribosomal protein L3,structural constituent of ribosome|0003735||IEA,translation|0006412||IEA
ATU_RS09520,rpsJ,,30S ribosomal protein S10,RNA binding|0003723||IEA,translation|0006412||IEA
ATU_RS09525,tuf,,elongation factor Tu,translation elongation factor activity|0003746||IEA,translational elongation|0006414||IEA
ATU_RS09530,fusA,,elongation factor G,translation elongation factor activity|0003746||IEA,translational elongation|0006414||IEA
ATU_RS09535,rpsG,,30S ribosomal protein S7,structural constituent of ribosome|0003735||IEA,translation|0006412||IEA
ATU_RS09540,rpsL,,30S ribosomal protein S12,structural constituent of ribosome|0003735||IEA,translation|0006412||IEA
ATU_RS09545,,,hypothetical protein,,
ATU_RS09550,,,VOC family protein,,
ATU_RS09555,,,helix-turn-helix transcriptional regulator,,
ATU_RS09560,rpoC,,DNA-directed RNA polymerase subunit beta',DNA-directed 5'-3' RNA polymerase activity|0003899||IEA,DNA-templated transcription|0006351||IEA
ATU_RS09565,rpoB,,DNA-directed RNA polymerase subunit beta,DNA-directed 5'-3' RNA polymerase activity|0003899||IEA,DNA-templated transcription|0006351||IEA
ATU_RS09570,rplL,,50S ribosomal protein L7/L12,structural constituent of ribosome|0003735||IEA,translation|0006412||IEA
ATU_RS09575,rplJ,,50S ribosomal protein L10,structural constituent of ribosome|0003735||IEA,translation|0006412||IEA
ATU_RS09580,rplA,,50S ribosomal protein L1,structural constituent of ribosome|0003735||IEA,translation|0006412||IEA
ATU_RS09585,rplK,,50S ribosomal protein L11,structural constituent of ribosome|0003735||IEA,translation|0006412||IEA
ATU_RS09590,nusG,,transcription termination/antitermination protein NusG,,DNA-templated transcription termination|0006353||IEA
ATU_RS09595,secE,,preprotein translocase subunit SecE,protein-transporting ATPase activity|0015450||IEA,protein transport by the Sec complex|0043952||IEA
ATU_RS09605,,,NAD(P)-dependent oxidoreductase,oxidoreductase activity|0016491||IEA,
ATU_RS09610,tuf,,elongation factor Tu,translation elongation factor activity|0003746||IEA,translational elongation|0006414||IEA
ATU_RS09615,,,TerC family protein,,
ATU_RS09625,,,MliC family protein,,
ATU_RS09630,,,hypothetical protein,,
ATU_RS09635,,,BA14K family protein,,
ATU_RS09640,,,hypothetical protein,,
ATU_RS09645,,,cyclopropane-fatty-acyl-phospholipid synthase family protein,S-adenosylmethionine-dependent methyltransferase activity|0008757||IEA,
ATU_RS09650,,,DUF1295 domain-containing protein,,
ATU_RS09655,,,NAD(P)/FAD-dependent oxidoreductase,,
ATU_RS09660,,,DUF1365 domain-containing protein,,
ATU_RS09665,,,cyclopropane-fatty-acyl-phospholipid synthase family protein,S-adenosylmethionine-dependent methyltransferase activity|0008757||IEA,
ATU_RS09670,,,DUF2147 domain-containing protein,,
ATU_RS09675,,,DUF2177 family protein,,
ATU_RS09680,,,sigma-70 family RNA polymerase sigma factor,DNA binding|0003677||IEA,DNA-templated transcription initiation|0006352||IEA
ATU_RS09685,,,anti-sigma factor domain-containing protein,,
ATU_RS09690,,,sensor histidine kinase,,phosphorelay signal transduction system|0000160||IEA
ATU_RS09695,,,response regulator,,
ATU_RS09700,,,CHASE3 domain-containing protein,,
ATU_RS09705,,,response regulator,,phosphorelay signal transduction system|0000160||IEA
ATU_RS09710,,,sensor histidine kinase,protein histidine kinase activity|0004673||IEA,
ATU_RS09715,,,response regulator,,
ATU_RS09720,,,ATP-binding protein,,
ATU_RS09735,rlmB,,23S rRNA (guanosine(2251)-2'-O)-methyltransferase RlmB,RNA methyltransferase activity|0008173||IEA,RNA modification|0009451||IEA
ATU_RS09740,,,acyl-CoA thioesterase,fatty acyl-CoA hydrolase activity|0047617||IEA,
ATU_RS09745,,,hypothetical protein,,
ATU_RS09750,,,DUF2946 family protein,,
ATU_RS09755,,,PepSY domain-containing protein,,
ATU_RS09760,,,nuclear transport factor 2 family protein,,
ATU_RS09765,,,NAD(P)-dependent oxidoreductase,,
ATU_RS09770,,,helix-turn-helix domain-containing protein,DNA binding|0003677||IEA,
ATU_RS09775,uvrB,,excinuclease ABC subunit UvrB,DNA binding|0003677||IEA,nucleotide-excision repair|0006289||IEA
ATU_RS09780,,,alpha/beta hydrolase family protein,,
ATU_RS09785,,,DUF1801 domain-containing protein,,
ATU_RS09790,,,PRC-barrel domain-containing protein,bacteriochlorophyll binding|0042314||IEA,photosynthesis
ATU_RS09795,,,DUF922 domain-containing Zn-dependent protease,,
ATU_RS09800,,,J domain-containing protein,,
ATU_RS09805,,,nuclear transport factor 2 family protein,,
ATU_RS09815,,,GGDEF domain-containing protein,GTP binding|0005525||IEA,
ATU_RS09820,,,endonuclease/exonuclease/phosphatase family protein,catalytic activity|0003824||IEA,
ATU_RS09825,,,ABC transporter ATP-binding protein,ATP binding|0005524||IEA,
ATU_RS09830,,,iron ABC transporter permease,ATPase-coupled transmembrane transporter activity|0042626||IEA,iron ion transport|0006826||IEA
ATU_RS09835,,,ABC transporter substrate-binding protein,,
ATU_RS09840,,,PLP-dependent aminotransferase family protein,pyridoxal phosphate binding|0030170||IEA,
ATU_RS09845,,,RbsD/FucU family protein,,
ATU_RS09850,,,Txe/YoeB family addiction module toxin,,cell death|0008219||IEA
ATU_RS09855,,,type II toxin-antitoxin system Phd/YefM family antitoxin,,cell death|0008219||IEA
ATU_RS09860,ilvC,,ketol-acid reductoisomerase,,
ATU_RS09865,,,TetR/AcrR family transcriptional regulator,DNA binding|0003677||IEA,regulation of DNA-templated transcription|0006355||IEA
ATU_RS09870,,,AraC family transcriptional regulator,DNA-binding transcription factor activity|0003700||IEA,regulation of DNA-templated transcription|0006355||IEA
ATU_RS09875,,,NAD(P)-dependent alcohol dehydrogenase,oxidoreductase activity|0016491||IEA,
ATU_RS09880,,,NAD(P)/FAD-dependent oxidoreductase,,
ATU_RS09885,,,pyridoxine 5'-phosphate synthase,pyridoxine 5'-phosphate synthase activity|0033856||IEA,pyridoxine biosynthetic process|0008615||IEA
ATU_RS09890,,,MerR family transcriptional regulator,DNA binding|0003677||IEA,regulation of DNA-templated transcription|0006355||IEA
ATU_RS09895,,,ATP-dependent RecD-like DNA helicase,DNA binding|0003677||IEA,
ATU_RS09900,,,SRPBCC family protein,,
ATU_RS09905,,,helix-turn-helix transcriptional regulator,DNA binding|0003677||IEA,regulation of DNA-templated transcription|0006355||IEA
ATU_RS09910,,,hypothetical protein,,
ATU_RS09915,,,RNA polymerase sigma factor,sigma factor activity|0016987||IEA,DNA-templated transcription initiation|0006352||IEA
ATU_RS09920,,,anti-sigma factor,,
ATU_RS09925,,,aldo/keto reductase,,
ATU_RS09930,,,SRPBCC family protein,,
ATU_RS09935,,,helix-turn-helix transcriptional regulator,DNA binding|0003677||IEA,regulation of DNA-templated transcription|0006355||IEA
ATU_RS09940,ilvN,,acetolactate synthase small subunit,acetolactate synthase regulator activity|1990610||IEA,branched-chain amino acid biosynthetic process|0009082||IEA
ATU_RS09945,,,acetolactate synthase 3 large subunit,magnesium ion binding|0000287||IEA,branched-chain amino acid biosynthetic process|0009082||IEA
ATU_RS09950,,,ATP-binding protein,ATP binding|0005524||IEA,
ATU_RS09955,miaA,,tRNA (adenosine(37)-N6)-dimethylallyltransferase MiaA,tRNA dimethylallyltransferase activity|0052381||IEA,tRNA modification|0006400||IEA
ATU_RS09960,serB,,phosphoserine phosphatase SerB,L-phosphoserine phosphatase activity|0036424||IEA,L-serine biosynthetic process|0006564||IEA
ATU_RS09965,,,GNAT family N-acetyltransferase,N-acetyltransferase activity|0008080||IEA,
ATU_RS09970,,,SDR family oxidoreductase,,
ATU_RS09975,,,Do family serine endopeptidase,serine-type endopeptidase activity|0004252||IEA,proteolysis|0006508||IEA
ATU_RS09980,,,protease modulator HflC,,
ATU_RS09985,hflK,,FtsH protease activity modulator HflK,molecular_function|0003674||IEA,negative regulation of proteolysis|0045861||IEA
ATU_RS09990,,,dihydrofolate reductase,dihydrofolate reductase activity|0004146||IEA,
ATU_RS09995,,,thymidylate synthase,thymidylate synthase activity|0004799||IEA,dTMP biosynthetic process|0006231||IEA
ATU_RS10000,,,DUF2853 family protein,,
ATU_RS10010,,,SspB family protein,,
ATU_RS10015,,,DUF4169 family protein,,
ATU_RS10020,,,ribbon-helix-helix domain-containing protein,,
ATU_RS10025,,,AsmA-like C-terminal region-containing protein,,
ATU_RS10030,,,FAD-binding oxidoreductase,catalytic activity|0003824||IEA,
ATU_RS10035,,,efflux RND transporter permease subunit,transmembrane transporter activity|0022857||IEA,
ATU_RS10040,,,efflux RND transporter periplasmic adaptor subunit,transporter activity|0005215||IEA,transport|0006810||IEA
ATU_RS10045,,,carboxymuconolactone decarboxylase family protein,,
ATU_RS10050,,,ATP-dependent helicase,ATP binding|0005524||IEA,
ATU_RS10055,,,glycosyltransferase family 25 protein,,
ATU_RS10060,betI,,transcriptional regulator BetI,,glycine betaine biosynthetic process from choline|0019285||IEA
ATU_RS10065,,,choline ABC transporter substrate-binding protein,,
ATU_RS10070,,,alpha/beta fold hydrolase,hydrolase activity|0016787||IEA,
ATU_RS10075,,,DMT family transporter,transporter activity|0005215||IEA,transmembrane transport|0055085||IEA
ATU_RS10080,,,DMT family transporter,transporter activity|0005215||IEA,transmembrane transport|0055085||IEA
ATU_RS10085,,,DUF2778 domain-containing protein,,
ATU_RS10090,pncA,,bifunctional nicotinamidase/pyrazinamidase,,
ATU_RS10095,,,DUF2164 domain-containing protein,,
ATU_RS10100,,,AzlC family ABC transporter permease,,amino acid transport|0006865||IEA
ATU_RS10105,,,AzlD family protein,,
ATU_RS10110,,,aminopeptidase P family protein,aminopeptidase activity|0004177||IEA,proteolysis|0006508||IEA
ATU_RS26555,,,hypothetical protein,,
ATU_RS10115,,,50S ribosomal protein L11 methyltransferase,protein methyltransferase activity|0008276||IEA,protein methylation|0006479||IEA
ATU_RS10120,sco,,cytochrome oxidase assembly protein Sco,,
ATU_RS26660,,,hypothetical protein,,
ATU_RS10130,,,chemotaxis protein CheW,,chemotaxis|0006935||IEA
ATU_RS10135,,,CreA family protein,,
ATU_RS10140,,,3'-5' exonuclease,nucleic acid binding|0003676||IEA,
ATU_RS10145,gcvA,,transcriptional regulator GcvA,DNA-binding transcription factor activity|0003700||IEA,regulation of DNA-templated transcription|0006355||IEA
ATU_RS10150,,,DMT family transporter,transporter activity|0005215||IEA,transmembrane transport|0055085||IEA
ATU_RS10155,,,GNAT family N-acetyltransferase,N-acetyltransferase activity|0008080||IEA,
ATU_RS10160,,,aminoglycoside phosphotransferase family protein,ATP binding|0005524||IEA,phosphorylation|0016310||IEA
ATU_RS10165,ligA,,NAD-dependent DNA ligase LigA,DNA binding|0003677||IEA,DNA replication|0006260||IEA
ATU_RS10170,recN,,DNA repair protein RecN,ATP binding|0005524||IEA,DNA repair|0006281||IEA
ATU_RS10175,,,outer membrane protein assembly factor BamD,,
ATU_RS10180,lpxC,,UDP-3-O-acyl-N-acetylglucosamine deacetylase,UDP-3-O-[3-hydroxymyristoyl] N-acetylglucosamine deacetylase activity|0008759||IEA,lipid A biosynthetic process|0009245||IEA
ATU_RS10185,ftsZ,,cell division protein FtsZ,GTPase activity|0003924||IEA,cytokinesis|0000910||IEA
ATU_RS10190,ftsA,,cell division protein FtsA,protein binding|0005515||IEA,FtsZ-dependent cytokinesis|0043093||IEA
ATU_RS10195,,,cell division protein FtsQ/DivIB,,
ATU_RS10200,,,D-alanine--D-alanine ligase,ATP binding|0005524||IEA,peptidoglycan biosynthetic process|0009252||IEA
ATU_RS10205,,,MFS transporter,transmembrane transporter activity|0022857||IEA,transmembrane transport|0055085||IEA
ATU_RS10210,,,GGDEF domain-containing protein,GTP binding|0005525||IEA,
ATU_RS10215,murB,,UDP-N-acetylmuramate dehydrogenase,UDP-N-acetylmuramate dehydrogenase activity|0008762||IEA,
ATU_RS10220,murC,,UDP-N-acetylmuramate--L-alanine ligase,UDP-N-acetylmuramate-L-alanine ligase activity|0008763||IEA,peptidoglycan biosynthetic process|0009252||IEA
ATU_RS10225,murG,,undecaprenyldiphospho-muramoylpentapeptide beta-N-acetylglucosaminyltransferase,undecaprenyldiphospho-muramoylpentapeptide beta-N-acetylglucosaminyltransferase activity|0050511||IEA,peptidoglycan biosynthetic process|0009252||IEA
ATU_RS10230,ftsW,,putative lipid II flippase FtsW,molecular_function|0003674||IEA,peptidoglycan biosynthetic process|0009252||IEA
ATU_RS10235,murD,,UDP-N-acetylmuramoyl-L-alanine--D-glutamate ligase,UDP-N-acetylmuramoylalanine-D-glutamate ligase activity|0008764||IEA,peptidoglycan biosynthetic process|0009252||IEA
ATU_RS10240,mraY,,phospho-N-acetylmuramoyl-pentapeptide-transferase,phospho-N-acetylmuramoyl-pentapeptide-transferase activity|0008963||IEA,peptidoglycan biosynthetic process|0009252||IEA
ATU_RS10245,,,UDP-N-acetylmuramoylalanyl-D-glutamyl-2,ATP binding|0005524||IEA,biosynthetic process|0009058||IEA
ATU_RS10250,,,UDP-N-acetylmuramoyl-L-alanyl-D-glutamate--2,ATP binding|0005524||IEA,regulation of cell shape|0008360||IEA
ATU_RS10255,,,penicillin-binding protein 2,penicillin binding|0008658||IEA,peptidoglycan biosynthetic process|0009252||IEA
ATU_RS10260,,,hypothetical protein,,
ATU_RS10265,rsmH,,16S rRNA (cytosine(1402)-N(4))-methyltransferase RsmH,rRNA (cytosine) methyltransferase activity|0016434||IEA,
ATU_RS10270,mraZ,,division/cell wall cluster transcriptional repressor MraZ,,
ATU_RS10275,,,DUF350 domain-containing protein,,
ATU_RS10280,,,DUF1190 domain-containing protein,,
ATU_RS10285,,,glutathionylspermidine synthase family protein,,
ATU_RS10290,,,IS3-like element ISAtu3 family transposase,transposase activity|0004803||IEA,DNA transposition|0006313||IEA
ATU_RS10295,,,glutathionylspermidine synthase family protein,,
ATU_RS10305,,,FAD-binding oxidoreductase,oxidoreductase activity|0016491||IEA,
ATU_RS10310,,,FAD-dependent oxidoreductase,oxidoreductase activity|0016491||IEA,
ATU_RS10315,,,lytic transglycosylase domain-containing protein,,
ATU_RS10320,,,N-acetylmuramoyl-L-alanine amidase,zinc ion binding|0008270||IEA,cell wall organization|0071555||IEA
ATU_RS10325,,,DnaJ family molecular chaperone,,
ATU_RS10330,,,pyrophosphate--fructose-6-phosphate 1-phosphotransferase,,fructose 6-phosphate metabolic process|0006002||IEA
ATU_RS10335,,,LysE family translocator,,
ATU_RS10340,,,lytic transglycosylase domain-containing protein,,
ATU_RS10345,,,DUF3419 family protein,,
ATU_RS10350,,,class I SAM-dependent methyltransferase,methyltransferase activity|0008168||IEA,
ATU_RS10355,,,GH25 family lysozyme,lysozyme activity|0003796||IEA,peptidoglycan catabolic process|0009253||IEA
ATU_RS10360,,,lytic murein transglycosylase,,
ATU_RS10365,metF,,methylenetetrahydrofolate reductase [NAD(P)H],methylenetetrahydrofolate reductase (NAD(P)H) activity|0004489||IEA,methionine biosynthetic process|0009086||IEA
ATU_RS10370,,,metalloregulator ArsR/SmtB family transcription factor,,
ATU_RS10375,ettA,,energy-dependent translational throttle protein EttA,ATP binding|0005524||IEA,negative regulation of translational elongation|0045900||IEA
ATU_RS10380,,,alpha/beta hydrolase,hydrolase activity|0016787||IEA,
ATU_RS10385,,,CaiB/BaiF CoA-transferase family protein,,
ATU_RS10390,,,thiamine pyrophosphate-binding protein,,
ATU_RS10395,,,HugZ family protein,,
ATU_RS10400,,,RidA family protein,,
ATU_RS10405,,,TIGR01244 family sulfur transferase,hydrolase activity|0016787||IEA,
ATU_RS10410,,,aldose 1-epimerase family protein,,
ATU_RS10415,,,L,transferase activity|0016740||IEA,
ATU_RS10420,,,MFS transporter,transmembrane transporter activity|0022857||IEA,transmembrane transport|0055085||IEA
ATU_RS10425,,,TetR/AcrR family transcriptional regulator,DNA binding|0003677||IEA,regulation of DNA-templated transcription|0006355||IEA
ATU_RS10430,,,ParA family protein,ATP binding|0005524||IEA,
ATU_RS10435,,,hypothetical protein,,
ATU_RS10440,,,iron-containing alcohol dehydrogenase,adenyl nucleotide binding|0030554||IEA,
ATU_RS10445,,,aldehyde dehydrogenase family protein,,
ATU_RS10450,,,type II toxin-antitoxin system VapC family toxin,RNA nuclease activity|0004540||IEA,
ATU_RS10455,,,helix-turn-helix transcriptional regulator,DNA binding|0003677||IEA,
ATU_RS10460,,,glutamine synthetase family protein,glutamine synthetase activity|0004356||IEA,glutamine biosynthetic process|0006542||IEA
ATU_RS10465,,,amino acid permease,transmembrane transporter activity|0022857||IEA,transmembrane transport|0055085||IEA
ATU_RS10470,,,N-formylglutamate amidohydrolase,,
ATU_RS10475,,,MurR/RpiR family transcriptional regulator,DNA-binding transcription factor activity|0003700||IEA,regulation of DNA-templated transcription|0006355||IEA
ATU_RS10480,,,ABC transporter substrate-binding protein,,
ATU_RS10485,,,ABC transporter permease subunit,,
ATU_RS10490,,,iron ABC transporter permease,ATP binding|0005524||IEA,transmembrane transport|0055085||IEA
ATU_RS10495,,,ABC transporter ATP-binding protein,ATP binding|0005524||IEA,
ATU_RS10500,,,zinc-dependent alcohol dehydrogenase family protein,,
ATU_RS10505,,,hypothetical protein,,
ATU_RS10510,,,AAA family ATPase,ATP binding|0005524||IEA,
ATU_RS10515,,,MFS transporter,transmembrane transporter activity|0022857||IEA,transmembrane transport|0055085||IEA
ATU_RS10520,metH,,methionine synthase,zinc ion binding|0008270||IEA,methionine biosynthetic process|0009086||IEA
ATU_RS10525,,,AGE family epimerase/isomerase,isomerase activity|0016853||IEA,
ATU_RS10530,,,dual specificity protein phosphatase family protein,,
ATU_RS26905,,,hypothetical protein,,
ATU_RS10535,,,hypothetical protein,,
ATU_RS10540,,,outer membrane protein,,
ATU_RS10545,,,hypothetical protein,,
ATU_RS10555,,,SIMPL domain-containing protein,,
ATU_RS10560,,,hypothetical protein,,
ATU_RS10565,,,secondary thiamine-phosphate synthase enzyme YjbQ,catalytic activity|0003824||IEA,biological_process|0008150||IEA
ATU_RS10570,,,HWE histidine kinase domain-containing protein,protein histidine kinase activity|0004673||IEA,
ATU_RS10575,,,DUF930 domain-containing protein,,
ATU_RS10580,rpoD,,RNA polymerase sigma factor RpoD,DNA-binding transcription factor activity|0003700||IEA,regulation of DNA-templated transcription|0006355||IEA
ATU_RS10585,dnaG,,DNA primase,DNA primase activity|0003896||IEA,DNA replication
ATU_RS10590,,,GatB/YqeY domain-containing protein,,
ATU_RS10595,carA,,glutamine-hydrolyzing carbamoyl-phosphate synthase small subunit,carbamoyl-phosphate synthase (glutamine-hydrolyzing) activity|0004088||IEA,pyrimidine ribonucleotide biosynthetic process|0009220||IEA
ATU_RS10600,,,hypothetical protein,,
ATU_RS10605,,,alpha/beta hydrolase,hydrolase activity|0016787||IEA,
ATU_RS10610,,,MATE family efflux transporter,xenobiotic transmembrane transporter activity|0042910||IEA,xenobiotic transmembrane transport|0006855||IEA
ATU_RS10615,,,methyl-accepting chemotaxis protein,,signal transduction|0007165||IEA
ATU_RS10620,,,DUF2938 domain-containing protein,,
ATU_RS10625,,,neutral zinc metallopeptidase,zinc ion binding|0008270||IEA,
ATU_RS10630,,,DUF2306 domain-containing protein,,
ATU_RS10635,,,LytTR family DNA-binding domain-containing protein,DNA binding|0003677||IEA,
ATU_RS10640,carB,,carbamoyl-phosphate synthase large subunit,ATP binding|0005524||IEA,nitrogen compound metabolic process|0006807||IEA
ATU_RS10645,,,hypothetical protein,,
ATU_RS10650,,,GGDEF domain-containing protein,GTP binding|0005525||IEA,
ATU_RS10655,,,UdgX family uracil-DNA binding protein,,
ATU_RS10660,,,putative DNA modification/repair radical SAM protein,4 iron,
ATU_RS10665,greA,,transcription elongation factor GreA,DNA binding|0003677||IEA,regulation of DNA-templated transcription elongation|0032784||IEA
ATU_RS10670,,,glycosyltransferase family 4 protein,glycosyltransferase activity|0016757||IEA,
ATU_RS10675,,,Lrp/AsnC family transcriptional regulator,DNA binding|0003677||IEA,
ATU_RS10680,trxB,,thioredoxin-disulfide reductase,thioredoxin-disulfide reductase (NADP) activity|0004791||IEA,
ATU_RS10685,,,LysR family transcriptional regulator VtlR,,
ATU_RS10690,,,helix-turn-helix transcriptional regulator,DNA-binding transcription factor activity|0003700||IEA,
ATU_RS10695,,,alkene reductase,FMN binding|0010181||IEA,
ATU_RS10700,,,DUF6220 domain-containing protein,,
ATU_RS10705,,,NAD-dependent epimerase/dehydratase family protein,catalytic activity|0003824||IEA,
ATU_RS10710,,,LysR family transcriptional regulator,DNA-binding transcription factor activity|0003700||IEA,regulation of DNA-templated transcription|0006355||IEA
ATU_RS10715,,,DUF2188 domain-containing protein,,
ATU_RS10720,,,calcium:proton antiporter,,
ATU_RS10725,,,pyridoxal phosphate-dependent aminotransferase,transaminase activity|0008483||IEA,biosynthetic process|0009058||IEA
ATU_RS10730,,,EAL domain-containing protein,,
ATU_RS10735,,,hypothetical protein,,
ATU_RS10740,,,DMT family transporter,transporter activity|0005215||IEA,transmembrane transport|0055085||IEA
ATU_RS10745,,,cold-shock protein,transcription antitermination factor activity,
ATU_RS10750,,,MBL fold metallo-hydrolase,hydrolase activity|0016787||IEA,
ATU_RS10755,,,DUF1236 domain-containing protein,,
ATU_RS10760,,,MarR family winged helix-turn-helix transcriptional regulator,DNA binding|0003677||IEA,
ATU_RS10765,,,response regulator,DNA binding|0003677||IEA,phosphorelay signal transduction system|0000160||IEA
ATU_RS10770,,,ATP-binding protein,,
ATU_RS10775,,,tRNA-binding protein,tRNA binding|0000049||IEA,
ATU_RS10780,proC,,pyrroline-5-carboxylate reductase,pyrroline-5-carboxylate reductase activity|0004735||IEA,proline biosynthetic process|0006561||IEA
ATU_RS10785,,,YbjN domain-containing protein,,
ATU_RS10790,,,accessory factor UbiK family protein,,
ATU_RS10795,lgt,,prolipoprotein diacylglyceryl transferase,phosphatidylglycerol-prolipoprotein diacylglyceryl transferase activity|0008961||IEA,protein lipoylation|0009249||IEA
ATU_RS10800,,,class I SAM-dependent methyltransferase,,
ATU_RS10805,pgeF,,peptidoglycan editing factor PgeF,,
ATU_RS10810,,,Xaa-Pro peptidase family protein,peptidase activity|0008233||IEA,proteolysis|0006508||IEA
ATU_RS10815,,,hypothetical protein,,
ATU_RS10820,,,ribose-phosphate pyrophosphokinase,magnesium ion binding|0000287||IEA,5-phosphoribose 1-diphosphate biosynthetic process|0006015||IEA
ATU_RS10825,,,phosphatase PAP2 family protein,,
ATU_RS10830,,,glycosyltransferase family 39 protein,,
ATU_RS10835,,,lipid-A-disaccharide synthase N-terminal domain-containing protein,lipid-A-disaccharide synthase activity|0008915||IEA,lipid A biosynthetic process|0009245||IEA
ATU_RS10840,,,glycosyltransferase family 2 protein,glycosyltransferase activity|0016757||IEA,
ATU_RS10845,,,methyl-accepting chemotaxis protein,,signal transduction|0007165||IEA
ATU_RS10850,adh,,aldehyde dehydrogenase,,
ATU_RS10855,,,helix-turn-helix domain-containing protein,sequence-specific DNA binding|0043565||IEA,
ATU_RS10860,,,bifunctional diguanylate cyclase/phosphodiesterase,,
ATU_RS10865,,,50S ribosomal protein L25/general stress protein Ctc,structural constituent of ribosome|0003735||IEA,translation|0006412||IEA
ATU_RS10870,,,EAL domain-containing protein,,
ATU_RS10875,,,ABC transporter substrate-binding protein,,
ATU_RS10880,pth,,aminoacyl-tRNA hydrolase,aminoacyl-tRNA hydrolase activity|0004045||IEA,translation|0006412||IEA
ATU_RS10885,,,GNAT family N-acetyltransferase,N-acetyltransferase activity|0008080||IEA,
ATU_RS10890,clpS,,ATP-dependent Clp protease adapter ClpS,,
ATU_RS10895,ychF,,redox-regulated ATPase YchF,GTP binding|0005525||IEA,
ATU_RS10900,,,MaoC family dehydratase,,
ATU_RS10905,,,MaoC family dehydratase,,
ATU_RS10910,,,adenine phosphoribosyltransferase,adenine phosphoribosyltransferase activity|0003999||IEA,adenine salvage|0006168||IEA
ATU_RS10915,,,cytochrome c1,electron transfer activity|0009055||IEA,
ATU_RS10920,,,cytochrome b N-terminal domain-containing protein,electron transfer activity|0009055||IEA,
ATU_RS10925,petA,,ubiquinol-cytochrome c reductase iron-sulfur subunit,ubiquinol-cytochrome-c reductase activity|0008121||IEA,aerobic respiration|0009060||IEA
ATU_RS10930,,,endonuclease/exonuclease/phosphatase family protein,catalytic activity|0003824||IEA,
ATU_RS10935,,,ABC transporter ATP-binding protein,ATP binding|0005524||IEA,
ATU_RS10940,,,ABC transporter ATP-binding protein,ATP binding|0005524||IEA,
ATU_RS10945,,,phosphodiesterase,,
ATU_RS10950,,,tRNA (cytidine(34)-2'-O)-methyltransferase,,
ATU_RS10955,,,Na/Pi cotransporter family protein,sodium:phosphate symporter activity|0005436||IEA,sodium-dependent phosphate transport|0044341||IEA
ATU_RS10960,,,hypothetical protein,,
ATU_RS10965,hemF,,oxygen-dependent coproporphyrinogen oxidase,coproporphyrinogen oxidase activity|0004109||IEA,porphyrin-containing compound biosynthetic process|0006779||IEA
ATU_RS10970,,,hypothetical protein,,
ATU_RS10975,,,DUF1059 domain-containing protein,,
ATU_RS10980,,,CCA tRNA nucleotidyltransferase,,
ATU_RS10985,,,CoA pyrophosphatase,magnesium ion binding|0000287||IEA,DNA repair|0006281||IEA
ATU_RS10990,,,DUF1285 domain-containing protein,,
ATU_RS10995,,,MoxR family ATPase,ATP binding|0005524||IEA,
ATU_RS11000,,,DUF58 domain-containing protein,,
ATU_RS11005,,,DUF4159 domain-containing protein,,
ATU_RS11010,,,membrane protein,,
ATU_RS11015,,,GNAT family N-acetyltransferase,N-acetyltransferase activity|0008080||IEA,
ATU_RS11020,,,MFS transporter,transmembrane transporter activity|0022857||IEA,transmembrane transport|0055085||IEA
ATU_RS11025,,,GNAT family N-acetyltransferase,N-acetyltransferase activity|0008080||IEA,
ATU_RS11030,,,glutathione S-transferase family protein,glutathione transferase activity|0004364||IEA,
ATU_RS11035,,,NUDIX domain-containing protein,,
ATU_RS11040,,,metallophosphoesterase,,
ATU_RS11045,leuA,,2-isopropylmalate synthase,2-isopropylmalate synthase activity|0003852||IEA,leucine biosynthetic process|0009098||IEA
ATU_RS11050,,,benzoate/H(+) symporter BenE family transporter,benzoate transmembrane transporter activity|0042925||IEA,benzoate transport|0042919||IEA
ATU_RS11055,,,esterase-like activity of phytase family protein,,
ATU_RS11060,,,NrsF family protein,,
ATU_RS11065,,,sigma-70 family RNA polymerase sigma factor,DNA binding|0003677||IEA,DNA-templated transcription initiation|0006352||IEA
ATU_RS11070,,,pentapeptide MXKDX repeat protein,,
ATU_RS11075,,,ATP-dependent Clp protease proteolytic subunit,,
ATU_RS11080,,,HupE/UreJ family protein,,
ATU_RS11085,,,DUF2076 domain-containing protein,,
ATU_RS11090,queF,,preQ(1) synthase,preQ1 synthase activity|0033739||IEA,
ATU_RS11095,,,cation diffusion facilitator family transporter,monoatomic cation transmembrane transporter activity|0008324||IEA,
ATU_RS11100,,,glyoxalase superfamily protein,,response to antibiotic|0046677||IEA
ATU_RS11105,,,branched-chain amino acid ABC transporter substrate-binding protein,branched-chain amino acid transmembrane transporter activity|0015658||IEA,branched-chain amino acid transport|0015803||IEA
ATU_RS11110,,,DUF3095 domain-containing protein,,
ATU_RS11115,,,helix-turn-helix transcriptional regulator,DNA binding|0003677||IEA,regulation of DNA-templated transcription|0006355||IEA
ATU_RS11120,choV,,choline ABC transporter ATP-binding protein,choline transmembrane transporter activity|0015220||IEA,choline transport|0015871||IEA
ATU_RS11125,choW,,choline ABC transporter permease subunit,,transmembrane transport|0055085||IEA
ATU_RS11130,,,choline ABC transporter substrate-binding protein,,
ATU_RS11135,,,thymidine kinase,thymidine kinase activity|0004797||IEA,
ATU_RS11140,,,pseudoazurin,copper ion binding|0005507||IEA,
ATU_RS11145,,,DUF2333 family protein,,
ATU_RS11150,,,LuxR family transcriptional regulator,,regulation of DNA-templated transcription|0006355||IEA
ATU_RS11155,,,TIGR00645 family protein,,
ATU_RS11160,,,TonB-dependent hemoglobin/transferrin/lactoferrin family receptor,transmembrane transporter activity|0022857||IEA,transport|0006810||IEA
ATU_RS11165,,,extensin family protein,,
ATU_RS11170,,,anthranilate synthase,anthranilate synthase activity|0004049||IEA,tryptophan biosynthetic process|0000162||IEA
ATU_RS11175,,,GNAT family N-acetyltransferase,,
ATU_RS11180,,,HD-GYP domain-containing protein,hydrolase activity|0016787||IEA,
ATU_RS11185,ade,,adenine deaminase,adenine deaminase activity|0000034||IEA,adenine salvage|0006168||IEA
ATU_RS11190,,,hypothetical protein,,
ATU_RS11195,aac(6'),,aminoglycoside 6'-N-acetyltransferase,aminoglycoside 6'-N-acetyltransferase activity|0047663||IEA,
ATU_RS11200,,,alpha-glucosidase family protein,,
ATU_RS11205,,,sugar kinase,,
ATU_RS11210,,,bifunctional monoglucosyl/glucuronosyl diacylglycerol synthase,,
ATU_RS11215,,,hypothetical protein,,
ATU_RS11220,,,DUF2026 domain-containing protein,,
ATU_RS11225,der,,ribosome biogenesis GTPase Der,GTPase activity|0003924||IEA,ribosome biogenesis|0042254||IEA
ATU_RS11230,,,tetratricopeptide repeat protein,,
ATU_RS11235,,,NnrU family protein,,
ATU_RS11240,,,polysaccharide deacetylase family protein,,
ATU_RS11245,sbmA,,peptide antibiotic transporter SbmA,peptide transmembrane transporter activity|1904680||IEA,peptide transport|0015833||IEA
ATU_RS11250,,,MFS transporter,transmembrane transporter activity|0022857||IEA,transmembrane transport|0055085||IEA
ATU_RS11255,map,,type I methionyl aminopeptidase,,protein modification process|0036211||IEA
ATU_RS11260,,,LLM class flavin-dependent oxidoreductase,FMN binding|0010181||IEA,
ATU_RS11265,,,3-hydroxybutyrate dehydrogenase,3-hydroxybutyrate dehydrogenase activity|0003858||IEA,
ATU_RS11270,xdhA,,xanthine dehydrogenase small subunit,xanthine dehydrogenase activity|0004854||IEA,xanthine catabolic process|0009115||IEA
ATU_RS11275,xdhB,,xanthine dehydrogenase molybdopterin binding subunit,xanthine dehydrogenase activity|0004854||IEA,xanthine catabolic process|0009115||IEA
ATU_RS11280,xdhC,,xanthine dehydrogenase accessory protein XdhC,molybdopterin cofactor binding|0043546||IEA,xanthine catabolic process|0009115||IEA
ATU_RS11285,,,LysR substrate-binding domain-containing protein,,
ATU_RS11290,,,hypothetical protein,,
ATU_RS11295,puuD,,urate hydroxylase PuuD,,
ATU_RS11300,guaD,,guanine deaminase,guanine deaminase activity|0008892||IEA,guanine catabolic process|0006147||IEA
ATU_RS11305,,,sulfite exporter TauE/SafE family protein,,transport|0006810||IEA
ATU_RS11310,,,hypothetical protein,,
ATU_RS11315,,,alpha-hydroxy acid oxidase,FMN binding|0010181||IEA,
ATU_RS11320,,,multidrug efflux SMR transporter,transmembrane transporter activity|0022857||IEA,
ATU_RS11325,,,TetR/AcrR family transcriptional regulator,,
ATU_RS11330,,,D-alanyl-D-alanine carboxypeptidase,,
ATU_RS11335,,,metallophosphoesterase,,
ATU_RS11340,uraH,,hydroxyisourate hydrolase,,urate catabolic process|0019628||IEA
ATU_RS11345,,,ureidoglycolate lyase,,
ATU_RS11350,,,DUF86 domain-containing protein,,
ATU_RS11355,,,nucleotidyltransferase family protein,,
ATU_RS11360,uraD,,2-oxo-4-hydroxy-4-carboxy-5-ureidoimidazoline decarboxylase,,urate catabolic process|0019628||IEA
ATU_RS11365,puuE,,allantoinase PuuE,hydrolase activity,allantoin catabolic process|0000256||IEA
ATU_RS11370,,,DUF1045 domain-containing protein,,
ATU_RS11375,,,FAD-binding oxidoreductase,oxidoreductase activity|0016491||IEA,
ATU_RS11380,mnmD,,tRNA (5-methylaminomethyl-2-thiouridine)(34)-methyltransferase MnmD,oxidoreductase activity,
ATU_RS11385,,,response regulator,,phosphorelay signal transduction system|0000160||IEA
ATU_RS11390,,,DEAD/DEAH box helicase,helicase activity|0004386||IEA,
ATU_RS11395,,,DMT family transporter,,
ATU_RS11400,,,DoxX family protein,,
ATU_RS11405,,,L,acyltransferase activity|0016746||IEA,peptidoglycan-protein cross-linking|0018104||IEA
ATU_RS11410,,,DMT family transporter,transporter activity|0005215||IEA,transmembrane transport|0055085||IEA
ATU_RS11415,,,circularly permuted type 2 ATP-grasp protein,,
ATU_RS11420,,,alpha-E domain-containing protein,,
ATU_RS11425,,,transglutaminase family protein,,
ATU_RS11430,,,bifunctional 2-polyprenyl-6-hydroxyphenol methylase/3-demethylubiquinol 3-O-methyltransferase UbiG,methyltransferase activity|0008168||IEA,
ATU_RS11435,,,GNAT family N-acetyltransferase,N-acetyltransferase activity|0008080||IEA,
ATU_RS11440,,,GNAT family N-acetyltransferase,N-acetyltransferase activity|0008080||IEA,
ATU_RS11445,,,VOC family protein,,
ATU_RS11450,araD1,,2-keto-3-deoxy-L-arabinonate dehydratase AraD1,,
ATU_RS11455,gguB,,sugar ABC transporter permease GguB,,
ATU_RS11460,gguA,,sugar ABC transporter ATP-binding protein GguA,,
ATU_RS11465,chvE,,sugar ABC transporter substrate-binding protein ChvE,,
ATU_RS11470,,,LysR family transcriptional regulator,,
ATU_RS11475,,,hypothetical protein,,
ATU_RS11480,,,hypothetical protein,,
ATU_RS11485,,,MarR family winged helix-turn-helix transcriptional regulator,DNA-binding transcription factor activity|0003700||IEA,regulation of DNA-templated transcription|0006355||IEA
ATU_RS11495,uppW,,Wzy-type polysaccharide biosynthesis protein UppW,,
ATU_RS11500,uppZ,,polysaccharide biosynthesis acyltransferase UppZ,,
ATU_RS11505,,,hypothetical protein,,
ATU_RS11510,,,methyl-accepting chemotaxis protein,,
ATU_RS11515,,,MFS transporter,,
ATU_RS11520,,,homocysteine S-methyltransferase family protein,,
ATU_RS11525,,,ABC transporter permease,,
ATU_RS11530,,,ABC transporter permease,,
ATU_RS11535,,,transporter substrate-binding domain-containing protein,,
ATU_RS11540,,,ABC transporter ATP-binding protein,,
ATU_RS11545,,,hypothetical protein,,
ATU_RS11550,uppG,,polysaccharide biosynthesis glycosyltransferase UppG,,
ATU_RS11555,uppI,,polysaccharide biosynthesis UDP-hexose transferase UppI,,
ATU_RS11560,uppH,,polysaccharide biosynthesis endo-1,,
ATU_RS11565,uppJ,,polysaccharide biosynthesis UDP-hexose transferase UppJ,,
ATU_RS11570,,,hypothetical protein,,
ATU_RS11575,uppL,,polysaccharide biosynthesis UDP-hexose transferase UppL,,
ATU_RS11580,,,hypothetical protein,,
ATU_RS11585,uppM,,polysaccharide biosynthesis protein UppM,,
ATU_RS11590,uppO,,polysaccharide biosynthesis phosphomannomutase UppO,,
ATU_RS11595,,,group II truncated hemoglobin,,
ATU_RS11600,,,DUF423 domain-containing protein,,
ATU_RS11605,,,hypothetical protein,,
ATU_RS11610,,,DUF2325 domain-containing protein,,
ATU_RS11615,,,TetR family transcriptional regulator C-terminal domain-containing protein,,negative regulation of DNA-templated transcription|0045892||IEA
ATU_RS11620,,,Zn-dependent hydrolase,,
ATU_RS11625,hydA,,dihydropyrimidinase,dihydropyrimidinase activity|0004157||IEA,metabolic process|0008152||IEA
ATU_RS11630,,,NUDIX domain-containing protein,,
ATU_RS11635,,,ABC transporter ATP-binding protein,ATP binding|0005524||IEA,
ATU_RS11640,,,ABC transporter permease,ATP binding|0005524||IEA,
ATU_RS11645,,,ABC transporter permease,ATP binding|0005524||IEA,
ATU_RS11650,,,ABC transporter substrate-binding protein,ABC-type transporter activity|0140359||IEA,
ATU_RS11655,,,efflux RND transporter periplasmic adaptor subunit,transporter activity|0005215||IEA,transport|0006810||IEA
ATU_RS11660,,,efflux RND transporter permease subunit,transmembrane transporter activity|0022857||IEA,
ATU_RS11665,,,Crp/Fnr family transcriptional regulator,DNA-binding transcription factor activity|0003700||IEA,regulation of DNA-templated transcription|0006355||IEA
ATU_RS11670,,,MBL fold metallo-hydrolase,,
ATU_RS11675,ureG,,urease accessory protein UreG,metallochaperone activity|0016530||IEA,urea metabolic process|0019627||IEA
ATU_RS11680,,,urease accessory protein UreF,,
ATU_RS11685,ureE,,urease accessory protein UreE,,
ATU_RS11690,,,peroxiredoxin,,
ATU_RS11695,,,TIGR02117 family protein,,
ATU_RS11700,ureC,,urease subunit alpha,urease activity|0009039||IEA,urea metabolic process|0019627||IEA
ATU_RS11705,,,hypothetical protein,,
ATU_RS11710,,,lysozyme inhibitor LprI family protein,,
ATU_RS11715,,,GFA family protein,metal ion binding|0046872||IEA,
ATU_RS11720,,,urease subunit beta,,urea catabolic process|0043419||IEA
ATU_RS11725,,,DUF1272 domain-containing protein,,
ATU_RS11730,,,urease subunit gamma,urease activity|0009039||IEA,urea catabolic process|0043419||IEA
ATU_RS11735,,,urease accessory protein UreD,,
ATU_RS11740,,,PHB depolymerase family esterase,,
ATU_RS11745,urtE,,urea ABC transporter ATP-binding subunit UrtE,ATP binding|0005524||IEA,urea transport|0015840||IEA
ATU_RS11750,urtD,,urea ABC transporter ATP-binding protein UrtD,ATP binding|0005524||IEA,urea transport|0015840||IEA
ATU_RS11755,urtC,,urea ABC transporter permease subunit UrtC,ATPase-coupled urea transmembrane transporter activity|0033221||IEA,urea transport|0015840||IEA
ATU_RS11760,urtB,,urea ABC transporter permease subunit UrtB,ATPase-coupled urea transmembrane transporter activity|0033221||IEA,urea transport|0015840||IEA
ATU_RS11765,urtA,,urea ABC transporter substrate-binding protein,urea binding|0033219||IEA,urea transport|0015840||IEA
ATU_RS11770,,,DUF2735 domain-containing protein,,
ATU_RS11775,,,glutamine synthetase beta-grasp domain-containing protein,glutamine synthetase activity|0004356||IEA,glutamine biosynthetic process|0006542||IEA
ATU_RS11780,,,SDR family oxidoreductase,,
ATU_RS11785,,,ATP-binding protein,,
ATU_RS11790,,,response regulator,,phosphorelay signal transduction system|0000160||IEA
ATU_RS11795,,,AAA family ATPase,,
ATU_RS11800,,,polysaccharide deacetylase family protein,hydrolase activity,carbohydrate metabolic process|0005975||IEA
ATU_RS11805,,,branched-chain amino acid ABC transporter substrate-binding protein,branched-chain amino acid transmembrane transporter activity|0015658||IEA,branched-chain amino acid transport|0015803||IEA
ATU_RS11810,,,DUF6867 family protein,,
ATU_RS11815,,,ABC transporter ATP-binding protein,ATP binding|0005524||IEA,
ATU_RS11820,,,ABC transporter ATP-binding protein,ATP binding|0005524||IEA,
ATU_RS11825,livM,,high-affinity branched-chain amino acid ABC transporter permease LivM,branched-chain amino acid transmembrane transporter activity|0015658||IEA,transmembrane transport|0055085||IEA
ATU_RS11830,,,branched-chain amino acid ABC transporter permease,,
ATU_RS11835,cysQ,,3'(2'),3'(2'),sulfur compound metabolic process|0006790||IEA
ATU_RS11840,,,DUF2793 domain-containing protein,,
ATU_RS11845,,,DUF1153 domain-containing protein,,
ATU_RS11850,,,GNAT family N-acetyltransferase,N-acetyltransferase activity|0008080||IEA,
ATU_RS11855,,,DUF1059 domain-containing protein,,
ATU_RS11860,,,flagellar export protein FliJ,,
ATU_RS11865,ctrA,,response regulator transcription factor CtrA,,
ATU_RS11870,,,GNAT family N-acetyltransferase,N-acetyltransferase activity|0008080||IEA,
ATU_RS11875,,,alpha/beta fold hydrolase,,
ATU_RS11880,,,GNAT family N-acetyltransferase,,
ATU_RS11885,,,histidine phosphotransferase ChpT,,
ATU_RS11890,,,DUF1134 domain-containing protein,,
ATU_RS11895,,,hypothetical protein,,
ATU_RS11900,,,RNA methyltransferase,RNA methyltransferase activity|0008173||IEA,RNA methylation|0001510||IEA
ATU_RS11905,,,hypothetical protein,,
ATU_RS11910,,,RluA family pseudouridine synthase,RNA binding|0003723||IEA,pseudouridine synthesis|0001522||IEA
ATU_RS11915,,,class I SAM-dependent methyltransferase,methyltransferase activity|0008168||IEA,
ATU_RS11920,rpoH,,RNA polymerase sigma factor RpoH,sigma factor activity|0016987||IEA,DNA-templated transcription initiation|0006352||IEA
ATU_RS11925,,,hypothetical protein,,
ATU_RS11930,,,adenylosuccinate synthase,adenylosuccinate synthase activity|0004019||IEA,purine nucleotide biosynthetic process|0006164||IEA
ATU_RS11935,,,DMT family transporter,transporter activity|0005215||IEA,transmembrane transport|0055085||IEA
ATU_RS11940,,,transglutaminase-like cysteine peptidase,,
ATU_RS11945,,,transglycosylase SLT domain-containing protein,,
ATU_RS11950,,,alpha/beta hydrolase,,
ATU_RS11955,,,VOC family protein,,
ATU_RS11960,,,siderophore-interacting protein,,
ATU_RS11965,ung,,uracil-DNA glycosylase,uracil DNA N-glycosylase activity|0004844||IEA,base-excision repair|0006284||IEA
ATU_RS11970,,,VOC family protein,,
ATU_RS11975,,,YbaN family protein,,
ATU_RS11980,,,heme ABC transporter ATP-binding protein,ATP binding|0005524||IEA,
ATU_RS11985,,,iron ABC transporter permease,ATPase-coupled transmembrane transporter activity|0042626||IEA,
ATU_RS11990,,,hemin ABC transporter substrate-binding protein,,
ATU_RS11995,,,antibiotic biosynthesis monooxygenase,monooxygenase activity|0004497||IEA,
ATU_RS12000,hutX,,heme utilization cystosolic carrier protein HutX,,
ATU_RS12005,,,YbaY family lipoprotein,,
ATU_RS12010,purU,,formyltetrahydrofolate deformylase,formyltetrahydrofolate deformylase activity|0008864||IEA,purine ribonucleotide biosynthetic process|0009152||IEA
ATU_RS12015,,,sensor histidine kinase,phosphorelay sensor kinase activity|0000155||IEA,signal transduction|0007165||IEA
ATU_RS12020,,,response regulator transcription factor,DNA binding|0003677||IEA,phosphorelay signal transduction system|0000160||IEA
ATU_RS12025,,,ABC transporter substrate-binding protein,,
ATU_RS12030,,,tripartite tricarboxylate transporter substrate binding protein,,
ATU_RS12035,,,tripartite tricarboxylate transporter TctB family protein,transporter activity|0005215||IEA,
ATU_RS12040,,,tripartite tricarboxylate transporter permease,,
ATU_RS12045,,,hypothetical protein,,
ATU_RS12050,,,siderophore ABC transporter substrate-binding protein,,
ATU_RS12055,,,ABC transporter permease,,
ATU_RS12060,,,iron chelate uptake ABC transporter family permease subunit,,
ATU_RS12065,,,ABC transporter ATP-binding protein,,
ATU_RS12070,dps,,DNA starvation/stationary phase protection protein Dps,oxidoreductase activity,
ATU_RS12075,,,hypothetical protein,,
ATU_RS12085,,,LysR family transcriptional regulator,DNA binding|0003677||IEA,
ATU_RS12090,,,alpha/beta hydrolase fold domain-containing protein,hydrolase activity|0016787||IEA,
ATU_RS12095,,,efflux RND transporter periplasmic adaptor subunit,transporter activity|0005215||IEA,transport|0006810||IEA
ATU_RS12100,,,efflux RND transporter permease subunit,efflux transmembrane transporter activity|0015562||IEA,xenobiotic transport|0042908||IEA
ATU_RS12105,,,hypothetical protein,,
ATU_RS12110,,,endonuclease/exonuclease/phosphatase family protein,catalytic activity|0003824||IEA,
ATU_RS12115,,,phosphatidylserine/phosphatidylglycerophosphate/cardiolipin synthase family protein,,
ATU_RS12120,pdxY,,pyridoxal kinase PdxY,pyridoxal kinase activity|0008478||IEA,pyridoxal 5'-phosphate salvage|0009443||IEA
ATU_RS12125,,,carbonic anhydrase,carbonate dehydratase activity|0004089||IEA,
ATU_RS12130,,,lytic transglycosylase domain-containing protein,,
ATU_RS12135,,,aspartate-semialdehyde dehydrogenase,aspartate-semialdehyde dehydrogenase activity|0004073||IEA,amino acid biosynthetic process|0008652||IEA
ATU_RS12145,,,MFS transporter,transmembrane transporter activity|0022857||IEA,transmembrane transport|0055085||IEA
ATU_RS12150,,,Re/Si-specific NAD(P)(+) transhydrogenase subunit alpha,NAD(P)+ transhydrogenase activity|0008746||IEA,proton transmembrane transport|1902600||IEA
ATU_RS12155,,,NAD(P)(+) transhydrogenase (Re/Si-specific) subunit beta,,
ATU_RS12160,rutF,,NADH-dependent FMN reductase RutF,,
ATU_RS12165,,,malonic semialdehyde reductase,oxidoreductase activity|0016491||IEA,
ATU_RS12170,rutD,,pyrimidine utilization protein D,hydrolase activity,uracil catabolic process|0006212||IEA
ATU_RS12175,rutC,,pyrimidine utilization protein C,,
ATU_RS12180,rutB,,pyrimidine utilization protein B,hydrolase activity,
ATU_RS12185,rutA,,pyrimidine utilization protein A,FMN binding|0010181||IEA,biological_process|0008150||IEA
ATU_RS12190,,,biliverdin-producing heme oxygenase,,
ATU_RS12195,,,dihydrodipicolinate synthase family protein,,
ATU_RS12200,,,GntR family transcriptional regulator,DNA-binding transcription factor activity|0003700||IEA,
ATU_RS12205,,,ABC transporter substrate-binding protein,ATPase-coupled transmembrane transporter activity|0042626||IEA,
ATU_RS12210,,,carbohydrate ABC transporter permease,ATPase-coupled transmembrane transporter activity|0042626||IEA,
ATU_RS12215,,,carbohydrate ABC transporter permease,,carbohydrate transport|0008643||IEA
ATU_RS12220,ugpC,,ABC transporter ATP-binding protein,ATP binding|0005524||IEA,
ATU_RS12225,,,sugar kinase,,
ATU_RS12230,,,P1 family peptidase,,
ATU_RS12235,,,D-amino-acid transaminase,,
ATU_RS12240,,,LysR substrate-binding domain-containing protein,,
ATU_RS12245,,,serine hydrolase,hydrolase activity|0016787||IEA,
ATU_RS12250,,,ABC transporter ATP-binding protein,ATP binding|0005524||IEA,
ATU_RS12255,,,ABC transporter ATP-binding protein,ATP binding|0005524||IEA,
ATU_RS12260,nikC,,nickel transporter permease,ABC-type transporter activity|0140359||IEA,
ATU_RS12265,,,ABC transporter permease,,transmembrane transport|0055085||IEA
ATU_RS12270,,,ABC transporter substrate-binding protein,ATPase-coupled transmembrane transporter activity|0042626||IEA,
ATU_RS12275,,,dipeptidase,metal ion binding|0046872||IEA,proteolysis|0006508||IEA
ATU_RS12280,,,hypothetical protein,,
ATU_RS12285,mprF,,bifunctional lysylphosphatidylglycerol flippase/synthetase MprF,,
ATU_RS12290,acvB,,lysyl-phosphatidylglycerol hydrolase AcvB,,
ATU_RS12295,,,telomere resolvase,,
ATU_RS12300,,,DUF1217 domain-containing protein,,
ATU_RS12305,,,aromatic acid/H+ symport family MFS transporter,,
ATU_RS12310,,,YciI family protein,,
ATU_RS12315,graB,,hydroxyquinol 1,,
ATU_RS12320,graC,,maleylacetate reductase,,
ATU_RS12325,tsdA,,gamma-resorcylate decarboxylase,,
ATU_RS12330,graA,,FADH(2)-dependent resorcinol hydroxylase oxygenase component,,
ATU_RS12335,graD,,FADH(2)-dependent resorcinol hydroxylase reductase component,,
ATU_RS12340,,,MarR family winged helix-turn-helix transcriptional regulator,DNA-binding transcription factor activity|0003700||IEA,regulation of DNA-templated transcription|0006355||IEA
ATU_RS12345,,,hypothetical protein,,
ATU_RS12350,,,outer membrane protein,,
ATU_RS12355,,,HAMP domain-containing sensor histidine kinase,phosphorelay response regulator activity|0000156||IEA,signal transduction|0007165||IEA
ATU_RS12360,,,response regulator transcription factor,DNA binding|0003677||IEA,phosphorelay signal transduction system|0000160||IEA
ATU_RS12365,,,TetR/AcrR family transcriptional regulator,DNA binding|0003677||IEA,regulation of DNA-templated transcription|0006355||IEA
ATU_RS12370,,,NADH:flavin oxidoreductase,,
ATU_RS12410,,,phosphoribosylaminoimidazolesuccinocarboxamide synthase,phosphoribosylaminoimidazolesuccinocarboxamide synthase activity|0004639||IEA,purine nucleotide biosynthetic process|0006164||IEA
ATU_RS12415,ameR,,TetR family transcriptional regulator AmeR,,
ATU_RS12420,,,efflux RND transporter periplasmic adaptor subunit,transporter activity|0005215||IEA,transport|0006810||IEA
ATU_RS12425,,,efflux RND transporter permease subunit,efflux transmembrane transporter activity|0015562||IEA,xenobiotic transport|0042908||IEA
ATU_RS12430,,,efflux transporter outer membrane subunit,porin activity|0015288||IEA,transport|0006810||IEA
ATU_RS12435,efp,,elongation factor P,translation elongation factor activity|0003746||IEA,translational elongation|0006414||IEA
ATU_RS12440,epmA,,EF-P lysine aminoacylase EpmA,nucleotide binding|0000166||IEA,lysyl-tRNA aminoacylation|0006430||IEA
ATU_RS12445,,,lysine-2,iron-sulfur cluster binding|0051536||IEA,
ATU_RS12450,,,hypothetical protein,,
ATU_RS12455,,,Lrp/AsnC ligand binding domain-containing protein,,
ATU_RS12460,,,LysR family transcriptional regulator,,
ATU_RS12465,,,FAD-binding oxidoreductase,oxidoreductase activity|0016491||IEA,
ATU_RS12470,modA,,molybdate ABC transporter substrate-binding protein,,molybdate ion transport|0015689||IEA
ATU_RS12475,modB,,molybdate ABC transporter permease subunit,molybdate ion transmembrane transporter activity|0015098||IEA,molybdate ion transport|0015689||IEA
ATU_RS12480,modC,,molybdenum ABC transporter ATP-binding protein,ATP binding|0005524||IEA,molybdate ion transport|0015689||IEA
ATU_RS12485,,,winged helix-turn-helix domain-containing protein,,
ATU_RS12490,,,P1 family peptidase,,
ATU_RS12495,,,thiazole synthase,thiazole synthase activity|1990107||IEA,
ATU_RS12500,thiS,,sulfur carrier protein ThiS,catalytic activity|0003824||IEA,thiamine biosynthetic process|0009228||IEA
ATU_RS12505,thiO,,glycine oxidase ThiO,oxidoreductase activity,
ATU_RS12510,thiC,,phosphomethylpyrimidine synthase ThiC,iron-sulfur cluster binding|0051536||IEA,thiamine biosynthetic process|0009228||IEA
ATU_RS12515,,,acyl carrier protein,,
ATU_RS12520,,,acyl-CoA dehydrogenase family protein,oxidoreductase activity|0016491||IEA,
ATU_RS12525,,,amino acid--[acyl-carrier-protein] ligase,,
ATU_RS12530,,,DUF1839 family protein,,
ATU_RS12535,,,glycoside hydrolase family 2 protein,,
ATU_RS12540,,,serine aminopeptidase domain-containing protein,,
ATU_RS12545,,,ABC transporter ATP-binding protein,ATP binding|0005524||IEA,
ATU_RS12550,,,cyclic nucleotide-binding domain-containing protein,cyclic nucleotide binding|0030551||IEA,
ATU_RS12555,,,MBL fold metallo-hydrolase,,
ATU_RS12560,,,adenylate/guanylate cyclase domain-containing protein,,
ATU_RS12565,,,class I SAM-dependent methyltransferase,,
ATU_RS12570,,,nucleotide sugar dehydrogenase,,
ATU_RS12575,,,glycosyltransferase family 4 protein,glycosyltransferase activity|0016757||IEA,
ATU_RS12580,,,polysaccharide deacetylase family protein,,
ATU_RS12585,,,glycosyltransferase family 32 protein,,
ATU_RS12590,,,ABC transporter ATP-binding protein,ATP binding|0005524||IEA,
ATU_RS12595,,,ABC transporter substrate-binding protein,ATPase-coupled transmembrane transporter activity|0042626||IEA,
ATU_RS12600,,,ABC transporter permease,,transmembrane transport|0055085||IEA
ATU_RS12605,,,ABC transporter permease,ATPase-coupled transmembrane transporter activity|0042626||IEA,
ATU_RS12610,,,glycosyltransferase family protein,,
ATU_RS12615,,,glycosyltransferase family 4 protein,glycosyltransferase activity|0016757||IEA,
ATU_RS12620,,,glycosyltransferase family protein,hexosyltransferase activity|0016758||IEA,
ATU_RS12625,,,copper homeostasis protein CutC,copper ion binding|0005507||IEA,copper ion homeostasis|0055070||IEA
ATU_RS12630,,,MFS transporter,transmembrane transporter activity|0022857||IEA,transmembrane transport|0055085||IEA
ATU_RS12635,,,M81 family metallopeptidase,,
ATU_RS12640,,,beta-N-acetylhexosaminidase,,
ATU_RS12645,,,SDR family oxidoreductase,,
ATU_RS12650,,,MurR/RpiR family transcriptional regulator,DNA-binding transcription factor activity|0003700||IEA,regulation of DNA-templated transcription|0006355||IEA
ATU_RS12655,,,hypothetical protein,,
ATU_RS12660,ugpC,,ABC transporter ATP-binding protein,ATP binding|0005524||IEA,
ATU_RS12665,,,extracellular solute-binding protein,,
ATU_RS12670,,,carbohydrate ABC transporter permease,,carbohydrate transport|0008643||IEA
ATU_RS12675,,,carbohydrate ABC transporter permease,ATPase-coupled transmembrane transporter activity|0042626||IEA,
ATU_RS12680,,,Gfo/Idh/MocA family protein,oxidoreductase activity|0016491||IEA,
ATU_RS12685,,,GntR family transcriptional regulator,DNA binding|0003677||IEA,
ATU_RS12690,,,SIS domain-containing protein,hydrolase activity|0016787||IEA,carbohydrate metabolic process|0005975||IEA
ATU_RS12695,nagA,,N-acetylglucosamine-6-phosphate deacetylase,N-acetylglucosamine-6-phosphate deacetylase activity|0008448||IEA,amino sugar metabolic process|0006040||IEA
ATU_RS12700,,,ROK family protein,,
ATU_RS12705,,,FAD-dependent oxidoreductase,,
ATU_RS12710,,,phosphatase PAP2 family protein,,
ATU_RS12715,dxr,,1-deoxy-D-xylulose-5-phosphate reductoisomerase,1-deoxy-D-xylulose-5-phosphate reductoisomerase activity|0030604||IEA,isopentenyl diphosphate biosynthetic process
ATU_RS12720,hemA,,5-aminolevulinate synthase,5-aminolevulinate synthase activity|0003870||IEA,heme biosynthetic process|0006783||IEA
ATU_RS12725,,,YMGG-like glycine zipper-containing protein,,
ATU_RS12730,,,autotransporter assembly complex family protein,,
ATU_RS12735,,,translocation/assembly module TamB domain-containing protein,,protein secretion|0009306||IEA
ATU_RS12740,,,chemotaxis protein CheW,,chemotaxis|0006935||IEA
ATU_RS12745,,,methyl-accepting chemotaxis protein,,
ATU_RS12750,fdhD,,formate dehydrogenase accessory sulfurtransferase FdhD,formate dehydrogenase (NAD+) activity|0008863||IEA,anaerobic respiration|0009061||IEA
ATU_RS12755,,,F0F1 ATP synthase subunit epsilon,proton-transporting ATP synthase activity,proton motive force-driven ATP synthesis|0015986||IEA
ATU_RS12760,atpD,,F0F1 ATP synthase subunit beta,proton-transporting ATP synthase activity,proton motive force-driven ATP synthesis|0015986||IEA
ATU_RS12765,,,F0F1 ATP synthase subunit gamma,proton-transporting ATP synthase activity,proton motive force-driven ATP synthesis|0015986||IEA
ATU_RS12770,atpA,,F0F1 ATP synthase subunit alpha,proton-transporting ATP synthase activity,proton motive force-driven ATP synthesis|0015986||IEA
ATU_RS12775,,,F0F1 ATP synthase subunit delta,proton-transporting ATP synthase activity,proton motive force-driven ATP synthesis|0015986||IEA
ATU_RS12780,,,phage infection protein,,
ATU_RS12785,,,primosomal protein N',DNA binding|0003677||IEA,DNA duplex unwinding|0032508||IEA
ATU_RS12790,,,tyrosine recombinase XerC,DNA binding|0003677||IEA,DNA transposition|0006313||IEA
ATU_RS12795,,,TraB/GumN family protein,,
ATU_RS12800,,,DUF2867 domain-containing protein,,
ATU_RS12805,,,cytochrome b,electron transfer activity|0009055||IEA,respiratory electron transport chain|0022904||IEA
ATU_RS12810,lpdA,,dihydrolipoyl dehydrogenase,dihydrolipoyl dehydrogenase activity|0004148||IEA,glycolytic process|0006096||IEA
ATU_RS12815,,,LysE family translocator,,
ATU_RS12820,,,MAPEG family protein,,
ATU_RS12825,odhB,,2-oxoglutarate dehydrogenase complex dihydrolipoyllysine-residue succinyltransferase,dihydrolipoyllysine-residue succinyltransferase activity|0004149||IEA,tricarboxylic acid cycle|0006099||IEA
ATU_RS12830,,,2-oxoglutarate dehydrogenase E1 component,oxoglutarate dehydrogenase (succinyl-transferring) activity|0004591||IEA,tricarboxylic acid cycle|0006099||IEA
ATU_RS12835,sucD,,succinate--CoA ligase subunit alpha,catalytic activity|0003824||IEA,
ATU_RS12840,sucC,,ADP-forming succinate--CoA ligase subunit beta,catalytic activity|0003824||IEA,tricarboxylic acid cycle|0006099||IEA
ATU_RS12845,mdh,,malate dehydrogenase,oxidoreductase activity,carbohydrate metabolic process|0005975||IEA
ATU_RS12850,zapE,,cell division protein ZapE,ATP binding|0005524||IEA,cell division|0051301||IEA
ATU_RS12855,,,protease inhibitor Inh/omp19 family protein,,
ATU_RS12860,,,succinate dehydrogenase iron-sulfur subunit,succinate dehydrogenase (quinone) activity|0008177||IEA,
ATU_RS12865,sdhA,,succinate dehydrogenase flavoprotein subunit,oxidoreductase activity,tricarboxylic acid cycle|0006099||IEA
ATU_RS12870,sdhD,,succinate dehydrogenase,succinate dehydrogenase activity|0000104||IEA,tricarboxylic acid cycle|0006099||IEA
ATU_RS12875,sdhC,,succinate dehydrogenase,succinate dehydrogenase activity|0000104||IEA,tricarboxylic acid cycle|0006099||IEA
ATU_RS12880,,,hypothetical protein,,
ATU_RS12885,,,methyltransferase,,
ATU_RS12890,,,EVE domain-containing protein,,
ATU_RS12895,,,YciI-like protein,,
ATU_RS12900,,,NAD(P)H-dependent glycerol-3-phosphate dehydrogenase,glycerol-3-phosphate dehydrogenase [NAD(P)+] activity|0047952||IEA,glycerol-3-phosphate biosynthetic process|0046167||IEA
ATU_RS12905,tsaD,,tRNA (adenosine(37)-N6)-threonylcarbamoyltransferase complex transferase subunit TsaD,,tRNA modification|0006400||IEA
ATU_RS12910,hemC,,hydroxymethylbilane synthase,hydroxymethylbilane synthase activity|0004418||IEA,porphyrin-containing compound biosynthetic process|0006779||IEA
ATU_RS12915,,,uroporphyrinogen-III synthase,,
ATU_RS12920,,,COG4223 family protein,,
ATU_RS12925,,,heme biosynthesis protein HemY,,
ATU_RS12930,,,TerB family tellurite resistance protein,,
ATU_RS12935,,,glutamine amidotransferase,,
ATU_RS12940,,,MFS transporter,transmembrane transporter activity|0022857||IEA,transmembrane transport|0055085||IEA
ATU_RS12945,,,YggT family protein,,
ATU_RS12950,,,DUF167 domain-containing protein,,
ATU_RS12955,ppa,,inorganic diphosphatase,inorganic diphosphate phosphatase activity|0004427||IEA,phosphate-containing compound metabolic process|0006796||IEA
ATU_RS12960,,,GNAT family N-acetyltransferase,N-acetyltransferase activity|0008080||IEA,
ATU_RS12965,typA,,translational GTPase TypA,GTP binding|0005525||IEA,translation|0006412||IEA
ATU_RS12970,,,M3 family metallopeptidase,,
ATU_RS12975,,,MarR family winged helix-turn-helix transcriptional regulator,DNA-binding transcription factor activity|0003700||IEA,regulation of DNA-templated transcription|0006355||IEA
ATU_RS12980,,,multidrug effflux MFS transporter,transmembrane transporter activity|0022857||IEA,transmembrane transport|0055085||IEA
ATU_RS12985,,,argininosuccinate synthase,argininosuccinate synthase activity|0004055||IEA,arginine biosynthetic process|0006526||IEA
ATU_RS12990,,,SDR family NAD(P)-dependent oxidoreductase,,
ATU_RS12995,,,LysE family translocator,,
ATU_RS13000,,,ABC transporter ATP-binding protein,,
ATU_RS13005,,,ABC transporter permease,,
ATU_RS13010,,,ABC transporter substrate-binding protein,ATPase-coupled transmembrane transporter activity|0042626||IEA,
ATU_RS13015,rlmN,,23S rRNA (adenine(2503)-C(2))-methyltransferase RlmN,S-adenosylmethionine-dependent methyltransferase activity|0008757||IEA,rRNA methylation|0031167||IEA
ATU_RS13020,,,invasion associated locus B family protein,,
ATU_RS13025,,,YkvA family protein,,
ATU_RS13030,,,4a-hydroxytetrahydrobiopterin dehydratase,4-alpha-hydroxytetrahydrobiopterin dehydratase activity|0008124||IEA,tetrahydrobiopterin biosynthetic process|0006729||IEA
ATU_RS13035,,,low molecular weight protein-tyrosine-phosphatase,protein tyrosine phosphatase activity|0004725||IEA,protein dephosphorylation|0006470||IEA
ATU_RS13040,thpR,,RNA 2',2'-5'-RNA ligase activity|0008664||IEA,tRNA processing|0008033||IEA
ATU_RS13045,,,arylesterase,,
ATU_RS13050,,,ABC transporter ATP-binding protein,,
ATU_RS13055,,,ABC transporter permease,,transport|0006810||IEA
ATU_RS13060,,,Bax inhibitor-1/YccA family protein,,
ATU_RS13065,,,DUF2794 domain-containing protein,,
ATU_RS13070,,,thioredoxin family protein,,
ATU_RS13075,acnA,,aconitate hydratase AcnA,aconitate hydratase activity|0003994||IEA,tricarboxylic acid cycle|0006099||IEA
ATU_RS13080,ccmA,,heme ABC exporter ATP-binding protein CcmA,ABC-type heme transporter activity|0015439||IEA,heme transport|0015886||IEA
ATU_RS13085,ccmB,,heme exporter protein CcmB,heme transmembrane transporter activity|0015232||IEA,heme transport|0015886||IEA
ATU_RS13090,,,heme ABC transporter permease,,
ATU_RS13095,ccmD,,heme exporter protein CcmD,,heme transport|0015886||IEA
ATU_RS13100,,,DsbE family thiol:disulfide interchange protein,disulfide oxidoreductase activity|0015036||IEA,cytochrome complex assembly|0017004||IEA
ATU_RS13105,,,diguanylate cyclase,GTP binding|0005525||IEA,
ATU_RS13110,,,DUF2585 domain-containing protein,,
ATU_RS13115,,,septation protein A,,
ATU_RS13120,ftsY,,signal recognition particle-docking protein FtsY,GTPase activity|0003924||IEA,protein secretion|0009306||IEA
ATU_RS13125,mtaB,,tRNA (N(6)-L-threonylcarbamoyladenosine(37)-C(2))-methylthiotransferase MtaB,4 iron,tRNA modification|0006400||IEA
ATU_RS13130,dapF,,diaminopimelate epimerase,diaminopimelate epimerase activity|0008837||IEA,lysine biosynthetic process via diaminopimelate|0009089||IEA
ATU_RS13135,,,MBL fold metallo-hydrolase,,
ATU_RS13140,ffh,,signal recognition particle protein,GTPase activity|0003924||IEA,protein secretion|0009306||IEA
ATU_RS13145,,,chorismate mutase,,chorismate metabolic process|0046417||IEA
ATU_RS13150,rpsP,,30S ribosomal protein S16,structural constituent of ribosome|0003735||IEA,translation|0006412||IEA
ATU_RS13155,rimM,,ribosome maturation factor RimM,RNA binding|0003723||IEA,rRNA processing|0006364||IEA
ATU_RS13160,trmD,,tRNA (guanosine(37)-N1)-methyltransferase TrmD,tRNA (guanine(37)-N1)-methyltransferase activity|0052906||IEA,tRNA processing|0008033||IEA
ATU_RS13165,,,sulfite exporter TauE/SafE family protein,,transport|0006810||IEA
ATU_RS13170,rplS,,50S ribosomal protein L19,structural constituent of ribosome|0003735||IEA,translation|0006412||IEA
ATU_RS13175,,,type I secretion system permease/ATPase,,protein secretion by the type I secretion system|0030253||IEA
ATU_RS13180,,,HlyD family type I secretion periplasmic adaptor subunit,,protein secretion by the type I secretion system|0030253||IEA
ATU_RS13185,,,M10 family metallopeptidase C-terminal domain-containing protein,,
ATU_RS13190,,,MFS transporter,transmembrane transporter activity|0022857||IEA,transmembrane transport|0055085||IEA
ATU_RS13195,leuC,,3-isopropylmalate dehydratase large subunit,3-isopropylmalate dehydratase activity|0003861||IEA,leucine biosynthetic process|0009098||IEA
ATU_RS13200,,,M48 family metalloprotease,,
ATU_RS13205,,,thiamine ABC transporter ATP-binding protein,ATP binding|0005524||IEA,
ATU_RS13210,thiP,,thiamine/thiamine pyrophosphate ABC transporter permease ThiP,,
ATU_RS13215,thiB,,thiamine ABC transporter substrate binding subunit,thiamine binding|0030975||IEA,thiamine transport|0015888||IEA
ATU_RS13220,,,VOC family protein,,
ATU_RS13225,,,ABC-F family ATP-binding cassette domain-containing protein,ATP binding|0005524||IEA,
ATU_RS13230,,,thiamine diphosphokinase,thiamine diphosphokinase activity|0004788||IEA,thiamine metabolic process|0006772||IEA
ATU_RS13235,metA,,homoserine O-succinyltransferase,homoserine O-succinyltransferase activity|0008899||IEA,methionine biosynthetic process|0009086||IEA
ATU_RS13240,,,aldose epimerase family protein,racemase and epimerase activity,carbohydrate metabolic process|0005975||IEA
ATU_RS13245,mtgA,,monofunctional biosynthetic peptidoglycan transglycosylase,,peptidoglycan biosynthetic process|0009252||IEA
ATU_RS13250,,,polyprenyl synthetase family protein,,isoprenoid biosynthetic process|0008299||IEA
ATU_RS13255,,,OmpA family protein,,
ATU_RS13260,ispG,,flavodoxin-dependent (E)-4-hydroxy-3-methylbut-2-enyl-diphosphate synthase,4-hydroxy-3-methylbut-2-en-1-yl diphosphate synthase activity|0046429||IEA,cellular metabolic process|0044237||IEA
ATU_RS13265,,,MFS transporter,transmembrane transporter activity|0022857||IEA,transmembrane transport|0055085||IEA
ATU_RS13270,,,DeoR/GlpR family DNA-binding transcription regulator,DNA-binding transcription factor activity|0003700||IEA,
ATU_RS13275,pyc,,pyruvate carboxylase,pyruvate carboxylase activity|0004736||IEA,gluconeogenesis|0006094||IEA
ATU_RS13280,,,LuxR family transcriptional regulator,,
ATU_RS13285,,,glucan ABC transporter ATP-binding protein/ permease,ATP binding|0005524||IEA,beta-glucan transport|0015775||IEA
ATU_RS13290,,,hypothetical protein,,
ATU_RS13295,,,GH36-type glycosyl hydrolase domain-containing protein,,
ATU_RS13300,,,M20 aminoacylase family protein,hydrolase activity|0016787||IEA,
ATU_RS13305,,,NAD(P)/FAD-dependent oxidoreductase,,
ATU_RS13310,,,threonine/serine dehydratase,,
ATU_RS13315,,,IlvD/Edd family dehydratase,hydro-lyase activity|0016836||IEA,
ATU_RS13320,,,NAD(P)-dependent oxidoreductase,NADP binding|0050661||IEA,
ATU_RS13325,denD,,D-erythronate dehydrogenase,oxidoreductase activity|0016491||IEA,carbohydrate metabolic process|0005975||IEA
ATU_RS13330,,,FAD-binding oxidoreductase,oxidoreductase activity|0016491||IEA,
ATU_RS13335,,,FadR/GntR family transcriptional regulator,DNA binding|0003677||IEA,
ATU_RS13340,,,fumarylacetoacetate hydrolase family protein,,
ATU_RS13345,,,TRAP transporter small permease,transmembrane transporter activity|0022857||IEA,
ATU_RS13350,,,TRAP transporter large permease,C4-dicarboxylate transmembrane transporter activity|0015556||IEA,C4-dicarboxylate transport|0015740||IEA
ATU_RS13355,,,TRAP transporter substrate-binding protein,,
ATU_RS13360,acs,,acetate--CoA ligase,acetate-CoA ligase activity|0003987||IEA,acetyl-CoA biosynthetic process from acetate|0019427||IEA
ATU_RS13365,,,DUF1013 domain-containing protein,,
ATU_RS13370,,,YggS family pyridoxal phosphate-dependent enzyme,pyridoxal phosphate binding|0030170||IEA,
ATU_RS13375,leuS,,leucine--tRNA ligase,leucine-tRNA ligase activity|0004823||IEA,leucyl-tRNA aminoacylation|0006429||IEA
ATU_RS13380,lptE,,LPS assembly lipoprotein LptE,,Gram-negative-bacterium-type cell outer membrane assembly|0043165||IEA
ATU_RS13385,holA,,DNA polymerase III subunit delta,DNA-directed DNA polymerase activity|0003887||IEA,DNA replication|0006260||IEA
ATU_RS13390,fdxA,,ferredoxin FdxA,electron transfer activity|0009055||IEA,
ATU_RS13395,,,RNA-binding S4 domain-containing protein,RNA binding|0003723||IEA,
ATU_RS13400,,,helicase-related protein,,
ATU_RS13405,,,ubiquinone biosynthesis hydroxylase,oxidoreductase activity,ubiquinone biosynthetic process|0006744||IEA
ATU_RS13410,tesB,,acyl-CoA thioesterase II,fatty acyl-CoA hydrolase activity|0047617||IEA,acyl-CoA metabolic process|0006637||IEA
ATU_RS13415,,,P-II family nitrogen regulator,,
ATU_RS13420,,,ammonium transporter,ammonium transmembrane transporter activity|0008519||IEA,ammonium transmembrane transport|0072488||IEA
ATU_RS13425,,,DNA translocase FtsK,DNA binding|0003677||IEA,
ATU_RS13430,,,outer membrane lipoprotein carrier protein LolA,,
ATU_RS13435,,,exodeoxyribonuclease III,,
ATU_RS13440,,,cyclic nucleotide-binding domain-containing protein,cyclic nucleotide binding|0030551||IEA,
ATU_RS13445,,,response regulator transcription factor,DNA binding|0003677||IEA,phosphorelay signal transduction system|0000160||IEA
ATU_RS13450,,,L,,
ATU_RS13455,,,CarD family transcriptional regulator,,
ATU_RS13460,,,NAD-glutamate dehydrogenase,,
ATU_RS13465,,,MFS transporter,,
ATU_RS13470,phaR,,polyhydroxyalkanoate synthesis repressor PhaR,,regulation of DNA-templated transcription|0006355||IEA
ATU_RS13475,,,acetyl-CoA C-acetyltransferase,acyltransferase activity,
ATU_RS13480,phbB,,acetoacetyl-CoA reductase,acetoacetyl-CoA reductase activity|0018454||IEA,poly-hydroxybutyrate biosynthetic process|0042619||IEA
ATU_RS13485,,,bacterioferritin-associated ferredoxin,,
ATU_RS13490,bfr,,bacterioferritin,ferroxidase activity|0004322||IEA,intracellular sequestering of iron ion|0006880||IEA
ATU_RS13495,,,RNA pyrophosphohydrolase,hydrolase activity|0016787||IEA,
ATU_RS13500,,,divergent polysaccharide deacetylase family protein,,
ATU_RS13505,,,S41 family peptidase,,
ATU_RS13510,,,murein hydrolase activator EnvC,,
ATU_RS13515,rlmH,,23S rRNA (pseudouridine(1915)-N(3))-methyltransferase RlmH,methyltransferase activity|0008168||IEA,rRNA processing|0006364||IEA
ATU_RS13520,rsfS,,ribosome silencing factor,ribosome binding|0043022||IEA,negative regulation of translation|0017148||IEA
ATU_RS13525,,,nicotinate-nucleotide adenylyltransferase,nucleotidyltransferase activity|0016779||IEA,NAD biosynthetic process|0009435||IEA
ATU_RS13530,,,glutamate-5-semialdehyde dehydrogenase,glutamate-5-semialdehyde dehydrogenase activity|0004350||IEA,proline biosynthetic process|0006561||IEA
ATU_RS13535,proB,,glutamate 5-kinase,glutamate 5-kinase activity|0004349||IEA,proline biosynthetic process|0006561||IEA
ATU_RS13540,obgE,,GTPase ObgE,magnesium ion binding|0000287||IEA,
ATU_RS13545,,,GNAT family N-acetyltransferase,N-acetyltransferase activity|0008080||IEA,
ATU_RS13550,,,GNAT family N-acetyltransferase,,
ATU_RS13555,rpmA,,50S ribosomal protein L27,structural constituent of ribosome|0003735||IEA,translation|0006412||IEA
ATU_RS13560,rplU,,50S ribosomal protein L21,structural constituent of ribosome|0003735||IEA,translation|0006412||IEA
ATU_RS13565,,,metallopeptidase family protein,,
ATU_RS13570,,,DUF1737 domain-containing protein,,
ATU_RS13575,,,CoA ester lyase,lyase activity|0016829||IEA,
ATU_RS13580,,,hypothetical protein,,
ATU_RS13585,leuD,,3-isopropylmalate dehydratase small subunit,3-isopropylmalate dehydratase activity|0003861||IEA,leucine biosynthetic process|0009098||IEA
ATU_RS13590,leuB,,3-isopropylmalate dehydrogenase,3-isopropylmalate dehydrogenase activity|0003862||IEA,leucine biosynthetic process|0009098||IEA
ATU_RS13595,,,cytochrome-c peroxidase,,
ATU_RS13600,,,cobyrinate a,cobyrinic acid a,
ATU_RS13605,cobA,,uroporphyrinogen-III C-methyltransferase,uroporphyrin-III C-methyltransferase activity|0004851||IEA,siroheme biosynthetic process|0019354||IEA
ATU_RS13610,,,cobalt-precorrin-5B (C(1))-methyltransferase,methyltransferase activity|0008168||IEA,cobalamin biosynthetic process|0009236||IEA
ATU_RS13615,cobM,,precorrin-4 C(11)-methyltransferase,precorrin-4 C11-methyltransferase activity|0046026||IEA,cobalamin biosynthetic process|0009236||IEA
ATU_RS13620,,,cobalamin biosynthesis protein,,
ATU_RS13625,,,bifunctional cobalt-precorrin-7 (C(5))-methyltransferase/cobalt-precorrin-6B (C(15))-methyltransferase,,
ATU_RS13630,,,cobalt-precorrin-6A reductase,precorrin-6A reductase activity|0016994||IEA,cobalamin biosynthetic process|0009236||IEA
ATU_RS13635,,,precorrin-3B C(17)-methyltransferase,,
ATU_RS13640,,,precorrin-2 C(20)-methyltransferase,precorrin-2 C20-methyltransferase activity|0030788||IEA,cobalamin biosynthetic process|0009236||IEA
ATU_RS13645,,,precorrin-8X methylmutase,precorrin-8X methylmutase activity|0016993||IEA,cobalamin biosynthetic process|0009236||IEA
ATU_RS13650,cobG,,precorrin-3B synthase,oxidoreductase activity,aerobic cobalamin biosynthetic process|0019250||IEA
ATU_RS13655,cobN,,cobaltochelatase subunit CobN,,
ATU_RS13660,cobW,,cobalamin biosynthesis protein CobW,,cobalamin biosynthetic process|0009236||IEA
ATU_RS13665,,,DUF1636 family protein,,
ATU_RS13670,cobO,,cob(I)yrinic acid a,corrinoid adenosyltransferase activity|0008817||IEA,cobalamin biosynthetic process|0009236||IEA
ATU_RS13675,,,cobyric acid synthase,catalytic activity|0003824||IEA,cobalamin biosynthetic process|0009236||IEA
ATU_RS13680,cbiB,,adenosylcobinamide-phosphate synthase CbiB,acid-ammonia (or amide) ligase activity|0016880||IEA,cobalamin biosynthetic process|0009236||IEA
ATU_RS13685,cobD,,threonine-phosphate decarboxylase CobD,threonine-phosphate decarboxylase activity|0048472||IEA,cobalamin biosynthetic process|0009236||IEA
ATU_RS13690,,,L-fuconate dehydratase,,
ATU_RS13695,,,L-rhamnose mutarotase,,
ATU_RS13700,,,mannitol dehydrogenase family protein,,
ATU_RS13705,,,zinc-binding alcohol dehydrogenase family protein,,
ATU_RS13710,,,amidohydrolase,,
ATU_RS13715,,,aldo/keto reductase,,
ATU_RS13720,,,ABC transporter substrate-binding protein,,
ATU_RS13725,,,ABC transporter permease,transmembrane transporter activity|0022857||IEA,carbohydrate transport|0008643||IEA
ATU_RS13730,,,sugar ABC transporter ATP-binding protein,ATP binding|0005524||IEA,
ATU_RS13735,,,FadR/GntR family transcriptional regulator,DNA binding|0003677||IEA,
ATU_RS13740,,,UxaA family hydrolase,,
ATU_RS13745,purH,,bifunctional phosphoribosylaminoimidazolecarboxamide formyltransferase/IMP cyclohydrolase,catalytic activity|0003824||IEA,purine nucleotide biosynthetic process|0006164||IEA
ATU_RS13750,,,heparinase II/III family protein,lyase activity|0016829||IEA,
ATU_RS13755,,,RsmB/NOP family class I SAM-dependent RNA methyltransferase,RNA binding|0003723||IEA,
ATU_RS13760,htpX,,zinc metalloprotease HtpX,,
ATU_RS13765,,,DUF1674 domain-containing protein,,
ATU_RS13770,,,ParB/RepB/Spo0J family partition protein,DNA binding|0003677||IEA,cytokinesis|0000910||IEA
ATU_RS13775,,,ParA family protein,ATP binding|0005524||IEA,
ATU_RS13780,rsmG,,16S rRNA (guanine(527)-N(7))-methyltransferase RsmG,methyltransferase activity|0008168||IEA,rRNA methylation|0031167||IEA
ATU_RS13785,mnmG,,tRNA uridine-5-carboxymethylaminomethyl(34) synthesis enzyme MnmG,flavin adenine dinucleotide binding|0050660||IEA,tRNA wobble uridine modification|0002098||IEA
ATU_RS13790,mnmE,,tRNA uridine-5-carboxymethylaminomethyl(34) synthesis GTPase MnmE,GTPase activity|0003924||IEA,tRNA modification|0006400||IEA
ATU_RS13795,rho,,transcription termination factor Rho,helicase activity|0004386||IEA,DNA-templated transcription termination|0006353||IEA
ATU_RS13800,hemJ,,protoporphyrinogen oxidase HemJ,,
ATU_RS13805,hemE,,uroporphyrinogen decarboxylase,uroporphyrinogen decarboxylase activity|0004853||IEA,porphyrin-containing compound biosynthetic process|0006779||IEA
ATU_RS13810,,,hypothetical protein,,
ATU_RS13815,,,IS5 family transposase,transposase activity|0004803||IEA,
ATU_RS13820,,,hypothetical protein,,
ATU_RS13825,,,O-antigen ligase family protein,,
ATU_RS13830,,,hypothetical protein,,
ATU_RS13835,,,acyltransferase,acyltransferase activity,
ATU_RS13840,,,SRPBCC family protein,binding|0005488||IEA,
ATU_RS13845,,,helix-turn-helix transcriptional regulator,DNA binding|0003677||IEA,regulation of DNA-templated transcription|0006355||IEA
ATU_RS13850,,,type VI immunity family protein,,
ATU_RS26910,,,hypothetical protein,,
ATU_RS13855,,,type II toxin-antitoxin system VapC family toxin,,
ATU_RS13860,,,AbrB/MazE/SpoVT family DNA-binding domain-containing protein,,
ATU_RS26915,,,hypothetical protein,,
ATU_RS13865,,,AAA family ATPase,,
ATU_RS13870,,,histidine phosphatase family protein,phosphatase activity|0016791||IEA,
ATU_RS13875,,,ester cyclase,,
ATU_RS13880,,,hypothetical protein,,
ATU_RS13885,,,GntR family transcriptional regulator,DNA-binding transcription factor activity|0003700||IEA,
ATU_RS13890,ugpC,,ABC transporter ATP-binding protein,ATP binding|0005524||IEA,
ATU_RS13895,,,sugar ABC transporter permease,,
ATU_RS13900,,,carbohydrate ABC transporter permease,,carbohydrate transport|0008643||IEA
ATU_RS13905,,,extracellular solute-binding protein,,
ATU_RS13910,,,alginate lyase,,
ATU_RS13915,,,SDR family NAD(P)-dependent oxidoreductase,,
ATU_RS13920,,,SGNH/GDSL hydrolase family protein,hydrolase activity,
ATU_RS13925,,,hydroxyacid dehydrogenase,,
ATU_RS13930,,,sugar phosphate isomerase/epimerase,,
ATU_RS13935,,,glucarate dehydratase family protein,,
ATU_RS26665,,,hypothetical protein,,
ATU_RS13945,,,hypothetical protein,,
ATU_RS13950,,,hypothetical protein,,
ATU_RS13955,,,hypothetical protein,,
ATU_RS13960,,,ROK family protein,,
ATU_RS13965,,,LuxR C-terminal-related transcriptional regulator,,regulation of DNA-templated transcription|0006355||IEA
ATU_RS13970,,,ABC transporter permease,,transmembrane transport|0055085||IEA
ATU_RS13975,,,ABC transporter permease,ATPase-coupled transmembrane transporter activity|0042626||IEA,
ATU_RS13980,,,ABC transporter ATP-binding protein,ATP binding|0005524||IEA,
ATU_RS13985,,,hydantoinase/oxoprolinase N-terminal domain-containing protein,,
ATU_RS13990,,,DUF917 domain-containing protein,,
ATU_RS13995,,,ABC transporter substrate-binding protein,ATPase-coupled transmembrane transporter activity|0042626||IEA,
ATU_RS14000,,,DUF917 domain-containing protein,,
ATU_RS14005,,,hydantoinase/oxoprolinase N-terminal domain-containing protein,,
ATU_RS14010,,,isoaspartyl peptidase/L-asparaginase family protein,,
ATU_RS14015,,,cupin domain-containing protein,,
ATU_RS14020,,,FAD-binding oxidoreductase,oxidoreductase activity|0016491||IEA,
ATU_RS14025,,,ABC transporter permease,ATPase-coupled transmembrane transporter activity|0042626||IEA,
ATU_RS14030,,,ABC transporter permease,,transmembrane transport|0055085||IEA
ATU_RS14035,,,peptide ABC transporter substrate-binding protein,,
ATU_RS14040,,,FAD-binding oxidoreductase,oxidoreductase activity|0016491||IEA,
ATU_RS14045,,,SDR family NAD(P)-dependent oxidoreductase,,
ATU_RS14050,,,MarR family winged helix-turn-helix transcriptional regulator,DNA-binding transcription factor activity|0003700||IEA,regulation of DNA-templated transcription|0006355||IEA
ATU_RS14055,,,ABC transporter ATP-binding protein,ATP binding|0005524||IEA,
ATU_RS14060,,,glucoamylase family protein,,
ATU_RS14065,,,hypothetical protein,,
ATU_RS14070,,,glycosyltransferase family 2 protein,,
ATU_RS14075,,,HlyD family efflux transporter periplasmic adaptor subunit,,
ATU_RS14080,,,Na+/H+ antiporter,sodium:proton antiporter activity|0015385||IEA,sodium ion transport|0006814||IEA
ATU_RS14085,,,ABC transporter ATP-binding protein/permease,,
ATU_RS14090,,,diguanylate cyclase,cyclase activity|0009975||IEA,regulation of signal transduction|0009966||IEA
ATU_RS14095,,,LacI family DNA-binding transcriptional regulator,transcription cis-regulatory region binding|0000976||IEA,DNA-templated transcription|0006351||IEA
ATU_RS14100,,,substrate-binding domain-containing protein,,
ATU_RS14105,,,ATP-binding cassette domain-containing protein,ATP binding|0005524||IEA,
ATU_RS14110,,,ABC transporter permease,transmembrane transporter activity|0022857||IEA,carbohydrate transport|0008643||IEA
ATU_RS14115,,,phosphotriesterase,,
ATU_RS14120,,,glutamine amidotransferase,,
ATU_RS14125,,,ribokinase,ATP binding|0005524||IEA,
ATU_RS14130,,,BtpA/SgcQ family protein,,
ATU_RS14135,,,Zn-dependent hydrolase,,
ATU_RS14140,,,cupin domain-containing protein,,
ATU_RS14145,,,Pls/PosA family non-ribosomal peptide synthetase,non-ribosomal peptide synthetase activity|1904091||IEA,
ATU_RS14150,,,aspartate/glutamate racemase family protein,,
ATU_RS14155,,,SDR family NAD(P)-dependent oxidoreductase,,
ATU_RS14160,,,TetR/AcrR family transcriptional regulator,DNA binding|0003677||IEA,regulation of DNA-templated transcription|0006355||IEA
ATU_RS14165,,,solute carrier family 23 protein,transmembrane transporter activity|0022857||IEA,transmembrane transport|0055085||IEA
ATU_RS14170,ampC,,class C beta-lactamase,beta-lactamase activity|0008800||IEA,
ATU_RS14175,,,LysR substrate-binding domain-containing protein,,
ATU_RS14180,chrA,,chromate efflux transporter,chromate transmembrane transporter activity|0015109||IEA,chromate transport|0015703||IEA
ATU_RS14185,,,DUF1501 domain-containing protein,,
ATU_RS14190,,,DUF1800 family protein,,
ATU_RS14195,,,periplasmic heavy metal sensor,,
ATU_RS14200,,,hypothetical protein,,
ATU_RS14205,,,RNA polymerase sigma factor,,
ATU_RS14210,,,aspartate/glutamate racemase family protein,,
ATU_RS14215,,,ABC transporter permease,ATP binding|0005524||IEA,transmembrane transport|0055085||IEA
ATU_RS14220,,,ABC transporter permease,ATP binding|0005524||IEA,transmembrane transport|0055085||IEA
ATU_RS14225,,,PotD/PotF family extracellular solute-binding protein,,
ATU_RS14230,,,ABC transporter ATP-binding protein,ATP binding|0005524||IEA,
ATU_RS14235,,,3'-5' exonuclease,,
ATU_RS14240,,,hypothetical protein,,
ATU_RS14245,,,hypothetical protein,,
ATU_RS14250,,,transglycosylase SLT domain-containing protein,,
ATU_RS14255,,,PAS domain-containing methyl-accepting chemotaxis protein,,
ATU_RS14260,,,VOC family protein,,
ATU_RS14265,,,extracellular solute-binding protein,,
ATU_RS14270,,,carbohydrate ABC transporter permease,ATPase-coupled transmembrane transporter activity|0042626||IEA,
ATU_RS14275,,,ABC transporter permease subunit,,transmembrane transport|0055085||IEA
ATU_RS14280,,,sn-glycerol-3-phosphate import ATP-binding protein UgpC,,
ATU_RS14285,,,carbohydrate ABC transporter permease,,carbohydrate transport|0008643||IEA
ATU_RS14290,,,carbohydrate ABC transporter permease,ATPase-coupled transmembrane transporter activity|0042626||IEA,
ATU_RS14295,,,extracellular solute-binding protein,,
ATU_RS14300,,,ABC transporter ATP-binding protein,ATP binding|0005524||IEA,
ATU_RS14305,,,alpha-N-arabinofuranosidase,,
ATU_RS14310,,,transcriptional regulator,,
ATU_RS14315,,,ABC transporter substrate-binding protein,ATPase-coupled transmembrane transporter activity|0042626||IEA,
ATU_RS14320,,,LacI family DNA-binding transcriptional regulator,transcription cis-regulatory region binding|0000976||IEA,DNA-templated transcription|0006351||IEA
ATU_RS14325,,,DUF2264 domain-containing protein,,
ATU_RS14330,,,hydroxyacid dehydrogenase,,
ATU_RS14335,,,sugar phosphate isomerase/epimerase,,
ATU_RS14340,ugpC,,ABC transporter ATP-binding protein,ATP binding|0005524||IEA,
ATU_RS14345,,,carbohydrate ABC transporter permease,,carbohydrate transport|0008643||IEA
ATU_RS14350,,,carbohydrate ABC transporter permease,ATPase-coupled transmembrane transporter activity|0042626||IEA,
ATU_RS14355,,,ABC transporter substrate-binding protein,ATPase-coupled transmembrane transporter activity|0042626||IEA,
ATU_RS14360,,,TetR/AcrR family transcriptional regulator,DNA binding|0003677||IEA,regulation of DNA-templated transcription|0006355||IEA
ATU_RS14365,,,Gfo/Idh/MocA family protein,oxidoreductase activity|0016491||IEA,
ATU_RS14370,,,dihydrodipicolinate synthase family protein,,
ATU_RS14375,,,sugar phosphate isomerase/epimerase,catalytic activity|0003824||IEA,
ATU_RS14380,,,Gfo/Idh/MocA family protein,oxidoreductase activity|0016491||IEA,
ATU_RS26565,,,hypothetical protein,,
ATU_RS14385,,,cold-shock protein,transcription antitermination factor activity,
ATU_RS14390,,,cold-shock protein,,
ATU_RS14395,rpsU,,30S ribosomal protein S21,structural constituent of ribosome|0003735||IEA,translation|0006412||IEA
ATU_RS14400,,,hypothetical protein,,
ATU_RS26570,,,hypothetical protein,,
ATU_RS14405,,,hypothetical protein,,
ATU_RS14410,,,acyltransferase,acyltransferase activity,
ATU_RS14415,,,glycoside hydrolase family 105 protein,,
ATU_RS14420,,,glycoside hydrolase family 28 protein,,
ATU_RS14425,,,ABC transporter substrate-binding protein,ATPase-coupled transmembrane transporter activity|0042626||IEA,
ATU_RS14430,ugpC,,ABC transporter ATP-binding protein,ATP binding|0005524||IEA,
ATU_RS14435,,,carbohydrate ABC transporter permease,,carbohydrate transport|0008643||IEA
ATU_RS14440,,,carbohydrate ABC transporter permease,ATPase-coupled transmembrane transporter activity|0042626||IEA,
ATU_RS14445,,,AraC family transcriptional regulator,sequence-specific DNA binding|0043565||IEA,regulation of DNA-templated transcription|0006355||IEA
ATU_RS14450,,,TRAP transporter large permease,transmembrane transporter activity|0022857||IEA,carbohydrate transport|0008643||IEA
ATU_RS14455,,,TRAP transporter small permease,transmembrane transporter activity|0022857||IEA,
ATU_RS14460,,,TRAP transporter substrate-binding protein,,
ATU_RS14465,,,D-galactarolactone isomerase,,
ATU_RS14470,,,D-galactarolactone cycloisomerase,,
ATU_RS14475,kdgD,,5-dehydro-4-deoxyglucarate dehydratase,5-dehydro-4-deoxyglucarate dehydratase activity|0047448||IEA,
ATU_RS14480,kduD,,2-dehydro-3-deoxy-D-gluconate 5-dehydrogenase KduD,2-deoxy-D-gluconate 3-dehydrogenase activity|0008678||IEA,polysaccharide catabolic process|0000272||IEA
ATU_RS14485,kduI,,5-dehydro-4-deoxy-D-glucuronate isomerase,4-deoxy-L-threo-5-hexosulose-uronate ketol-isomerase activity|0008697||IEA,pectin catabolic process|0045490||IEA
ATU_RS14490,,,NAD(P)-dependent oxidoreductase,oxidoreductase activity|0016491||IEA,
ATU_RS14495,,,FadR/GntR family transcriptional regulator,DNA binding|0003677||IEA,
ATU_RS14500,,,cupin domain-containing protein,,
ATU_RS14505,,,Xaa-Pro peptidase family protein,peptidase activity|0008233||IEA,proteolysis|0006508||IEA
ATU_RS14510,,,aldo/keto reductase,,
ATU_RS14515,ugpC,,ABC transporter ATP-binding protein,ATP binding|0005524||IEA,
ATU_RS14520,,,carbohydrate ABC transporter permease,,carbohydrate transport|0008643||IEA
ATU_RS14525,,,carbohydrate ABC transporter permease,ATPase-coupled transmembrane transporter activity|0042626||IEA,
ATU_RS14530,,,sugar ABC transporter substrate-binding protein,ATPase-coupled transmembrane transporter activity|0042626||IEA,
ATU_RS14535,,,helix-turn-helix domain-containing protein,DNA-binding transcription factor activity|0003700||IEA,regulation of DNA-templated transcription|0006355||IEA
ATU_RS14540,,,helix-turn-helix domain-containing protein,DNA binding|0003677||IEA,regulation of DNA-templated transcription|0006355||IEA
ATU_RS14545,,,MFS transporter,transmembrane transporter activity|0022857||IEA,transmembrane transport|0055085||IEA
ATU_RS14550,,,LysR substrate-binding domain-containing protein,,
ATU_RS14555,,,TRAP transporter large permease,transmembrane transporter activity|0022857||IEA,carbohydrate transport|0008643||IEA
ATU_RS14560,,,TRAP transporter small permease,transmembrane transporter activity|0022857||IEA,
ATU_RS14565,,,DctP family TRAP transporter solute-binding subunit,,
ATU_RS14570,,,NAD(P)-dependent oxidoreductase,NADP binding|0050661||IEA,
ATU_RS14575,,,putative quinol monooxygenase,monooxygenase activity|0004497||IEA,
ATU_RS14580,,,NAD(P)H-dependent oxidoreductase,,
ATU_RS14585,,,LacI family DNA-binding transcriptional regulator,transcription cis-regulatory region binding|0000976||IEA,DNA-templated transcription|0006351||IEA
ATU_RS14590,,,D-altritol 5-dehydrogenase,,
ATU_RS14595,,,galactitol 2-dehydrogenase,,
ATU_RS14600,,,sugar ABC transporter substrate-binding protein,ATPase-coupled transmembrane transporter activity|0042626||IEA,
ATU_RS14605,,,sugar kinase,,
ATU_RS14610,,,D-tagatose-bisphosphate aldolase,catalytic activity|0003824||IEA,carbohydrate metabolic process|0005975||IEA
ATU_RS14615,,,carbohydrate ABC transporter permease,ATPase-coupled transmembrane transporter activity|0042626||IEA,
ATU_RS14620,,,carbohydrate ABC transporter permease,,carbohydrate transport|0008643||IEA
ATU_RS14625,,,ABC transporter ATP-binding protein,ATP binding|0005524||IEA,
ATU_RS14630,ugpC,,ABC transporter ATP-binding protein,ATP binding|0005524||IEA,
ATU_RS14635,,,carbohydrate ABC transporter permease,,carbohydrate transport|0008643||IEA
ATU_RS14640,,,carbohydrate ABC transporter permease,ATPase-coupled transmembrane transporter activity|0042626||IEA,
ATU_RS14645,,,sugar ABC transporter substrate-binding protein,ATPase-coupled transmembrane transporter activity|0042626||IEA,
ATU_RS14650,,,PLP-dependent transferase,,
ATU_RS14655,,,FadR/GntR family transcriptional regulator,DNA binding|0003677||IEA,
ATU_RS14660,,,ribonuclease H,,
ATU_RS14665,aztC,,zinc ABC transporter substrate-binding protein AztC,zinc ion binding|0008270||IEA,
ATU_RS14670,aztB,,zinc ABC transporter permease AztB,,
ATU_RS14675,aztA,,zinc ABC transporter ATP-binding protein AztA,,
ATU_RS14680,zigA,,zinc metallochaperone GTPase ZigA,,
ATU_RS14685,,,YqaA family protein,,
ATU_RS14690,,,hypothetical protein,,
ATU_RS14695,,,GTP-binding protein,GTPase activity|0003924||IEA,
ATU_RS14700,ugpB,,sn-glycerol-3-phosphate ABC transporter substrate-binding protein UgpB,,transmembrane transport|0055085||IEA
ATU_RS14705,ugpA,,sn-glycerol-3-phosphate ABC transporter permease UgpA,,
ATU_RS14710,ugpE,,sn-glycerol-3-phosphate ABC transporter permease UgpE,,glycerol-3-phosphate transmembrane transport|0015794||IEA
ATU_RS14715,,,sn-glycerol-3-phosphate import ATP-binding protein UgpC,,
ATU_RS14720,,,bifunctional 2-polyprenyl-6-hydroxyphenol methylase/3-demethylubiquinol 3-O-methyltransferase UbiG,,
ATU_RS14725,,,glyoxalase superfamily protein,,
ATU_RS14730,,,OmpW family protein,,
ATU_RS14735,,,MFS transporter,transmembrane transporter activity|0022857||IEA,transmembrane transport|0055085||IEA
ATU_RS14740,,,MarR family winged helix-turn-helix transcriptional regulator,DNA-binding transcription factor activity|0003700||IEA,regulation of DNA-templated transcription|0006355||IEA
ATU_RS14745,,,GNAT family N-acetyltransferase,N-acetyltransferase activity|0008080||IEA,
ATU_RS14750,odc2,,ornithine/lysine decarboxylase,,
ATU_RS14755,,,LysR family transcriptional regulator,DNA-binding transcription activator activity|0001216||IEA,
ATU_RS14760,,,substrate-binding domain-containing protein,,
ATU_RS14765,,,ABC transporter permease,transmembrane transporter activity|0022857||IEA,carbohydrate transport|0008643||IEA
ATU_RS14770,,,sugar ABC transporter ATP-binding protein,ATP binding|0005524||IEA,
ATU_RS14775,,,TetR family transcriptional regulator,DNA binding|0003677||IEA,
ATU_RS14780,,,efflux RND transporter permease subunit,efflux transmembrane transporter activity|0015562||IEA,xenobiotic transport|0042908||IEA
ATU_RS14785,,,efflux RND transporter periplasmic adaptor subunit,transporter activity|0005215||IEA,transport|0006810||IEA
ATU_RS14790,,,sensor domain-containing diguanylate cyclase,metal ion binding|0046872||IEA,signal transduction|0007165||IEA
ATU_RS14795,,,bifunctional allantoicase/(S)-ureidoglycine aminohydrolase,allantoicase activity|0004037||IEA,ureide catabolic process|0010136||IEA
ATU_RS14800,,,class I SAM-dependent methyltransferase,methyltransferase activity|0008168||IEA,
ATU_RS14805,,,bifunctional diguanylate cyclase/phosphodiesterase,,
ATU_RS14810,,,Ldh family oxidoreductase,,
ATU_RS14815,,,DNA translocase FtsK,DNA binding|0003677||IEA,
ATU_RS14820,,,hypothetical protein,,
ATU_RS14825,,,ABC transporter substrate-binding protein,,
ATU_RS14830,,,ABC transporter permease,,transmembrane transport|0055085||IEA
ATU_RS14835,,,ABC transporter permease,ATPase-coupled transmembrane transporter activity|0042626||IEA,
ATU_RS14840,,,ABC transporter ATP-binding protein,ATP binding|0005524||IEA,
ATU_RS14845,,,ABC transporter ATP-binding protein,ATP binding|0005524||IEA,
ATU_RS14850,,,alanine--glyoxylate aminotransferase family protein,,
ATU_RS14855,,,hypothetical protein,,
ATU_RS14860,,,IlvD/Edd family dehydratase,hydro-lyase activity|0016836||IEA,
ATU_RS14865,,,hypothetical protein,,
ATU_RS14870,ytfQ,,galactofuranose ABC transporter,ABC-type D-galactofuranose transporter|0103116||IEA,D-galactonate transmembrane transport|0042875||IEA
ATU_RS14875,,,sugar ABC transporter ATP-binding protein,ATP binding|0005524||IEA,
ATU_RS14880,,,ABC transporter permease,transmembrane transporter activity|0022857||IEA,carbohydrate transport|0008643||IEA
ATU_RS14885,yjfF,,galactofuranose ABC transporter,ABC-type D-galactofuranose transporter|0103116||IEA,D-galactonate transmembrane transport|0042875||IEA
ATU_RS14890,,,FadR/GntR family transcriptional regulator,DNA binding|0003677||IEA,
ATU_RS14895,,,AraC family transcriptional regulator,DNA-binding transcription factor activity|0003700||IEA,regulation of DNA-templated transcription|0006355||IEA
ATU_RS14900,,,error-prone DNA polymerase,DNA-directed DNA polymerase activity|0003887||IEA,DNA replication|0006260||IEA
ATU_RS14905,,,DNA polymerase Y family protein,,
ATU_RS14910,,,ImuA family protein,,
ATU_RS14915,,,DUF1304 domain-containing protein,,
ATU_RS14920,,,glycerate kinase,,
ATU_RS14925,,,hypothetical protein,,
ATU_RS14930,,,Gfo/Idh/MocA family protein,oxidoreductase activity|0016491||IEA,
ATU_RS14935,,,sugar phosphate isomerase/epimerase,isomerase activity|0016853||IEA,
ATU_RS14940,ugpC,,ABC transporter ATP-binding protein,ATP binding|0005524||IEA,
ATU_RS14945,,,carbohydrate ABC transporter permease,,carbohydrate transport|0008643||IEA
ATU_RS14950,,,carbohydrate ABC transporter permease,ATPase-coupled transmembrane transporter activity|0042626||IEA,
ATU_RS14955,,,extracellular solute-binding protein,,
ATU_RS14960,,,ROK family transcriptional regulator,DNA-binding transcription factor activity|0003700||IEA,regulation of DNA-templated transcription|0006355||IEA
ATU_RS14965,,,Gfo/Idh/MocA family protein,oxidoreductase activity|0016491||IEA,
ATU_RS14970,,,ThuA domain-containing protein,,
ATU_RS14975,,,amidase,,
ATU_RS14980,,,EAL domain-containing protein,,
ATU_RS14985,,,amino acid ABC transporter substrate-binding protein,,
ATU_RS14990,,,amino acid ABC transporter substrate-binding protein,,
ATU_RS14995,minE,,cell division topological specificity factor MinE,,regulation of division septum assembly|0032955||IEA
ATU_RS15000,minD,,septum site-determining protein MinD,ATP hydrolysis activity|0016887||IEA,division septum site selection|0000918||IEA
ATU_RS15005,minC,,septum site-determining protein MinC,enzyme inhibitor activity|0004857||IEA,division septum site selection|0000918||IEA
ATU_RS15010,,,HAD family hydrolase,,
ATU_RS15015,,,FadR/GntR family transcriptional regulator,DNA binding|0003677||IEA,
ATU_RS15020,,,sialic acid TRAP transporter substrate-binding protein SiaP,,
ATU_RS15025,,,TRAP transporter small permease,transmembrane transporter activity|0022857||IEA,
ATU_RS15030,,,TRAP transporter large permease,transmembrane transporter activity|0022857||IEA,carbohydrate transport|0008643||IEA
ATU_RS15035,,,L-idonate 5-dehydrogenase,,
ATU_RS15040,uxuA,,mannonate dehydratase,mannonate dehydratase activity|0008927||IEA,glucuronate catabolic process|0006064||IEA
ATU_RS15045,,,hypothetical protein,,
ATU_RS15050,,,aldehyde dehydrogenase (NADP(+)),,
ATU_RS15055,,,TRAP transporter substrate-binding protein,,
ATU_RS15060,,,TRAP transporter large permease subunit,C4-dicarboxylate transmembrane transporter activity|0015556||IEA,C4-dicarboxylate transport|0015740||IEA
ATU_RS15065,,,ABC transporter ATP-binding protein,ATP binding|0005524||IEA,
ATU_RS15070,,,aminotransferase class V-fold PLP-dependent enzyme,,
ATU_RS15075,,,IclR family transcriptional regulator,DNA binding|0003677||IEA,regulation of DNA-templated transcription|0006355||IEA
ATU_RS15080,,,RidA family protein,,
ATU_RS15085,,,amidohydrolase/deacetylase family metallohydrolase,hydrolase activity,
ATU_RS15090,,,ABC transporter permease,ATPase-coupled transmembrane transporter activity|0042626||IEA,
ATU_RS15095,,,ABC transporter permease,,transmembrane transport|0055085||IEA
ATU_RS15100,,,ABC transporter substrate-binding protein,ATPase-coupled transmembrane transporter activity|0042626||IEA,
ATU_RS15105,,,glycosyltransferase family 4 protein,,
ATU_RS15110,,,polysaccharide biosynthesis/export family protein,polysaccharide transmembrane transporter activity|0015159||IEA,
ATU_RS15115,,,efflux RND transporter periplasmic adaptor subunit,,
ATU_RS15120,,,efflux RND transporter permease subunit,transmembrane transporter activity|0022857||IEA,
ATU_RS15125,,,invasion associated locus B family protein,,
ATU_RS15130,,,autotransporter domain-containing protein,,
ATU_RS15135,,,flavin reductase family protein,FMN binding|0010181||IEA,
ATU_RS15140,,,aldo/keto reductase family oxidoreductase,oxidoreductase activity|0016491||IEA,
ATU_RS15145,,,LLM class flavin-dependent oxidoreductase,FMN binding|0010181||IEA,
ATU_RS15150,,,GntR family transcriptional regulator,DNA binding|0003677||IEA,
ATU_RS15155,ugpC,,ABC transporter ATP-binding protein,ATP binding|0005524||IEA,
ATU_RS15160,,,ABC transporter substrate-binding protein,,
ATU_RS15165,,,carbohydrate ABC transporter permease,ATPase-coupled transmembrane transporter activity|0042626||IEA,
ATU_RS15170,,,carbohydrate ABC transporter permease,,carbohydrate transport|0008643||IEA
ATU_RS15175,,,alpha-glucosidase,hydrolase activity,
ATU_RS15180,,,ABC transporter permease,ATP binding|0005524||IEA,
ATU_RS15185,,,ABC transporter substrate-binding protein,,
ATU_RS15190,,,hydroxyethylthiazole kinase,,
ATU_RS15195,thiE,,thiamine phosphate synthase,thiamine-phosphate diphosphorylase activity|0004789||IEA,thiamine biosynthetic process|0009228||IEA
ATU_RS15200,thiD,,bifunctional hydroxymethylpyrimidine kinase/phosphomethylpyrimidine kinase,hydroxymethylpyrimidine kinase activity|0008902||IEA,thiamine biosynthetic process|0009228||IEA
ATU_RS15205,,,Lrp/AsnC family transcriptional regulator,DNA binding|0003677||IEA,
ATU_RS15210,alr,,alanine racemase,alanine racemase activity|0008784||IEA,peptidoglycan biosynthetic process|0009252||IEA
ATU_RS15215,,,D-amino acid dehydrogenase,D-amino-acid dehydrogenase activity|0008718||IEA,D-alanine catabolic process|0055130||IEA
ATU_RS15220,,,GntR family transcriptional regulator,DNA-binding transcription factor activity|0003700||IEA,
ATU_RS15225,,,BA14K family protein,,
ATU_RS15230,,,sigma-54 dependent transcriptional regulator,ATP binding|0005524||IEA,regulation of DNA-templated transcription|0006355||IEA
ATU_RS15235,,,sensor histidine kinase,,
ATU_RS15240,,,dicarboxylate/amino acid:cation symporter,symporter activity|0015293||IEA,dicarboxylic acid transport|0006835||IEA
ATU_RS15245,,,EamA family transporter,,
ATU_RS15250,,,aspartate aminotransferase family protein,,
ATU_RS15255,,,SDR family NAD(P)-dependent oxidoreductase,oxidoreductase activity|0016491||IEA,
ATU_RS15260,,,GNAT family N-acetyltransferase,,
ATU_RS15265,,,amidohydrolase,carboxypeptidase activity|0004180||IEA,
ATU_RS15270,,,cellulose synthase,,
ATU_RS15275,,,glycosyl hydrolase family 8,hydrolase activity,carbohydrate metabolic process|0005975||IEA
ATU_RS15280,,,cellulose biosynthesis cyclic di-GMP-binding regulatory protein BcsB,,
ATU_RS15285,bcsA,,UDP-forming cellulose synthase catalytic subunit,cellulose synthase activity|0016759||IEA,UDP-glucose metabolic process|0006011||IEA
ATU_RS15290,bcsN,,cellulose biosynthesis protein BcsN,,
ATU_RS15295,,,AGE family epimerase/isomerase,,
ATU_RS15300,,,glycoside hydrolase family 26 protein,,
ATU_RS15305,,,DUF995 domain-containing protein,,
ATU_RS15310,,,glycosyltransferase family 2 protein,,
ATU_RS15315,galE,,UDP-glucose 4-epimerase GalE,UDP-glucose 4-epimerase activity|0003978||IEA,galactose metabolic process|0006012||IEA
ATU_RS15320,,,UDP-glucuronic acid decarboxylase family protein,,
ATU_RS15325,,,hypothetical protein,,
ATU_RS15330,,,response regulator transcription factor,DNA binding|0003677||IEA,phosphorelay signal transduction system|0000160||IEA
ATU_RS15335,,,fibrinogen-binding protein,,
ATU_RS15340,,,hypothetical protein,,
ATU_RS15345,,,type I secretion system permease/ATPase,,protein secretion by the type I secretion system|0030253||IEA
ATU_RS15350,,,HlyD family type I secretion periplasmic adaptor subunit,,protein secretion by the type I secretion system|0030253||IEA
ATU_RS15355,,,hypothetical protein,,
ATU_RS15360,,,O-antigen ligase,O antigen ligase activity|0008754||IEA,
ATU_RS15365,,,polysaccharide biosynthesis/export family protein,polysaccharide transmembrane transporter activity|0015159||IEA,polysaccharide transport|0015774||IEA
ATU_RS15370,,,sugar transferase,,
ATU_RS15380,,,cupin domain-containing protein,,
ATU_RS15385,,,aspartate aminotransferase family protein,,
ATU_RS15390,,,methyl-accepting chemotaxis protein,,chemotaxis|0006935||IEA
ATU_RS15395,,,L,acyltransferase activity|0016746||IEA,peptidoglycan-protein cross-linking|0018104||IEA
ATU_RS15400,,,murein L,transferase activity|0016740||IEA,regulation of cell shape|0008360||IEA
ATU_RS15405,,,SDR family NAD(P)-dependent oxidoreductase,,
ATU_RS15410,,,hypothetical protein,,
ATU_RS15415,,,DNA-3-methyladenine glycosylase,alkylbase DNA N-glycosylase activity|0003905||IEA,base-excision repair|0006284||IEA
ATU_RS26575,,,hypothetical protein,,
ATU_RS15420,,,hypothetical protein,,
ATU_RS15425,,,substrate-binding domain-containing protein,,
ATU_RS15430,,,ABC transporter substrate-binding protein,,
ATU_RS15435,,,carbohydrate ABC transporter permease,ATPase-coupled transmembrane transporter activity|0042626||IEA,
ATU_RS15440,,,carbohydrate ABC transporter permease,,carbohydrate transport|0008643||IEA
ATU_RS15445,,,ABC transporter ATP-binding protein,ATP binding|0005524||IEA,
ATU_RS15450,,,ThuA domain-containing protein,,
ATU_RS15455,,,Gfo/Idh/MocA family protein,oxidoreductase activity|0016491||IEA,
ATU_RS15460,queE,,7-carboxy-7-deazaguanine synthase QueE,4 iron,tRNA modification|0006400||IEA
ATU_RS15465,queD,,6-carboxytetrahydropterin synthase QueD,catalytic activity|0003824||IEA,queuosine biosynthetic process|0008616||IEA
ATU_RS15470,queC,,7-cyano-7-deazaguanine synthase QueC,,queuosine biosynthetic process|0008616||IEA
ATU_RS15475,,,Gfo/Idh/MocA family protein,oxidoreductase activity|0016491||IEA,
ATU_RS15480,,,sugar phosphate isomerase/epimerase,isomerase activity|0016853||IEA,
ATU_RS15485,,,ABC transporter ATP-binding protein,ATP binding|0005524||IEA,
ATU_RS15490,,,carbohydrate ABC transporter permease,,carbohydrate transport|0008643||IEA
ATU_RS15495,,,carbohydrate ABC transporter permease,ATPase-coupled transmembrane transporter activity|0042626||IEA,
ATU_RS15500,,,ABC transporter substrate-binding protein,ATPase-coupled transmembrane transporter activity|0042626||IEA,
ATU_RS15505,,,mannose-1-phosphate guanylyltransferase/mannose-6-phosphate isomerase,mannose-6-phosphate isomerase activity|0004476||IEA,lipopolysaccharide biosynthetic process|0009103||IEA
ATU_RS15510,,,glucose/quinate/shikimate family membrane-bound PQQ-dependent dehydrogenase,,
ATU_RS15515,,,LysR family transcriptional regulator,DNA-binding transcription factor activity|0003700||IEA,regulation of DNA-templated transcription|0006355||IEA
ATU_RS15520,,,NADP-dependent malic enzyme,malic enzyme activity|0004470||IEA,
ATU_RS15525,,,transporter substrate-binding domain-containing protein,,
ATU_RS15530,,,amino acid ABC transporter permease,ATPase-coupled transmembrane transporter activity|0042626||IEA,amino acid transport|0006865||IEA
ATU_RS15535,,,amino acid ABC transporter permease,ATPase-coupled transmembrane transporter activity|0042626||IEA,amino acid transport|0006865||IEA
ATU_RS15540,,,amino acid ABC transporter ATP-binding protein,ATP binding|0005524||IEA,
ATU_RS15545,,,MmgE/PrpD family protein,lyase activity|0016829||IEA,
ATU_RS15550,,,LLM class flavin-dependent oxidoreductase,FMN binding|0010181||IEA,
ATU_RS15555,,,PAS domain-containing methyl-accepting chemotaxis protein,,
ATU_RS15560,,,FAD-binding oxidoreductase,oxidoreductase activity|0016491||IEA,
ATU_RS15565,,,hypothetical protein,,
ATU_RS15570,,,aa3-type cytochrome c oxidase subunit IV,,
ATU_RS15575,,,TRAP transporter small permease subunit,,
ATU_RS15580,,,TRAP transporter large permease subunit,,
ATU_RS15585,,,TRAP transporter substrate-binding protein,,
ATU_RS15590,,,gamma-glutamyl-gamma-aminobutyrate hydrolase family protein,,
ATU_RS15595,,,ABC transporter permease,transmembrane transporter activity|0022857||IEA,carbohydrate transport|0008643||IEA
ATU_RS15600,,,sugar ABC transporter ATP-binding protein,ATP binding|0005524||IEA,
ATU_RS15605,,,sugar ABC transporter substrate-binding protein,,
ATU_RS15610,,,M20 family metallopeptidase,,
ATU_RS15615,,,ABC transporter substrate-binding protein,ATPase-coupled transmembrane transporter activity|0042626||IEA,
ATU_RS15620,,,serine hydrolase,beta-lactamase activity|0008800||IEA,beta-lactam antibiotic catabolic process|0030655||IEA
ATU_RS15625,,,ABC transporter ATP-binding protein,ATP binding|0005524||IEA,
ATU_RS15630,,,ABC transporter permease,ATPase-coupled transmembrane transporter activity|0042626||IEA,
ATU_RS15635,,,ABC transporter permease,,transmembrane transport|0055085||IEA
ATU_RS15640,,,LysR family transcriptional regulator,,
ATU_RS15645,,,HlyD family type I secretion periplasmic adaptor subunit,,protein secretion by the type I secretion system|0030253||IEA
ATU_RS15650,,,type I secretion system permease/ATPase,,
ATU_RS15655,,,hypothetical protein,,
ATU_RS15660,,,TonB-dependent hemoglobin/transferrin/lactoferrin family receptor,transmembrane transporter activity|0022857||IEA,transport|0006810||IEA
ATU_RS15665,,,FecR family protein,transmembrane signaling receptor activity|0004888||IEA,monoatomic ion transport|0006811||IEA
ATU_RS15670,,,RNA polymerase sigma factor,sigma factor activity|0016987||IEA,DNA-templated transcription initiation|0006352||IEA
ATU_RS15675,,,ABC transporter ATP-binding protein,ATP binding|0005524||IEA,
ATU_RS15680,,,iron ABC transporter permease,ATPase-coupled transmembrane transporter activity|0042626||IEA,
ATU_RS15685,,,ABC transporter substrate-binding protein,,
ATU_RS15690,,,ABC transporter substrate-binding protein,,
ATU_RS15695,,,class I SAM-dependent methyltransferase,methyltransferase activity|0008168||IEA,
ATU_RS15700,,,pseudoazurin,copper ion binding|0005507||IEA,
ATU_RS15705,,,ABC transporter ATP-binding protein,ATP binding|0005524||IEA,
ATU_RS15710,,,iron ABC transporter permease,ATPase-coupled transmembrane transporter activity|0042626||IEA,
ATU_RS15715,,,ABC transporter substrate-binding protein,,
ATU_RS15720,,,GNAT family N-acetyltransferase,N-acetyltransferase activity|0008080||IEA,
ATU_RS15725,argE,,acetylornithine deacetylase,acetylornithine deacetylase activity|0008777||IEA,ornithine biosynthetic process|0006592||IEA
ATU_RS15730,,,glyoxylate/hydroxypyruvate reductase A,,
ATU_RS15735,,,cupin domain-containing protein,,
ATU_RS15740,,,aldehyde dehydrogenase,oxidoreductase activity,
ATU_RS15745,,,tartrate dehydrogenase,tartrate dehydrogenase activity|0009027||IEA,carboxylic acid catabolic process|0046395||IEA
ATU_RS15750,,,NAD-dependent succinate-semialdehyde dehydrogenase,,
ATU_RS15755,,,FAD-binding oxidoreductase,oxidoreductase activity|0016491||IEA,
ATU_RS15760,,,haloacid dehalogenase type II,(S)-2-haloacid dehalogenase activity|0018784||IEA,xenobiotic metabolic process|0006805||IEA
ATU_RS15765,,,GNAT family N-acetyltransferase,N-acetyltransferase activity|0008080||IEA,
ATU_RS15770,,,aspartate aminotransferase family protein,,
ATU_RS15775,,,HAD-IA family hydrolase,,
ATU_RS15780,,,ABC transporter substrate-binding protein,ATPase-coupled transmembrane transporter activity|0042626||IEA,
ATU_RS15785,,,ABC transporter permease,,transmembrane transport|0055085||IEA
ATU_RS15790,,,ABC transporter permease,ATPase-coupled transmembrane transporter activity|0042626||IEA,
ATU_RS15795,,,ABC transporter ATP-binding protein,ATP binding|0005524||IEA,
ATU_RS15800,,,Lrp/AsnC family transcriptional regulator,DNA binding|0003677||IEA,
ATU_RS15805,,,FAD-binding oxidoreductase,oxidoreductase activity|0016491||IEA,
ATU_RS15810,,,ABC transporter substrate-binding protein,,
ATU_RS15815,,,ABC transporter substrate-binding protein,,
ATU_RS26920,,,amino acid ABC transporter permease/ATP-binding protein,ATP binding|0005524||IEA,
ATU_RS15825,,,GNAT family N-acetyltransferase,N-acetyltransferase activity|0008080||IEA,
ATU_RS15830,,,M20 aminoacylase family protein,hydrolase activity|0016787||IEA,
ATU_RS15835,,,LLM class flavin-dependent oxidoreductase,FMN binding|0010181||IEA,
ATU_RS15840,,,LLM class flavin-dependent oxidoreductase,FMN binding|0010181||IEA,
ATU_RS15845,,,Rrf2 family transcriptional regulator,DNA binding|0003677||IEA,
ATU_RS15850,,,acyl-CoA dehydrogenase family protein,oxidoreductase activity,
ATU_RS15855,,,flavin reductase family protein,,
ATU_RS15860,ssuD,,FMNH2-dependent alkanesulfonate monooxygenase,alkanesulfonate monooxygenase activity|0008726||IEA,sulfur compound metabolic process|0006790||IEA
ATU_RS15865,,,hypothetical protein,,
ATU_RS15870,,,alpha/beta hydrolase,,
ATU_RS15875,,,LLM class flavin-dependent oxidoreductase,FMN binding|0010181||IEA,
ATU_RS15880,,,acyl-CoA dehydrogenase family protein,,
ATU_RS15885,,,ABC transporter substrate-binding protein,ABC-type transporter activity|0140359||IEA,
ATU_RS15890,,,ABC transporter substrate-binding protein,,
ATU_RS15895,,,ABC transporter permease,,transmembrane transport|0055085||IEA
ATU_RS15900,,,ABC transporter permease,ATPase-coupled transmembrane transporter activity|0042626||IEA,
ATU_RS15905,,,ABC transporter ATP-binding protein,ATP binding|0005524||IEA,
ATU_RS15910,,,ABC transporter ATP-binding protein,ATP binding|0005524||IEA,peptide transport|0015833||IEA
ATU_RS15915,,,aldo/keto reductase,,
ATU_RS15920,,,acyl-CoA dehydrogenase family protein,,
ATU_RS15925,,,LysR substrate-binding domain-containing protein,,
ATU_RS15930,,,LLM class flavin-dependent oxidoreductase,FMN binding|0010181||IEA,
ATU_RS15935,,,ABC transporter substrate-binding protein,,
ATU_RS15940,,,DUF3088 domain-containing protein,,
ATU_RS15945,,,ABC transporter substrate-binding protein,,
ATU_RS15950,,,M20 aminoacylase family protein,hydrolase activity|0016787||IEA,
ATU_RS15955,,,LLM class flavin-dependent oxidoreductase,FMN binding|0010181||IEA,
ATU_RS15960,,,NmrA family NAD(P)-binding protein,,
ATU_RS15965,,,ABC transporter substrate-binding protein,ABC-type transporter activity|0140359||IEA,
ATU_RS15970,,,NtaA/DmoA family FMN-dependent monooxygenase,FMN binding|0010181||IEA,metabolic process|0008152||IEA
ATU_RS15975,,,LLM class flavin-dependent oxidoreductase,oxidoreductase activity|0016491||IEA,
ATU_RS15980,,,mandelate racemase family protein,,
ATU_RS15985,,,SGNH/GDSL hydrolase family protein,,
ATU_RS15990,,,ABC transporter substrate-binding protein,ATPase-coupled transmembrane transporter activity|0042626||IEA,
ATU_RS15995,,,ABC transporter ATP-binding protein,ATP binding|0005524||IEA,
ATU_RS16000,,,ABC transporter ATP-binding protein,ATP binding|0005524||IEA,
ATU_RS16005,,,ABC transporter permease,ATPase-coupled transmembrane transporter activity|0042626||IEA,
ATU_RS16010,,,ABC transporter permease,,transmembrane transport|0055085||IEA
ATU_RS16015,,,LysE family translocator,,
ATU_RS16020,,,FadR/GntR family transcriptional regulator,DNA binding|0003677||IEA,
ATU_RS16025,,,GlxA family transcriptional regulator,DNA binding|0003677||IEA,
ATU_RS16030,,,alpha/beta fold hydrolase,hydrolase activity|0016787||IEA,
ATU_RS16035,,,SDR family oxidoreductase,oxidoreductase activity|0016491||IEA,
ATU_RS16040,,,hypothetical protein,,
ATU_RS16045,blh,,bifunctional sulfur transferase/dioxygenase Blh,,
ATU_RS16050,bigR,,sulfite-sensing transcriptional repressor BigR,,
ATU_RS16055,,,YeeE/YedE family protein,,
ATU_RS16060,,,YeeE/YedE family protein,,
ATU_RS16065,gpmI,,2,2,glycolytic process|0006096||IEA
ATU_RS16070,,,dihydrolipoamide acetyltransferase family protein,,glycolytic process|0006096||IEA
ATU_RS16075,,,alpha-ketoacid dehydrogenase subunit beta,oxidoreductase activity|0016491||IEA,
ATU_RS16080,,,3-methyl-2-oxobutanoate dehydrogenase (2-methylpropanoyl-transferring) subunit alpha,,
ATU_RS16085,,,acyl-CoA dehydrogenase family protein,oxidoreductase activity,
ATU_RS16090,,,acetyl-CoA C-acyltransferase,acetyl-CoA C-acetyltransferase activity|0003985||IEA,fatty acid metabolic process|0006631||IEA
ATU_RS16095,,,Lrp/AsnC family transcriptional regulator,DNA binding|0003677||IEA,
ATU_RS16100,,,isovaleryl-CoA dehydrogenase,,
ATU_RS16105,,,carboxyl transferase domain-containing protein,,
ATU_RS16110,,,acetyl/propionyl/methylcrotonyl-CoA carboxylase subunit alpha,,
ATU_RS16115,,,hydroxymethylglutaryl-CoA lyase,,
ATU_RS16120,,,enoyl-CoA hydratase-related protein,catalytic activity|0003824||IEA,
ATU_RS16125,panC,,pantoate--beta-alanine ligase,pantoate-beta-alanine ligase activity|0004592||IEA,pantothenate biosynthetic process|0015940||IEA
ATU_RS16130,panB,,3-methyl-2-oxobutanoate hydroxymethyltransferase,3-methyl-2-oxobutanoate hydroxymethyltransferase activity|0003864||IEA,pantothenate biosynthetic process|0015940||IEA
ATU_RS16135,rhaI,,L-rhamnose catabolism isomerase,L-rhamnose isomerase activity|0008740||IEA,rhamnose catabolic process|0019301||IEA
ATU_RS16140,,,bifunctional rhamnulose-1-phosphate aldolase/short-chain dehydrogenase,oxidoreductase activity|0016491||IEA,
ATU_RS16145,,,DeoR/GlpR family DNA-binding transcription regulator,DNA-binding transcription factor activity|0003700||IEA,
ATU_RS16150,rhaS,,rhamnose ABC transporter substrate-binding protein,rhamnose transmembrane transporter activity|0015153||IEA,rhamnose transmembrane transport|0015762||IEA
ATU_RS16155,,,sugar ABC transporter ATP-binding protein,ATP binding|0005524||IEA,
ATU_RS16160,,,ABC transporter permease,transmembrane transporter activity|0022857||IEA,carbohydrate transport|0008643||IEA
ATU_RS16165,,,ABC transporter permease,transmembrane transporter activity|0022857||IEA,carbohydrate transport|0008643||IEA
ATU_RS16170,rhaM,,L-rhamnose mutarotase,L-rhamnose mutarotase activity|0062192||IEA,rhamnose catabolic process|0019301||IEA
ATU_RS16175,,,FGGY-family carbohydrate kinase,ATP binding|0005524||IEA,phosphorylation|0016310||IEA
ATU_RS16180,,,alpha/beta fold hydrolase,hydrolase activity|0016787||IEA,
ATU_RS16185,,,FkbM family methyltransferase,,
ATU_RS16190,,,bifunctional diguanylate cyclase/phosphodiesterase,,
ATU_RS16195,,,molybdopterin-dependent oxidoreductase,,
ATU_RS16200,,,NAD-dependent succinate-semialdehyde dehydrogenase,,
ATU_RS16205,,,DNA alkylation repair protein,,
ATU_RS16210,,,sulfate/molybdate ABC transporter ATP-binding protein,,
ATU_RS16215,cysW,,sulfate ABC transporter permease subunit CysW,ABC-type sulfate transporter activity|0015419||IEA,sulfate transport|0008272||IEA
ATU_RS16220,cysT,,sulfate ABC transporter permease subunit CysT,ABC-type sulfate transporter activity|0015419||IEA,sulfate transport|0008272||IEA
ATU_RS16225,cysP,,thiosulfate ABC transporter substrate-binding protein CysP,ABC-type sulfate transporter activity|0015419||IEA,sulfate transport|0008272||IEA
ATU_RS16230,,,enoyl-CoA hydratase/isomerase family protein,,
ATU_RS16235,,,DUF2934 domain-containing protein,,
ATU_RS16240,,,SH3 domain-containing protein,,
ATU_RS16245,ubiG,,bifunctional 2-polyprenyl-6-hydroxyphenol methylase/3-demethylubiquinol 3-O-methyltransferase UbiG,3-demethylubiquinol-n 3-O-methyltransferase activity|0061542||IEA,ubiquinone biosynthetic process|0006744||IEA
ATU_RS16250,,,DUF1178 family protein,,
ATU_RS16255,,,carbon-nitrogen hydrolase family protein,,
ATU_RS16260,grxC,,glutaredoxin 3,disulfide oxidoreductase activity|0015036||IEA,
ATU_RS16265,,,ComF family protein,,
ATU_RS16270,,,methyltransferase domain-containing protein,methyltransferase activity|0008168||IEA,
ATU_RS16275,,,Flp family type IVb pilin,,
ATU_RS16280,,,hypothetical protein,,
ATU_RS16285,mutT,,8-oxo-dGTP diphosphatase MutT,hydrolase activity,DNA repair|0006281||IEA
ATU_RS16290,,,N-acetyltransferase,N-acetyltransferase activity|0008080||IEA,
ATU_RS16295,argJ,,bifunctional glutamate N-acetyltransferase/amino-acid acetyltransferase ArgJ,glutamate N-acetyltransferase activity|0004358||IEA,arginine biosynthetic process|0006526||IEA
ATU_RS16300,,,peptidylprolyl isomerase,,
ATU_RS16305,secA,,preprotein translocase subunit SecA,ATP binding|0005524||IEA,protein targeting|0006605||IEA
ATU_RS16310,,,DMT family transporter,transporter activity|0005215||IEA,transmembrane transport|0055085||IEA
ATU_RS16315,mdoC,,glucans biosynthesis protein MdoC,transferase activity|0016740||IEA,
ATU_RS16320,uppV,,Wzx-type polysaccharide biosynthesis protein UppV,,
ATU_RS16325,,,GNAT family N-acetyltransferase,N-acetyltransferase activity|0008080||IEA,
ATU_RS16330,uppQ,,polysaccharide biosynthesis GNAT family N-acetyltransferase UppQ,,
ATU_RS16340,,,amidohydrolase,,
ATU_RS16345,,,aldo/keto reductase,,
ATU_RS16350,uxuA,,mannonate dehydratase,mannonate dehydratase activity|0008927||IEA,glucuronate catabolic process|0006064||IEA
ATU_RS16355,,,mannitol dehydrogenase family protein,oxidoreductase activity,
ATU_RS16360,,,SDR family NAD(P)-dependent oxidoreductase,,
ATU_RS16365,,,GntR family transcriptional regulator,DNA-binding transcription factor activity|0003700||IEA,
ATU_RS16370,,,sugar ABC transporter substrate-binding protein,,
ATU_RS16375,,,ABC transporter permease,transmembrane transporter activity|0022857||IEA,carbohydrate transport|0008643||IEA
ATU_RS16380,,,ABC transporter permease,ATPase-coupled transmembrane transporter activity|0042626||IEA,
ATU_RS16385,,,sugar ABC transporter ATP-binding protein,ATP binding|0005524||IEA,
ATU_RS16390,,,disulfide bond formation protein B,,
ATU_RS16395,,,HNH endonuclease,nucleic acid binding|0003676||IEA,
ATU_RS16400,,,hypothetical protein,,
ATU_RS16405,,,transglutaminase-like cysteine peptidase,,
ATU_RS16410,,,metallophosphoesterase family protein,phosphoric ester hydrolase activity|0042578||IEA,
ATU_RS16415,,,dihydroxyacetone kinase family protein,,
ATU_RS16420,,,arsenic transporter,,
ATU_RS16425,,,hypothetical protein,,
ATU_RS16430,,,hypothetical protein,,
ATU_RS16435,,,DUF2161 domain-containing phosphodiesterase,,
ATU_RS16440,,,glycosyltransferase family 4 protein,glycosyltransferase activity|0016757||IEA,
ATU_RS16445,,,polysaccharide pyruvyl transferase family protein,,
ATU_RS16450,,,lipopolysaccharide biosynthesis protein,,
ATU_RS16455,,,glycosyltransferase family 4 protein,,
ATU_RS16460,,,hypothetical protein,,
ATU_RS16465,,,acyltransferase,acyltransferase activity,
ATU_RS16470,,,hypothetical protein,,
ATU_RS16475,,,polysaccharide biosynthesis tyrosine autokinase,,extracellular polysaccharide biosynthetic process|0045226||IEA
ATU_RS16480,,,hypothetical protein,,
ATU_RS16485,,,O-antigen ligase family protein,,
ATU_RS16490,,,glycosyltransferase family 4 protein,,
ATU_RS16495,,,glycosyltransferase family 1 protein,glycosyltransferase activity|0016757||IEA,
ATU_RS16500,,,glycosyltransferase family 4 protein,glycosyltransferase activity|0016757||IEA,
ATU_RS16505,,,hypothetical protein,,
ATU_RS16510,,,O-antigen ligase domain-containing protein,,
ATU_RS16515,greA,,transcription elongation factor GreA,DNA binding|0003677||IEA,regulation of DNA-templated transcription elongation|0032784||IEA
ATU_RS16520,,,family 16 glycosylhydrolase,hydrolase activity,carbohydrate metabolic process|0005975||IEA
ATU_RS16525,,,TIM barrel protein,,
ATU_RS16530,,,hypothetical protein,,
ATU_RS16535,,,hypothetical protein,,
ATU_RS16540,,,BTAD domain-containing putative transcriptional regulator,,
ATU_RS16545,,,hypothetical protein,,
ATU_RS16550,,,YcaO-like family protein,,
ATU_RS16555,,,TfuA-like protein,,
ATU_RS16560,,,hypothetical protein,,
ATU_RS16565,,,helix-turn-helix domain-containing protein,DNA binding|0003677||IEA,
ATU_RS16570,,,hypothetical protein,,
ATU_RS16575,,,ATP-binding cassette domain-containing protein,ATP binding|0005524||IEA,
ATU_RS16580,,,sugar ABC transporter permease,,
ATU_RS16585,xylF,,D-xylose ABC transporter substrate-binding protein,ABC-type D-xylose transporter activity|0015614||IEA,D-xylose transmembrane transport|0015753||IEA
ATU_RS16590,,,ROK family transcriptional regulator,DNA-binding transcription factor activity|0003700||IEA,regulation of DNA-templated transcription|0006355||IEA
ATU_RS16595,,,glycerol-3-phosphate dehydrogenase,glycerol-3-phosphate dehydrogenase (quinone) activity|0004368||IEA,glycerol-3-phosphate metabolic process|0006072||IEA
ATU_RS16600,mce,,methylmalonyl-CoA epimerase,,
ATU_RS16605,scpA,,methylmalonyl-CoA mutase,methylmalonyl-CoA mutase activity|0004494||IEA,
ATU_RS16610,,,acetyl/propionyl/methylcrotonyl-CoA carboxylase subunit alpha,,
ATU_RS16615,,,hypothetical protein,,
ATU_RS16620,,,RNA 2'-phosphotransferase,NAD+ ADP-ribosyltransferase activity|0003950||IEA,
ATU_RS16625,,,hypothetical protein,,
ATU_RS16630,yghU,,glutathione-dependent disulfide-bond oxidoreductase,protein binding|0005515||IEA,glutathione metabolic process|0006749||IEA
ATU_RS16635,,,acyl-CoA carboxylase subunit beta,ligase activity|0016874||IEA,
ATU_RS16640,,,short-chain fatty acyl-CoA regulator family protein,,
ATU_RS16645,,,DNA-3-methyladenine glycosylase,,
ATU_RS16650,gluQRS,,tRNA glutamyl-Q(34) synthetase GluQRS,nucleotide binding|0000166||IEA,tRNA aminoacylation for protein translation|0006418||IEA
ATU_RS16655,,,YihY/virulence factor BrkB family protein,,
ATU_RS16660,,,SDR family oxidoreductase,oxidoreductase activity|0016491||IEA,
ATU_RS16665,,,twin transmembrane helix small protein,,
ATU_RS16670,,,cob(I)yrinic acid a,corrinoid adenosyltransferase activity|0008817||IEA,cobalamin biosynthetic process|0009236||IEA
ATU_RS16675,,,rhomboid family intramembrane serine protease,serine-type endopeptidase activity|0004252||IEA,
ATU_RS16680,,,electron transfer flavoprotein subunit beta/FixA family protein,electron transfer activity|0009055||IEA,
ATU_RS16685,,,electron transfer flavoprotein subunit alpha/FixB family protein,electron transfer activity|0009055||IEA,
ATU_RS16690,,,3-hydroxybutyryl-CoA dehydrogenase,oxidoreductase activity,fatty acid metabolic process|0006631||IEA
ATU_RS16695,,,TlpA disulfide reductase family protein,oxidoreductase activity|0016491||IEA,
ATU_RS16700,argH,,argininosuccinate lyase,argininosuccinate lyase activity|0004056||IEA,arginine biosynthetic process via ornithine|0042450||IEA
ATU_RS16705,,,lipoprotein,,
ATU_RS16710,lysA,,diaminopimelate decarboxylase,diaminopimelate decarboxylase activity|0008836||IEA,lysine biosynthetic process via diaminopimelate|0009089||IEA
ATU_RS16715,,,TIGR02302 family protein,,
ATU_RS16720,,,response regulator,phosphorelay response regulator activity|0000156||IEA,phosphorelay signal transduction system|0000160||IEA
ATU_RS16725,hpt,,hypoxanthine phosphoribosyltransferase,,purine ribonucleoside salvage|0006166||IEA
ATU_RS16730,,,hypothetical protein,,
ATU_RS16735,ftsE,,cell division ATP-binding protein FtsE,ATP binding|0005524||IEA,cytokinesis|0000910||IEA
ATU_RS16740,,,ABC transporter permease,,
ATU_RS16745,,,YdcF family protein,,
ATU_RS16750,,,1-acyl-sn-glycerol-3-phosphate acyltransferase,,
ATU_RS16755,,,gamma-glutamylcyclotransferase,,
ATU_RS16760,,,DUF2125 domain-containing protein,,
ATU_RS16765,,,prephenate/arogenate dehydrogenase family protein,,
ATU_RS16770,hisC,,histidinol-phosphate transaminase,histidinol-phosphate transaminase activity|0004400||IEA,histidine biosynthetic process|0000105||IEA
ATU_RS16775,,,class I SAM-dependent methyltransferase,methyltransferase activity|0008168||IEA,
ATU_RS16780,gloB,,hydroxyacylglutathione hydrolase,hydroxyacylglutathione hydrolase activity|0004416||IEA,methylglyoxal catabolic process to D-lactate via S-lactoyl-glutathione|0019243||IEA
ATU_RS16785,,,cupin domain-containing protein,,
ATU_RS16790,,,DUF3108 domain-containing protein,,
ATU_RS16795,rpmB,,50S ribosomal protein L28,structural constituent of ribosome|0003735||IEA,translation|0006412||IEA
ATU_RS16800,,,queuosine precursor transporter,,queuosine salvage|1990397||IEA
ATU_RS16805,,,pentapeptide repeat-containing protein,,
ATU_RS16810,,,esterase-like activity of phytase family protein,,
ATU_RS16815,cobT,,cobaltochelatase subunit CobT,cobaltochelatase activity|0051116||IEA,cobalamin biosynthetic process|0009236||IEA
ATU_RS16820,cobS,,cobaltochelatase subunit CobS,cobaltochelatase activity|0051116||IEA,cobalamin biosynthetic process|0009236||IEA
ATU_RS16825,,,J domain-containing protein,,protein folding|0006457||IEA
ATU_RS16830,,,BolA family transcriptional regulator,,
ATU_RS16835,aroB,,3-dehydroquinate synthase,3-dehydroquinate synthase activity|0003856||IEA,chorismate biosynthetic process|0009423||IEA
ATU_RS16840,,,shikimate kinase,,
ATU_RS16845,,,hypothetical protein,,
ATU_RS16850,,,site-specific tyrosine recombinase XerD,DNA binding|0003677||IEA,DNA transposition|0006313||IEA
ATU_RS16855,,,acetyl-CoA carboxylase carboxyltransferase subunit alpha,acetyl-CoA carboxylase activity|0003989||IEA,fatty acid biosynthetic process|0006633||IEA
ATU_RS16860,,,murein L,transferase activity|0016740||IEA,
ATU_RS16865,,,sulfurtransferase TusA family protein,,
ATU_RS16870,,,GTP-binding protein,GTPase activity|0003924||IEA,
ATU_RS16875,,,D-alanyl-D-alanine carboxypeptidase family protein,serine-type peptidase activity|0008236||IEA,
ATU_RS16880,,,M20 aminoacylase family protein,hydrolase activity|0016787||IEA,
ATU_RS16885,,,hypothetical protein,,
ATU_RS16890,rpsU,,30S ribosomal protein S21,structural constituent of ribosome|0003735||IEA,translation|0006412||IEA
ATU_RS26640,,,hypothetical protein,,
ATU_RS16900,,,GAD-like domain-containing protein,,
ATU_RS16905,,,polymorphic toxin type 15 domain-containing protein,,
ATU_RS16910,,,DUF2169 domain-containing protein,,
ATU_RS16915,tssI,,type VI secretion system tip protein TssI/VgrG,molecular_function|0003674||IEA,protein secretion by the type VI secretion system|0033103||IEA
ATU_RS16920,,,hypothetical protein,,
ATU_RS16925,,,hypothetical protein,,
ATU_RS16930,,,nucleotidyltransferase family protein,,
ATU_RS16935,,,GNAT family N-acetyltransferase,N-acetyltransferase activity|0008080||IEA,
ATU_RS16940,,,dienelactone hydrolase family protein,hydrolase activity|0016787||IEA,
ATU_RS16945,,,acyl-CoA thioester hydrolase/BAAT C-terminal domain-containing protein,,
ATU_RS16950,,,hypothetical protein,,
ATU_RS16955,,,peroxiredoxin,peroxiredoxin activity|0051920||IEA,
ATU_RS16960,,,GNAT family N-acetyltransferase,N-acetyltransferase activity|0008080||IEA,
ATU_RS16965,,,cupin domain-containing protein,,
ATU_RS16970,,,MerR family transcriptional regulator,DNA binding|0003677||IEA,regulation of DNA-templated transcription|0006355||IEA
ATU_RS16975,,,hypothetical protein,,
ATU_RS16980,,,hypothetical protein,,
ATU_RS16985,,,hypothetical protein,,
ATU_RS16990,,,Rrf2 family transcriptional regulator,DNA binding|0003677||IEA,
ATU_RS16995,,,alpha/beta fold hydrolase,hydrolase activity|0016787||IEA,
ATU_RS17000,,,SDR family NAD(P)-dependent oxidoreductase,,
ATU_RS17005,,,Rrf2 family transcriptional regulator,DNA binding|0003677||IEA,
ATU_RS17010,,,aspartate 1-decarboxylase,,
ATU_RS17015,,,Rrf2 family transcriptional regulator,DNA binding|0003677||IEA,
ATU_RS17020,,,MATE family efflux transporter,antiporter activity|0015297||IEA,transmembrane transport|0055085||IEA
ATU_RS17025,,,non-ribosomal peptide synthetase,,
ATU_RS17030,,,LLM class flavin-dependent oxidoreductase,FMN binding|0010181||IEA,
ATU_RS17035,,,type I polyketide synthase,,
ATU_RS17040,,,AMP-binding protein,,
ATU_RS17045,,,non-ribosomal peptide synthetase,,
ATU_RS17050,,,class I SAM-dependent methyltransferase,methyltransferase activity|0008168||IEA,
ATU_RS17055,,,aspartate aminotransferase family protein,,
ATU_RS17060,,,MbtH family protein,,
ATU_RS17065,,,siderophore biosynthesis protein,,
ATU_RS17070,,,siderophore biosynthesis protein,,
ATU_RS17075,,,type I polyketide synthase,,
ATU_RS17080,,,non-ribosomal peptide synthetase,,
ATU_RS17085,,,non-ribosomal peptide synthetase,,
ATU_RS17090,,,condensation domain-containing protein,catalytic activity|0003824||IEA,
ATU_RS17095,,,thioesterase II family protein,,
ATU_RS17100,,,ferric iron reductase,,
ATU_RS17105,,,TonB-dependent receptor domain-containing protein,,
ATU_RS17110,,,iron-siderophore ABC transporter substrate-binding protein,,siderophore transport|0015891||IEA
ATU_RS17115,,,iron ABC transporter permease,ATPase-coupled transmembrane transporter activity|0042626||IEA,iron ion transport|0006826||IEA
ATU_RS17120,,,iron ABC transporter permease,ATPase-coupled transmembrane transporter activity|0042626||IEA,iron ion transport|0006826||IEA
ATU_RS17125,,,ABC transporter ATP-binding protein,ATP binding|0005524||IEA,
ATU_RS17130,,,RNA polymerase sigma factor,sigma factor activity|0016987||IEA,DNA-templated transcription initiation|0006352||IEA
ATU_RS17135,,,FecR family protein,transmembrane signaling receptor activity|0004888||IEA,monoatomic ion transport|0006811||IEA
ATU_RS17140,pbpC,,penicillin-binding protein 1C,catalytic activity|0003824||IEA,peptidoglycan biosynthetic process|0009252||IEA
ATU_RS17145,,,alpha-2-macroglobulin family protein,,
ATU_RS17150,,,Trm112 family protein,,
ATU_RS17155,,,LON peptidase substrate-binding domain-containing protein,,
ATU_RS17160,trxA,,thioredoxin,disulfide oxidoreductase activity|0015036||IEA,
ATU_RS17165,,,prolyl-tRNA synthetase associated domain-containing protein,,
ATU_RS17175,,,glutathione S-transferase family protein,protein binding|0005515||IEA,glutathione metabolic process|0006749||IEA
ATU_RS17185,mnmA,,tRNA 2-thiouridine(34) synthase MnmA,transferase activity|0016740||IEA,tRNA processing|0008033||IEA
ATU_RS17190,opgC,,OpgC family protein,,
ATU_RS17195,,,Tim44 domain-containing protein,,
ATU_RS17200,serA,,phosphoglycerate dehydrogenase,phosphoglycerate dehydrogenase activity|0004617||IEA,L-serine biosynthetic process|0006564||IEA
ATU_RS17205,,,phosphoserine transaminase,O-phospho-L-serine:2-oxoglutarate aminotransferase activity|0004648||IEA,L-serine biosynthetic process|0006564||IEA
ATU_RS17210,,,outer membrane protein,,
ATU_RS17215,glmM,,phosphoglucosamine mutase,phosphoglucosamine mutase activity|0008966||IEA,lipopolysaccharide biosynthetic process|0009103||IEA
ATU_RS17220,ftsH,,ATP-dependent zinc metalloprotease FtsH,metalloendopeptidase activity|0004222||IEA,proteolysis|0006508||IEA
ATU_RS17225,tilS,,tRNA lysidine(34) synthetase TilS,ligase activity,tRNA modification|0006400||IEA
ATU_RS17230,ybgF,,tol-pal system protein YbgF,protein binding|0005515||IEA,
ATU_RS17235,pal,,peptidoglycan-associated lipoprotein Pal,,
ATU_RS17240,tolB,,Tol-Pal system beta propeller repeat protein TolB,transporter activity|0005215||IEA,transport|0006810||IEA
ATU_RS17245,,,hypothetical protein,,
ATU_RS17250,tolR,,protein TolR,proton transmembrane transporter activity|0015078||IEA,membrane organization|0061024||IEA
ATU_RS17255,tolQ,,protein TolQ,proton transmembrane transporter activity|0015078||IEA,proton transmembrane transport|1902600||IEA
ATU_RS17260,ybgC,,tol-pal system-associated acyl-CoA thioesterase,protein binding|0005515||IEA,
ATU_RS26925,,,hypothetical protein,,
ATU_RS17270,,,NUDIX hydrolase,,
ATU_RS17275,,,DinB family protein,,
ATU_RS17280,,,DUF2945 domain-containing protein,,
ATU_RS17285,ruvB,,Holliday junction branch migration DNA helicase RuvB,DNA binding|0003677||IEA,DNA repair|0006281||IEA
ATU_RS17290,ruvA,,Holliday junction branch migration protein RuvA,four-way junction helicase activity|0009378||IEA,DNA recombination|0006310||IEA
ATU_RS17295,ruvC,,crossover junction endodeoxyribonuclease RuvC,crossover junction DNA endonuclease activity|0008821||IEA,DNA recombination|0006310||IEA
ATU_RS17300,,,methyl-accepting chemotaxis protein,,
ATU_RS17305,,,LLM class flavin-dependent oxidoreductase,FMN binding|0010181||IEA,
ATU_RS17310,,,YebC/PmpR family DNA-binding transcriptional regulator,,
ATU_RS17315,,,pyridoxamine 5'-phosphate oxidase family protein,,
ATU_RS17320,,,MBL fold metallo-hydrolase,hydrolase activity|0016787||IEA,
ATU_RS17325,,,TIGR00282 family metallophosphoesterase,phosphoric ester hydrolase activity|0042578||IEA,metabolic process|0008152||IEA
ATU_RS17330,,,5-formyltetrahydrofolate cyclo-ligase,5-formyltetrahydrofolate cyclo-ligase activity|0030272||IEA,one-carbon metabolic process|0006730||IEA
ATU_RS17335,,,hemolysin family protein,,
ATU_RS17345,,,cell division protein ZapA,,
ATU_RS17350,,,DUF4164 domain-containing protein,,
ATU_RS17355,tkt,,transketolase,transketolase activity|0004802||IEA,pentose-phosphate shunt|0006098||IEA
ATU_RS17360,gap,,type I glyceraldehyde-3-phosphate dehydrogenase,,gluconeogenesis|0006094||IEA
ATU_RS17365,,,potassium/proton antiporter,,
ATU_RS17370,,,phosphoglycerate kinase,phosphoglycerate kinase activity|0004618||IEA,glycolytic process|0006096||IEA
ATU_RS17375,,,class I fructose-bisphosphate aldolase,fructose-bisphosphate aldolase activity|0004332||IEA,glycolytic process|0006096||IEA
ATU_RS26580,,,hypothetical protein,,
ATU_RS17380,,,MFS transporter,transmembrane transporter activity|0022857||IEA,transmembrane transport|0055085||IEA
ATU_RS17385,,,DUF1192 domain-containing protein,,
ATU_RS17390,,,DUF1465 family protein,,
ATU_RS17395,rpmE,,50S ribosomal protein L31,structural constituent of ribosome|0003735||IEA,translation|0006412||IEA
ATU_RS17400,,,ABC transporter transmembrane domain-containing protein,ATP binding|0005524||IEA,transmembrane transport|0055085||IEA
ATU_RS17405,,,FAD-binding dehydrogenase,oxidoreductase activity,
ATU_RS17410,,,peptidoglycan -binding protein,,
ATU_RS17415,,,hypothetical protein,,
ATU_RS17420,,,inositol monophosphatase family protein,inositol monophosphate 1-phosphatase activity|0008934||IEA,inositol metabolic process|0006020||IEA
ATU_RS17425,,,tetratricopeptide repeat protein,protein binding|0005515||IEA,
ATU_RS17430,,,thiamine phosphate synthase,,
ATU_RS17435,,,sulfite exporter TauE/SafE family protein,,transport|0006810||IEA
ATU_RS17440,,,YdcH family protein,,
ATU_RS17445,,,YdcH family protein,,
ATU_RS17450,purE,,5-(carboxyamino)imidazole ribonucleotide mutase,phosphoribosylaminoimidazole carboxylase activity|0004638||IEA,purine ribonucleotide biosynthetic process|0009152||IEA
ATU_RS17455,,,5-(carboxyamino)imidazole ribonucleotide synthase,,
ATU_RS17460,ykgO,,type B 50S ribosomal protein L36,structural constituent of ribosome|0003735||IEA,translation|0006412||IEA
ATU_RS17465,,,hypothetical protein,,
ATU_RS17470,,,DUF2312 domain-containing protein,,
ATU_RS17475,,,DUF1244 domain-containing protein,,
ATU_RS17480,,,N-formylglutamate amidohydrolase,,
ATU_RS17485,,,DUF1036 domain-containing protein,,
ATU_RS17490,pyk,,pyruvate kinase,pyruvate kinase activity|0004743||IEA,glycolytic process|0006096||IEA
ATU_RS17495,,,DUF882 domain-containing protein,,
ATU_RS17500,,,sigma-54 dependent transcriptional regulator,ATP binding|0005524||IEA,regulation of DNA-templated transcription|0006355||IEA
ATU_RS17505,,,M3 family oligoendopeptidase,,
ATU_RS17510,,,aminotransferase class IV family protein,,
ATU_RS17515,,,GGDEF domain-containing protein,GTP binding|0005525||IEA,
ATU_RS17520,,,homospermidine synthase,,
ATU_RS17525,omp10,,outer membrane lipoprotein Omp10,,
ATU_RS17530,,,5'-nucleotidase C-terminal domain-containing protein,hydrolase activity|0016787||IEA,nucleotide catabolic process|0009166||IEA
ATU_RS17535,hemH,,ferrochelatase,ferrochelatase activity|0004325||IEA,porphyrin-containing compound biosynthetic process|0006779||IEA
ATU_RS17540,,,SPFH domain-containing protein,,
ATU_RS17545,,,NfeD family protein,,
ATU_RS17550,,,SIS domain-containing protein,isomerase activity|0016853||IEA,carbohydrate metabolic process|0005975||IEA
ATU_RS17555,,,PAS domain-containing protein,,
ATU_RS17560,,,hypothetical protein,,
ATU_RS17565,uppP,,polysaccharide biosynthesis protein UppP,,
ATU_RS17570,galU,,UTP--glucose-1-phosphate uridylyltransferase GalU,UTP:glucose-1-phosphate uridylyltransferase activity|0003983||IEA,nucleotide-sugar metabolic process|0009225||IEA
ATU_RS17575,,,lytic murein transglycosylase,glycosyltransferase activity|0016757||IEA,peptidoglycan catabolic process|0009253||IEA
ATU_RS17580,,,SGNH family hydrolase,,
ATU_RS17585,,,response regulator transcription factor,DNA binding|0003677||IEA,phosphorelay signal transduction system|0000160||IEA
ATU_RS17590,,,HAMP domain-containing sensor histidine kinase,phosphorelay response regulator activity|0000156||IEA,signal transduction|0007165||IEA
ATU_RS17595,,,glutamate synthase subunit beta,,
ATU_RS17600,,,hypothetical protein,,
ATU_RS17605,gltB,,glutamate synthase large subunit,catalytic activity|0003824||IEA,glutamate biosynthetic process|0006537||IEA
ATU_RS17610,,,low specificity L-threonine aldolase,,
ATU_RS17615,,,response regulator transcription factor,DNA binding|0003677||IEA,phosphorelay signal transduction system|0000160||IEA
ATU_RS17620,,,sensor histidine kinase KdpD,,
ATU_RS17625,kdpC,,potassium-transporting ATPase subunit KdpC,P-type potassium transmembrane transporter activity|0008556||IEA,potassium ion transport|0006813||IEA
ATU_RS17630,kdpB,,potassium-transporting ATPase subunit KdpB,P-type potassium transmembrane transporter activity|0008556||IEA,potassium ion transport|0006813||IEA
ATU_RS26585,,,hypothetical protein,,
ATU_RS17635,kdpA,,potassium-transporting ATPase subunit KdpA,P-type potassium transmembrane transporter activity|0008556||IEA,potassium ion transport|0006813||IEA
ATU_RS17640,kdpF,,K(+)-transporting ATPase subunit F,P-type potassium transmembrane transporter activity|0008556||IEA,potassium ion transport|0006813||IEA
ATU_RS17645,,,asparaginase,,
ATU_RS17650,,,amino acid permease,amino acid transmembrane transporter activity|0015171||IEA,amino acid transport|0006865||IEA
ATU_RS17655,,,aspartate ammonia-lyase,,
ATU_RS17660,,,FadR/GntR family transcriptional regulator,DNA binding|0003677||IEA,
ATU_RS17665,,,efflux RND transporter permease subunit,transmembrane transporter activity|0022857||IEA,
ATU_RS17670,,,efflux RND transporter periplasmic adaptor subunit,transporter activity|0005215||IEA,transport|0006810||IEA
ATU_RS17675,,,efflux RND transporter periplasmic adaptor subunit,transporter activity|0005215||IEA,transport|0006810||IEA
ATU_RS17680,,,TetR/AcrR family transcriptional regulator,DNA binding|0003677||IEA,
ATU_RS17685,hutC,,histidine utilization repressor,DNA-binding transcription factor activity|0003700||IEA,regulation of DNA-templated transcription|0006355||IEA
ATU_RS17690,,,hypothetical protein,,
ATU_RS17695,,,ABC transporter substrate-binding protein,,
ATU_RS17700,,,proline/glycine betaine ABC transporter permease,,
ATU_RS17705,,,glycine betaine/L-proline ABC transporter ATP-binding protein,,
ATU_RS17710,hutH,,histidine ammonia-lyase,histidine ammonia-lyase activity|0004397||IEA,histidine catabolic process|0006548||IEA
ATU_RS17715,,,MFS transporter,transmembrane transporter activity|0022857||IEA,transmembrane transport|0055085||IEA
ATU_RS17720,,,MYG1 family protein,,
ATU_RS17725,,,cystathionine gamma-synthase family protein,pyridoxal phosphate binding|0030170||IEA,transsulfuration|0019346||IEA
ATU_RS17730,,,Lrp/AsnC family transcriptional regulator,DNA binding|0003677||IEA,
ATU_RS17735,,,LysR family transcriptional regulator,DNA-binding transcription activator activity|0001216||IEA,
ATU_RS17740,,,aldo/keto reductase family oxidoreductase,,
ATU_RS17745,,,LysR family transcriptional regulator,DNA-binding transcription activator activity|0001216||IEA,
ATU_RS17750,,,hydrolase,hydrolase activity|0016787||IEA,
ATU_RS17755,,,low affinity iron permease family protein,,transmembrane transport|0055085||IEA
ATU_RS17760,,,SDR family NAD(P)-dependent oxidoreductase,,
ATU_RS17765,,,L-rhamnose mutarotase,,
ATU_RS17770,,,GntR family transcriptional regulator,DNA-binding transcription factor activity|0003700||IEA,
ATU_RS17775,,,aldo/keto reductase,,
ATU_RS17780,,,UxaA family hydrolase,,
ATU_RS17785,,,sugar ABC transporter ATP-binding protein,ATP binding|0005524||IEA,
ATU_RS17790,,,ABC transporter permease,transmembrane transporter activity|0022857||IEA,carbohydrate transport|0008643||IEA
ATU_RS17795,,,ABC transporter permease,ATPase-coupled transmembrane transporter activity|0042626||IEA,
ATU_RS17800,,,sugar ABC transporter substrate-binding protein,,
ATU_RS17805,,,hypothetical protein,,
ATU_RS17810,,,methionine synthase,5-methyltetrahydropteroyltriglutamate-homocysteine S-methyltransferase activity|0003871||IEA,methionine biosynthetic process|0009086||IEA
ATU_RS17815,,,DUF1852 domain-containing protein,,
ATU_RS17820,,,acyl-CoA thioesterase,,
ATU_RS17825,,,LysR family transcriptional regulator,,
ATU_RS17830,,,GNAT family N-acetyltransferase,N-acetyltransferase activity|0008080||IEA,
ATU_RS17835,,,LysR family transcriptional regulator,DNA-binding transcription factor activity|0003700||IEA,regulation of DNA-templated transcription|0006355||IEA
ATU_RS17840,,,MFS transporter,,
ATU_RS17845,,,site-specific integrase,,
ATU_RS17850,,,hypothetical protein,,
ATU_RS17855,,,hypothetical protein,,
ATU_RS17860,,,hypothetical protein,,
ATU_RS17865,,,TIGR04255 family protein,,
ATU_RS17870,,,hypothetical protein,,
ATU_RS17875,,,hypothetical protein,,
ATU_RS17880,,,site-specific DNA-methyltransferase,DNA binding|0003677||IEA,DNA methylation|0006306||IEA
ATU_RS17885,,,hypothetical protein,,
ATU_RS17890,,,hypothetical protein,,
ATU_RS17895,,,hypothetical protein,,
ATU_RS17900,,,hypothetical protein,,
ATU_RS17905,,,hypothetical protein,,
ATU_RS17910,,,hypothetical protein,,
ATU_RS17915,,,hypothetical protein,,
ATU_RS17920,,,hypothetical protein,,
ATU_RS17925,,,recombinase family protein,DNA strand exchange activity|0000150||IEA,DNA recombination|0006310||IEA
ATU_RS17935,,,hypothetical protein,,
ATU_RS17940,,,AAA family ATPase,,
ATU_RS17945,,,hypothetical protein,,
ATU_RS17950,,,hypothetical protein,,
ATU_RS26680,,,hypothetical protein,,
ATU_RS17965,,,polysaccharide deacetylase family protein,hydrolase activity,carbohydrate metabolic process|0005975||IEA
ATU_RS17970,,,acyl-CoA thioesterase,fatty acyl-CoA hydrolase activity|0047617||IEA,
ATU_RS17975,,,hypothetical protein,,
ATU_RS17980,,,ABC transporter ATP-binding protein/permease,,
ATU_RS17985,,,DUF2126 domain-containing protein,,
ATU_RS17990,,,circularly permuted type 2 ATP-grasp protein,,
ATU_RS17995,,,transglutaminase family protein,,
ATU_RS18000,,,TadE/TadG family type IV pilus assembly protein,,
ATU_RS18005,,,ABC-F family ATP-binding cassette domain-containing protein,ATP binding|0005524||IEA,
ATU_RS18010,,,2-hydroxyacid dehydrogenase,D-lactate dehydrogenase activity|0008720||IEA,
ATU_RS18015,,,alpha-hydroxy acid oxidase,FMN binding|0010181||IEA,
ATU_RS18020,,,hypothetical protein,,
ATU_RS18025,,,helix-turn-helix domain-containing GNAT family N-acetyltransferase,,
ATU_RS26685,,,methyl-accepting chemotaxis protein,,signal transduction|0007165||IEA
ATU_RS26690,,,FGGY-family carbohydrate kinase,ATP binding|0005524||IEA,phosphorylation|0016310||IEA
ATU_RS18040,,,class I fructose-bisphosphate aldolase,,
ATU_RS18045,,,glycerol-3-phosphate dehydrogenase/oxidase,oxidoreductase activity|0016491||IEA,
ATU_RS18050,,,aldo/keto reductase,,
ATU_RS18055,,,sugar-binding transcriptional regulator,DNA binding|0003677||IEA,
ATU_RS18060,,,ABC transporter permease,transmembrane transporter activity|0022857||IEA,carbohydrate transport|0008643||IEA
ATU_RS18065,,,sugar ABC transporter ATP-binding protein,ATP binding|0005524||IEA,
ATU_RS18070,,,substrate-binding domain-containing protein,,
ATU_RS18080,,,cell cycle two-component system response regulator CpdR,,phosphorelay signal transduction system|0000160||IEA
ATU_RS18085,,,N-formylglutamate amidohydrolase,,
ATU_RS18090,hisN,,histidinol-phosphatase,histidinol-phosphatase activity|0004401||IEA,histidine biosynthetic process|0000105||IEA
ATU_RS18095,,,alpha/beta fold hydrolase,hydrolase activity|0016787||IEA,
ATU_RS18100,,,hypothetical protein,,
ATU_RS18105,hspL,,heat shock protein HspL,,
ATU_RS18110,,,bile acid:sodium symporter family protein,symporter activity|0015293||IEA,transport|0006810||IEA
ATU_RS18115,,,LysR family transcriptional regulator,DNA-binding transcription factor activity|0003700||IEA,regulation of DNA-templated transcription|0006355||IEA
ATU_RS18120,glpK,,glycerol kinase GlpK,glycerol kinase activity|0004370||IEA,glycerol metabolic process|0006071||IEA
ATU_RS18125,,,ABC transporter substrate-binding protein,ATPase-coupled transmembrane transporter activity|0042626||IEA,
ATU_RS18130,,,DUF2160 domain-containing protein,,
ATU_RS18135,,,carbohydrate ABC transporter permease,,carbohydrate transport|0008643||IEA
ATU_RS18140,,,carbohydrate ABC transporter permease,ATPase-coupled transmembrane transporter activity|0042626||IEA,
ATU_RS18145,,,ABC transporter ATP-binding protein,ATP binding|0005524||IEA,
ATU_RS18150,,,ABC transporter ATP-binding protein,ATP binding|0005524||IEA,
ATU_RS18155,,,glycerol-3-phosphate dehydrogenase,glycerol-3-phosphate dehydrogenase (quinone) activity|0004368||IEA,glycerol-3-phosphate metabolic process|0006072||IEA
ATU_RS18160,,,DeoR/GlpR family DNA-binding transcription regulator,DNA-binding transcription factor activity|0003700||IEA,
ATU_RS18165,cysG,,siroheme synthase CysG,uroporphyrin-III C-methyltransferase activity|0004851||IEA,siroheme biosynthetic process|0019354||IEA
ATU_RS18170,,,nitrate reductase,oxidoreductase activity|0016491||IEA,
ATU_RS18175,nirD,,nitrite reductase small subunit NirD,nitrite reductase [NAD(P)H] activity|0008942||IEA,
ATU_RS18180,nirB,,nitrite reductase large subunit NirB,nitrite reductase [NAD(P)H] activity|0008942||IEA,nitrate assimilation|0042128||IEA
ATU_RS18185,,,ABC transporter ATP-binding protein,ATP binding|0005524||IEA,
ATU_RS18190,ntrB,,nitrate ABC transporter permease,ABC-type nitrate transporter activity|0015414||IEA,nitrate transmembrane transport|0015706||IEA
ATU_RS18195,,,CmpA/NrtA family ABC transporter substrate-binding protein,ATPase-coupled transmembrane transporter activity|0042626||IEA,
ATU_RS18200,,,CmpA/NrtA family ABC transporter substrate-binding protein,ATPase-coupled transmembrane transporter activity|0042626||IEA,
ATU_RS18205,,,ANTAR domain-containing response regulator,,
ATU_RS18210,,,GntR family transcriptional regulator,DNA-binding transcription factor activity|0003700||IEA,
ATU_RS18215,,,NRAMP family divalent metal transporter,,
ATU_RS18220,,,LamB/YcsF family protein,ATP binding|0005524||IEA,carbohydrate metabolic process|0005975||IEA
ATU_RS18225,,,putative hydro-lyase,catalytic activity|0003824||IEA,
ATU_RS18230,,,5-oxoprolinase/urea amidolyase family protein,,
ATU_RS18235,,,acetyl/propionyl/methylcrotonyl-CoA carboxylase subunit alpha,,
ATU_RS18240,amyA,,alpha-amylase,hydrolase activity,carbohydrate metabolic process|0005975||IEA
ATU_RS18245,soxR,,redox-sensitive transcriptional activator SoxR,DNA binding|0003677||IEA,regulation of DNA-templated transcription|0006355||IEA
ATU_RS18250,,,TonB-dependent siderophore receptor,,
ATU_RS18255,,,glycosyl transferase family protein,,
ATU_RS18260,,,low temperature requirement protein A,,
ATU_RS18265,,,hypothetical protein,,
ATU_RS18270,,,hypothetical protein,,
ATU_RS18275,repC,,plasmid replication protein RepC,,
ATU_RS18280,repB,,plasmid partitioning protein RepB,DNA binding|0003677||IEA,
ATU_RS18285,repA,,plasmid partitioning protein RepA,,
ATU_RS18290,,,FAD/NAD(P)-binding protein,,
ATU_RS18295,,,RidA family protein,hydrolase activity|0016787||IEA,
ATU_RS18300,,,D-TA family PLP-dependent enzyme,,
ATU_RS18305,,,M81 family metallopeptidase,,
ATU_RS18310,,,HutD family protein,,
ATU_RS18315,,,alpha/beta fold hydrolase,hydrolase activity|0016787||IEA,
ATU_RS18320,hutU,,urocanate hydratase,urocanate hydratase activity|0016153||IEA,histidine catabolic process|0006548||IEA
ATU_RS18325,hutG,,N-formylglutamate deformylase,N-formylglutamate deformylase activity|0050129||IEA,histidine catabolic process to glutamate and formate|0019557||IEA
ATU_RS18330,hutH,,histidine ammonia-lyase,histidine ammonia-lyase activity|0004397||IEA,histidine catabolic process|0006548||IEA
ATU_RS18335,hutI,,imidazolonepropionase,imidazolonepropionase activity|0050480||IEA,histidine catabolic process|0006548||IEA
ATU_RS18340,,,formimidoylglutamate deiminase,hydrolase activity,
ATU_RS18345,hutC,,histidine utilization repressor,DNA-binding transcription factor activity|0003700||IEA,regulation of DNA-templated transcription|0006355||IEA
ATU_RS18390,,,hypothetical protein,,
ATU_RS18395,,,FAD-binding oxidoreductase,oxidoreductase activity|0016491||IEA,
ATU_RS18400,,,DSD1 family PLP-dependent enzyme,,
ATU_RS18405,,,ornithine cyclodeaminase family protein,,
ATU_RS18410,,,aldehyde dehydrogenase family protein,,
ATU_RS18415,,,LysR family transcriptional regulator,,
ATU_RS18420,,,FAD-binding oxidoreductase,oxidoreductase activity|0016491||IEA,
ATU_RS18425,,,4-hydroxyproline epimerase,,
ATU_RS18430,,,proline/glycine betaine ABC transporter permease,,transmembrane transport|0055085||IEA
ATU_RS18435,,,proline/glycine betaine ABC transporter permease,,
ATU_RS18440,,,glycine betaine/L-proline ABC transporter ATP-binding protein,,
ATU_RS18445,,,glycine betaine ABC transporter substrate-binding protein,,
ATU_RS18450,,,FAD-binding oxidoreductase,oxidoreductase activity|0016491||IEA,
ATU_RS18455,,,aldehyde dehydrogenase,,
ATU_RS18460,,,dihydrodipicolinate synthase family protein,,
ATU_RS18465,,,GntR family transcriptional regulator,DNA-binding transcription factor activity|0003700||IEA,
ATU_RS26695,,,ABC transporter substrate-binding protein,,
ATU_RS18475,,,SMP-30/gluconolactonase/LRE family protein,hydrolase activity|0016787||IEA,
ATU_RS18480,,,GntR family transcriptional regulator,DNA-binding transcription factor activity|0003700||IEA,
ATU_RS18485,,,Gfo/Idh/MocA family protein,oxidoreductase activity|0016491||IEA,
ATU_RS18490,,,Gfo/Idh/MocA family protein,oxidoreductase activity|0016491||IEA,
ATU_RS18495,,,Gfo/Idh/MocA family protein,oxidoreductase activity|0016491||IEA,
ATU_RS18500,,,ABC transporter substrate-binding protein,ATPase-coupled transmembrane transporter activity|0042626||IEA,
ATU_RS18505,,,carbohydrate ABC transporter permease,ATPase-coupled transmembrane transporter activity|0042626||IEA,
ATU_RS18510,,,carbohydrate ABC transporter permease,,carbohydrate transport|0008643||IEA
ATU_RS18515,ugpC,,ABC transporter ATP-binding protein,ATP binding|0005524||IEA,
ATU_RS18520,araD,,L-arabinonate dehydratase,,
ATU_RS18525,,,NAD(P)-dependent oxidoreductase,oxidoreductase activity|0016491||IEA,
ATU_RS18530,,,ribonuclease activity regulator RraA,,
ATU_RS18535,,,S-layer family protein,,
ATU_RS18540,glf,,UDP-galactopyranose mutase,UDP-galactopyranose mutase activity|0008767||IEA,peptidoglycan-based cell wall biogenesis|0009273||IEA
ATU_RS18545,,,hypothetical protein,,
ATU_RS18550,,,S-layer family protein,,
ATU_RS18555,,,LysR family transcriptional regulator,DNA-binding transcription activator activity|0001216||IEA,
ATU_RS18560,,,VOC family protein,,
ATU_RS18565,,,hydrolase,hydrolase activity|0016787||IEA,
ATU_RS18570,,,XapX domain-containing protein,,
ATU_RS18575,,,amidohydrolase,hydrolase activity,
ATU_RS18580,,,DoxX family protein,,
ATU_RS18585,,,MFS transporter,transmembrane transporter activity|0022857||IEA,transmembrane transport|0055085||IEA
ATU_RS18590,,,pyrroline-5-carboxylate reductase,pyrroline-5-carboxylate reductase activity|0004735||IEA,proline biosynthetic process|0006561||IEA
ATU_RS18595,,,exonuclease domain-containing protein,exonuclease activity|0004527||IEA,
ATU_RS18600,,,LysR family transcriptional regulator,DNA-binding transcription factor activity|0003700||IEA,regulation of DNA-templated transcription|0006355||IEA
ATU_RS18605,,,MFS transporter,,
ATU_RS18610,,,copper-binding protein,,
ATU_RS18615,,,plastocyanin/azurin family copper-binding protein,copper ion binding|0005507||IEA,
ATU_RS18620,,,multicopper oxidase family protein,,
ATU_RS18625,,,TolC family protein,efflux transmembrane transporter activity|0015562||IEA,transmembrane transport|0055085||IEA
ATU_RS18630,,,hypothetical protein,,
ATU_RS18635,,,hypothetical protein,,
ATU_RS18640,,,hypothetical protein,,
ATU_RS18645,,,AraC family transcriptional regulator,,
ATU_RS18650,,,acetyltransferase,N-acetyltransferase activity|0008080||IEA,
ATU_RS18655,bioB,,biotin synthase BioB,biotin synthase activity|0004076||IEA,biotin biosynthetic process|0009102||IEA
ATU_RS18660,,,8-amino-7-oxononanoate synthase,8-amino-7-oxononanoate synthase activity|0008710||IEA,biotin biosynthetic process|0009102||IEA
ATU_RS18665,bioD,,dethiobiotin synthase,dethiobiotin synthase activity|0004141||IEA,biotin biosynthetic process|0009102||IEA
ATU_RS18670,,,adenosylmethionine--8-amino-7-oxononanoate transaminase,adenosylmethionine-8-amino-7-oxononanoate transaminase activity|0004015||IEA,biotin biosynthetic process|0009102||IEA
ATU_RS18675,,,beta-ketoacyl-ACP synthase III,,
ATU_RS18680,,,DMT family transporter,transporter activity|0005215||IEA,transmembrane transport|0055085||IEA
ATU_RS18685,,,4-oxalocrotonate tautomerase family protein,,
ATU_RS18690,,,LysR family transcriptional regulator,DNA-binding transcription factor activity|0003700||IEA,regulation of DNA-templated transcription|0006355||IEA
ATU_RS18700,,,Lrp/AsnC family transcriptional regulator,DNA binding|0003677||IEA,
ATU_RS18705,rocF,,arginase,arginase activity|0004053||IEA,arginine catabolic process to ornithine|0019547||IEA
ATU_RS18710,,,ornithine cyclodeaminase,,
ATU_RS18715,,,IS3-like element ISAtu3 family transposase,transposase activity|0004803||IEA,DNA transposition|0006313||IEA
ATU_RS18720,,,ornithine cyclodeaminase,,
ATU_RS18725,,,DMT family transporter,transporter activity|0005215||IEA,transmembrane transport|0055085||IEA
ATU_RS18730,iolG,,inositol 2-dehydrogenase,inositol 2-dehydrogenase activity|0050112||IEA,inositol catabolic process|0019310||IEA
ATU_RS18740,,,adenylate/guanylate cyclase domain-containing protein,cyclase activity|0009975||IEA,
ATU_RS18745,,,helix-turn-helix domain-containing protein,,
ATU_RS18750,,,RHE_PE00001 family protein,,
ATU_RS18755,,,MFS transporter,,
ATU_RS18760,,,HAMP domain-containing sensor histidine kinase,phosphorelay response regulator activity|0000156||IEA,signal transduction|0007165||IEA
ATU_RS18765,,,response regulator transcription factor,DNA binding|0003677||IEA,phosphorelay signal transduction system|0000160||IEA
ATU_RS18770,,,phosphoethanolamine transferase,transferase activity,
ATU_RS18780,,,LysR family transcriptional regulator,,
ATU_RS18785,,,TonB-dependent siderophore receptor,siderophore-iron transmembrane transporter activity|0015343||IEA,siderophore transport|0015891||IEA
ATU_RS18790,,,iron-siderophore ABC transporter substrate-binding protein,,siderophore transport|0015891||IEA
ATU_RS18795,fhuB,,Fe(3+)-hydroxamate ABC transporter permease FhuB,transmembrane transporter activity|0022857||IEA,
ATU_RS18800,,,ATP-binding cassette domain-containing protein,ATP binding|0005524||IEA,
ATU_RS18805,,,DUF992 domain-containing protein,,
ATU_RS18810,,,cytochrome c family protein,,
ATU_RS18815,recX,,recombination regulator RecX,,
ATU_RS18820,,,SMP-30/gluconolactonase/LRE family protein,hydrolase activity|0016787||IEA,
ATU_RS18825,,,ABC transporter permease,transmembrane transporter activity|0022857||IEA,carbohydrate transport|0008643||IEA
ATU_RS18830,,,ABC transporter permease,transmembrane transporter activity|0022857||IEA,carbohydrate transport|0008643||IEA
ATU_RS18835,,,ATP-binding cassette domain-containing protein,ATP binding|0005524||IEA,
ATU_RS18840,,,ABC transporter substrate-binding protein,,
ATU_RS18845,,,sensor histidine kinase,phosphorelay sensor kinase activity|0000155||IEA,
ATU_RS18850,,,response regulator transcription factor,DNA binding|0003677||IEA,phosphorelay signal transduction system|0000160||IEA
ATU_RS18855,,,DNA topoisomerase IB,,
ATU_RS18860,,,PQQ-dependent sugar dehydrogenase,oxidoreductase activity,
ATU_RS18865,,,hypothetical protein,,
ATU_RS18870,,,class I SAM-dependent methyltransferase,rRNA (guanine-N2-)-methyltransferase activity|0008990||IEA,rRNA methylation|0031167||IEA
ATU_RS18875,,,pseudouridine synthase,RNA binding|0003723||IEA,pseudouridine synthesis|0001522||IEA
ATU_RS18880,,,YigZ family protein,,
ATU_RS18885,,,TIGR03862 family flavoprotein,,
ATU_RS18890,,,glycine betaine/L-proline ABC transporter ATP-binding protein,,
ATU_RS18895,,,proline/glycine betaine ABC transporter permease,,
ATU_RS18900,,,ABC transporter substrate-binding protein,,
ATU_RS18905,,,PAS domain-containing protein,,
ATU_RS18910,,,glyoxylate/hydroxypyruvate reductase A,,
ATU_RS18915,,,polysaccharide biosynthesis tyrosine autokinase,,extracellular polysaccharide biosynthetic process|0045226||IEA
ATU_RS18920,,,UTP--glucose-1-phosphate uridylyltransferase,UTP:glucose-1-phosphate uridylyltransferase activity|0003983||IEA,nucleotide-sugar metabolic process|0009225||IEA
ATU_RS18925,,,glycosyltransferase family 2 protein,glycosyltransferase activity|0016757||IEA,
ATU_RS18930,,,glycosyltransferase family 2 protein,glycosyltransferase activity|0016757||IEA,
ATU_RS18935,,,glycosyltransferase family 2 protein,glycosyltransferase activity|0016757||IEA,
ATU_RS18940,,,glycosyl transferase family 1,,
ATU_RS18945,,,glycoside hydrolase family 16 protein,,
ATU_RS18950,,,acyltransferase,acyltransferase activity,
ATU_RS18955,,,lipopolysaccharide biosynthesis protein,,
ATU_RS18960,,,glycosyltransferase family A protein,,
ATU_RS18965,,,polysaccharide pyruvyl transferase family protein,,
ATU_RS18970,,,glycosyltransferase family 2 protein,glycosyltransferase activity|0016757||IEA,
ATU_RS18975,,,exopolysaccharide production repressor protein,,
ATU_RS18980,,,DUF6074 family protein,,
ATU_RS18985,,,tetratricopeptide repeat protein,,
ATU_RS18990,rpsU,,30S ribosomal protein S21,structural constituent of ribosome|0003735||IEA,translation|0006412||IEA
ATU_RS18995,,,sarcosine oxidase subunit beta family protein,sarcosine oxidase activity|0008115||IEA,tetrahydrofolate metabolic process|0046653||IEA
ATU_RS19000,,,hypothetical protein,,
ATU_RS19005,,,sarcosine oxidase subunit delta,,
ATU_RS19010,,,sarcosine oxidase subunit alpha,,
ATU_RS19015,,,sarcosine oxidase subunit gamma,,
ATU_RS19020,,,DUF2332 domain-containing protein,,
ATU_RS19025,,,MaoC family dehydratase,,
ATU_RS19030,glgX,,glycogen debranching protein GlgX,glycogen debranching enzyme activity|0004133||IEA,glycogen catabolic process|0005980||IEA
ATU_RS19035,,,alpha-D-glucose phosphate-specific phosphoglucomutase,intramolecular phosphotransferase activity|0016868||IEA,carbohydrate metabolic process|0005975||IEA
ATU_RS19040,glgA,,glycogen synthase GlgA,glycogen (starch) synthase activity|0004373||IEA,
ATU_RS19045,glgC,,glucose-1-phosphate adenylyltransferase,glucose-1-phosphate adenylyltransferase activity|0008878||IEA,glycogen biosynthetic process|0005978||IEA
ATU_RS19050,glgB,,1,1,carbohydrate metabolic process|0005975||IEA
ATU_RS19055,,,glycogen/starch/alpha-glucan phosphorylase,,
ATU_RS19060,,,class II glutamine amidotransferase,,
ATU_RS19065,,,aspartate/glutamate racemase family protein,,
ATU_RS19070,,,Lrp/AsnC family transcriptional regulator,DNA binding|0003677||IEA,
ATU_RS19075,,,aldose 1-epimerase,,
ATU_RS19080,,,NAD(P)-dependent oxidoreductase,NADP binding|0050661||IEA,
ATU_RS19085,,,SDR family oxidoreductase,,
ATU_RS19090,,,L-idonate 5-dehydrogenase,,
ATU_RS19095,,,GbsR/MarR family transcriptional regulator,,
ATU_RS19100,cydD,,thiol reductant ABC exporter subunit CydD,ATP binding|0005524||IEA,cysteine export across plasma membrane|0033228||IEA
ATU_RS19105,,,amino acid ABC transporter ATP-binding/permease protein,,
ATU_RS19110,,,cytochrome ubiquinol oxidase subunit I,electron transfer activity|0009055||IEA,aerobic electron transport chain|0019646||IEA
ATU_RS19115,cydB,,cytochrome d ubiquinol oxidase subunit II,oxidoreductase activity,
ATU_RS19120,cydX,,cytochrome bd-I oxidase subunit CydX,oxidoreductase activity,
ATU_RS19125,,,hypothetical protein,,
ATU_RS19130,,,DUF3597 domain-containing protein,,
ATU_RS19135,,,GlsB/YeaQ/YmgE family stress response membrane protein,,
ATU_RS19140,nadC,,carboxylating nicotinate-nucleotide diphosphorylase,nicotinate-nucleotide diphosphorylase (carboxylating) activity|0004514||IEA,pyridine nucleotide biosynthetic process|0019363||IEA
ATU_RS19145,,,L-aspartate oxidase,L-aspartate oxidase activity|0008734||IEA,NAD biosynthetic process|0009435||IEA
ATU_RS19150,nadA,,quinolinate synthase NadA,quinolinate synthetase A activity|0008987||IEA,NAD biosynthetic process|0009435||IEA
ATU_RS19155,,,membrane protein,,
ATU_RS19160,,,PAS domain-containing protein,,
ATU_RS19165,,,thermonuclease family protein,,
ATU_RS19175,,,TIGR02300 family protein,,
ATU_RS19180,cmk,,(d)CMP kinase,cytidylate kinase activity|0004127||IEA,nucleobase-containing small molecule interconversion|0015949||IEA
ATU_RS19185,rpsA,,30S ribosomal protein S1,RNA binding|0003723||IEA,translation|0006412||IEA
ATU_RS19190,,,hypothetical protein,,
ATU_RS19195,,,hypothetical protein,,
ATU_RS19200,,,hypothetical protein,,
ATU_RS19205,,,ribonuclease D,,
ATU_RS19210,,,nucleoside 2-deoxyribosyltransferase,,
ATU_RS19215,,,SDR family oxidoreductase,,
ATU_RS19220,,,Xaa-Pro peptidase family protein,peptidase activity|0008233||IEA,proteolysis|0006508||IEA
ATU_RS19225,,,ABC transporter substrate-binding protein,ATPase-coupled transmembrane transporter activity|0042626||IEA,
ATU_RS19230,,,ABC transporter permease subunit,,transmembrane transport|0055085||IEA
ATU_RS19235,,,ABC transporter permease subunit,,transmembrane transport|0055085||IEA
ATU_RS19240,,,ABC transporter ATP-binding protein,ATP binding|0005524||IEA,
ATU_RS19245,,,ATP-binding cassette domain-containing protein,ATP binding|0005524||IEA,
ATU_RS19250,,,GntR family transcriptional regulator,DNA-binding transcription factor activity|0003700||IEA,
ATU_RS19255,,,mandelate racemase/muconate lactonizing enzyme family protein,,
ATU_RS19260,,,LLM class flavin-dependent oxidoreductase,oxidoreductase activity|0016491||IEA,
ATU_RS19265,,,LysR family transcriptional regulator,DNA-binding transcription factor activity|0003700||IEA,regulation of DNA-templated transcription|0006355||IEA
ATU_RS19270,,,ABC transporter substrate-binding protein,,
ATU_RS19275,,,ABC transporter ATP-binding protein,ATP binding|0005524||IEA,
ATU_RS19280,,,ABC transporter ATP-binding protein,ATP binding|0005524||IEA,
ATU_RS19285,,,branched-chain amino acid ABC transporter permease,branched-chain amino acid transmembrane transporter activity|0015658||IEA,
ATU_RS19290,,,branched-chain amino acid ABC transporter permease,ATPase-coupled transmembrane transporter activity|0042626||IEA,branched-chain amino acid transport|0015803||IEA
ATU_RS19295,,,GMC family oxidoreductase,oxidoreductase activity|0016491||IEA,
ATU_RS19300,mmsB,,3-hydroxyisobutyrate dehydrogenase,3-hydroxyisobutyrate dehydrogenase activity|0008442||IEA,valine catabolic process|0006574||IEA
ATU_RS19305,,,acetoacetate--CoA ligase,acetoacetate-CoA ligase activity|0030729||IEA,isopentenyl diphosphate biosynthetic process
ATU_RS19310,,,3-hydroxybutyrate dehydrogenase,,
ATU_RS19315,,,helix-turn-helix domain-containing protein,DNA-binding transcription factor activity|0003700||IEA,regulation of DNA-templated transcription|0006355||IEA
ATU_RS19320,,,hypothetical protein,,
ATU_RS19325,,,hypothetical protein,,
ATU_RS19330,,,glucose/quinate/shikimate family membrane-bound PQQ-dependent dehydrogenase,,
ATU_RS19335,,,ferritin-like domain-containing protein,metal ion binding|0046872||IEA,
ATU_RS19340,,,MgtC/SapB family protein,,
ATU_RS19345,,,FAD-binding oxidoreductase,oxidoreductase activity|0016491||IEA,
ATU_RS19350,,,TIGR02588 family protein,,
ATU_RS19355,,,TIGR02587 family membrane protein,,
ATU_RS19360,,,PPC domain-containing DNA-binding protein,,
ATU_RS19365,,,type 1 glutamine amidotransferase domain-containing protein,,
ATU_RS19370,,,hypothetical protein,,
ATU_RS19375,,,N-formylglutamate amidohydrolase,,
ATU_RS19380,,,flavohemoglobin expression-modulating QEGLA motif protein,,
ATU_RS19385,,,glutathione synthase,,
ATU_RS19390,,,NAD-dependent epimerase,,
ATU_RS19395,,,UDP-glucose/GDP-mannose dehydrogenase family protein,oxidoreductase activity,
ATU_RS19400,,,DMT family transporter,transporter activity|0005215||IEA,transmembrane transport|0055085||IEA
ATU_RS19405,,,LysR family transcriptional regulator,,
ATU_RS19410,,,aldehyde dehydrogenase family protein,,
ATU_RS19415,,,aliphatic sulfonate ABC transporter substrate-binding protein,binding|0005488||IEA,alkanesulfonate transport|0042918||IEA
ATU_RS19420,,,ABC transporter permease subunit,,transmembrane transport|0055085||IEA
ATU_RS19425,,,ABC transporter ATP-binding protein,ATP binding|0005524||IEA,
ATU_RS19430,putA,,trifunctional transcriptional regulator/proline dehydrogenase/L-glutamate gamma-semialdehyde dehydrogenase,DNA-binding transcription factor activity|0003700||IEA,regulation of DNA-templated transcription|0006355||IEA
ATU_RS19435,,,Lrp/AsnC family transcriptional regulator,,
ATU_RS19440,,,RNA polymerase sigma factor,,
ATU_RS19445,,,NepR family anti-sigma factor,sigma factor antagonist activity|0016989||IEA,
ATU_RS19450,,,response regulator,,
ATU_RS19455,,,sensor histidine kinase,phosphorelay sensor kinase activity|0000155||IEA,signal transduction|0007165||IEA
ATU_RS19460,,,sensor histidine kinase,,
ATU_RS19465,,,PRC-barrel domain-containing protein,bacteriochlorophyll binding|0042314||IEA,photosynthesis
ATU_RS19470,galE,,UDP-glucose 4-epimerase GalE,UDP-glucose 4-epimerase activity|0003978||IEA,galactose metabolic process|0006012||IEA
ATU_RS19475,,,hypothetical protein,,
ATU_RS19480,,,YqjD family protein,,
ATU_RS19485,nspC,,carboxynorspermidine decarboxylase,carboxy-lyase activity|0016831||IEA,spermidine metabolic process|0008216||IEA
ATU_RS19490,,,saccharopine dehydrogenase family protein,,
ATU_RS19495,,,DEAD/DEAH box helicase,helicase activity|0004386||IEA,
ATU_RS19500,,,aspartate kinase,aspartate kinase activity|0004072||IEA,lysine biosynthetic process via diaminopimelate|0009089||IEA
ATU_RS19505,ptsP,,phosphoenolpyruvate--protein phosphotransferase,phosphoenolpyruvate-protein phosphotransferase activity|0008965||IEA,regulation of nitrogen utilization|0006808||IEA
ATU_RS19510,prfA,,peptide chain release factor 1,translation release factor activity,translational termination|0006415||IEA
ATU_RS19515,prmC,,peptide chain release factor N(5)-glutamine methyltransferase,S-adenosylmethionine-dependent methyltransferase activity|0008757||IEA,translation|0006412||IEA
ATU_RS19520,,,DUF4167 domain-containing protein,,
ATU_RS19525,clpB,,ATP-dependent chaperone ClpB,ATP hydrolysis activity|0016887||IEA,protein folding|0006457||IEA
ATU_RS19530,,,M23 family metallopeptidase,metalloendopeptidase activity|0004222||IEA,
ATU_RS19570,,,hypothetical protein,,
ATU_RS19575,,,dihydrodipicolinate synthase family protein,,
ATU_RS19580,,,SMP-30/gluconolactonase/LRE family protein,hydrolase activity|0016787||IEA,
ATU_RS19585,,,FadR/GntR family transcriptional regulator,DNA binding|0003677||IEA,
ATU_RS19590,,,ABC transporter substrate-binding protein,ATPase-coupled transmembrane transporter activity|0042626||IEA,
ATU_RS19595,,,ABC transporter permease,,transmembrane transport|0055085||IEA
ATU_RS19600,,,ABC transporter permease,ATPase-coupled transmembrane transporter activity|0042626||IEA,
ATU_RS19605,,,ABC transporter ATP-binding protein,ATP binding|0005524||IEA,
ATU_RS19610,,,galactarate dehydratase,,
ATU_RS19615,,,aldose 1-epimerase,,
ATU_RS19620,,,LacI family transcriptional regulator,,
ATU_RS19625,,,TetR/AcrR family transcriptional regulator,DNA binding|0003677||IEA,regulation of DNA-templated transcription|0006355||IEA
ATU_RS19630,,,DoxX family protein,,
ATU_RS19635,,,flavodoxin family protein,electron transfer activity|0009055||IEA,
ATU_RS19640,,,trans-aconitate 2-methyltransferase,,
ATU_RS19645,,,YbhB/YbcL family Raf kinase inhibitor-like protein,,
ATU_RS19650,,,AraC family transcriptional regulator,sequence-specific DNA binding|0043565||IEA,
ATU_RS26700,,,N-acetyltransferase,,
ATU_RS19655,,,TetR/AcrR family transcriptional regulator C-terminal domain-containing protein,,negative regulation of DNA-templated transcription|0045892||IEA
ATU_RS19660,tet(30),,tetracycline efflux MFS transporter Tet(30),tetracycline transmembrane transporter activity|0008493||IEA,tetracycline transmembrane transport|0015904||IEA
ATU_RS19665,,,ROK family protein,DNA-binding transcription factor activity|0003700||IEA,regulation of DNA-templated transcription|0006355||IEA
ATU_RS19670,,,ABC transporter substrate-binding protein,,
ATU_RS19675,,,carbohydrate ABC transporter permease,ATPase-coupled transmembrane transporter activity|0042626||IEA,
ATU_RS19680,,,carbohydrate ABC transporter permease,,carbohydrate transport|0008643||IEA
ATU_RS19685,,,ABC transporter ATP-binding protein,ATP binding|0005524||IEA,
ATU_RS19690,ugpQ,,glycerophosphodiester phosphodiesterase,,
ATU_RS19695,,,cold-shock protein,transcription antitermination factor activity,
ATU_RS26705,,,IS3 family transposase,,
ATU_RS19700,,,cell division protein FtsZ,,
ATU_RS19705,fabF,,beta-ketoacyl-ACP synthase II,3-oxoacyl-[acyl-carrier-protein] synthase activity|0004315||IEA,fatty acid biosynthetic process|0006633||IEA
ATU_RS19710,,,TetR/AcrR family transcriptional regulator,DNA binding|0003677||IEA,regulation of DNA-templated transcription|0006355||IEA
ATU_RS19715,,,efflux RND transporter periplasmic adaptor subunit,transporter activity|0005215||IEA,transport|0006810||IEA
ATU_RS19720,,,efflux RND transporter permease subunit,transmembrane transporter activity|0022857||IEA,
ATU_RS19725,,,SDR family oxidoreductase,oxidoreductase activity|0016491||IEA,
ATU_RS19730,,,sarcosine oxidase subunit gamma family protein,,
ATU_RS19735,,,sarcosine oxidase subunit alpha,,
ATU_RS19740,,,sarcosine oxidase subunit delta,,
ATU_RS19745,,,sarcosine oxidase subunit beta family protein,sarcosine oxidase activity|0008115||IEA,tetrahydrofolate metabolic process|0046653||IEA
ATU_RS19750,,,GlxA family transcriptional regulator,DNA binding|0003677||IEA,
ATU_RS19755,,,helix-turn-helix domain-containing protein,,
ATU_RS19760,,,glutamine amidotransferase family protein,,
ATU_RS19765,,,GXGXG domain-containing protein,,
ATU_RS19770,,,FMN-binding glutamate synthase family protein,,
ATU_RS19775,glnT,,type III glutamate--ammonia ligase,glutamine synthetase activity|0004356||IEA,glutamine biosynthetic process|0006542||IEA
ATU_RS19780,purU,,formyltetrahydrofolate deformylase,formyltetrahydrofolate deformylase activity|0008864||IEA,purine ribonucleotide biosynthetic process|0009152||IEA
ATU_RS19785,,,GntR family transcriptional regulator,DNA-binding transcription factor activity|0003700||IEA,
ATU_RS19790,,,ABC transporter substrate-binding protein,,
ATU_RS19795,,,amino acid ABC transporter permease,ATPase-coupled transmembrane transporter activity|0042626||IEA,amino acid transport|0006865||IEA
ATU_RS19800,,,amino acid ABC transporter ATP-binding protein,ATP binding|0005524||IEA,
ATU_RS19805,,,iron-containing alcohol dehydrogenase,adenyl nucleotide binding|0030554||IEA,
ATU_RS19810,,,amino acid synthesis family protein,,
ATU_RS19815,,,alpha/beta fold hydrolase,hydrolase activity|0016787||IEA,
ATU_RS19820,,,flavin reductase family protein,FMN binding|0010181||IEA,
ATU_RS19825,,,LLM class flavin-dependent oxidoreductase,oxidoreductase activity|0016491||IEA,
ATU_RS19830,,,aldehyde dehydrogenase,,
ATU_RS19835,,,NIPSNAP family protein,,
ATU_RS19840,,,ABC transporter substrate-binding protein,ATPase-coupled transmembrane transporter activity|0042626||IEA,
ATU_RS19845,,,ABC transporter permease,ATP binding|0005524||IEA,transmembrane transport|0055085||IEA
ATU_RS19850,,,ABC transporter permease,ATP binding|0005524||IEA,transmembrane transport|0055085||IEA
ATU_RS19855,,,ABC transporter ATP-binding protein,ATP binding|0005524||IEA,
ATU_RS19860,,,NAD-dependent succinate-semialdehyde dehydrogenase,,
ATU_RS19865,,,hypothetical protein,,
ATU_RS19870,ugpC,,ABC transporter ATP-binding protein,ATP binding|0005524||IEA,
ATU_RS19875,,,carbohydrate ABC transporter permease,,carbohydrate transport|0008643||IEA
ATU_RS19880,,,carbohydrate ABC transporter permease,ATPase-coupled transmembrane transporter activity|0042626||IEA,
ATU_RS19885,,,sugar ABC transporter substrate-binding protein,ATPase-coupled transmembrane transporter activity|0042626||IEA,
ATU_RS19890,,,FAD-dependent oxidoreductase,,
ATU_RS19895,,,LacI family DNA-binding transcriptional regulator,transcription cis-regulatory region binding|0000976||IEA,DNA-templated transcription|0006351||IEA
ATU_RS19900,,,GNAT family N-acetyltransferase,N-acetyltransferase activity|0008080||IEA,
ATU_RS19905,,,ABC transporter ATP-binding protein,,
ATU_RS19910,,,ABC transporter permease,,transmembrane transport|0055085||IEA
ATU_RS19915,oppB,,oligopeptide ABC transporter permease OppB,,transmembrane transport|0055085||IEA
ATU_RS19920,,,peptide ABC transporter substrate-binding protein,ATPase-coupled transmembrane transporter activity|0042626||IEA,
ATU_RS19925,,,ABC transporter permease,ATP binding|0005524||IEA,
ATU_RS19930,,,ABC transporter ATP-binding protein,ATP binding|0005524||IEA,
ATU_RS19935,,,ABC transporter substrate-binding protein,,
ATU_RS19940,,,4-oxalomesaconate tautomerase,,
ATU_RS19945,,,LysR family transcriptional regulator,DNA binding|0003677||IEA,regulation of DNA-templated transcription|0006355||IEA
ATU_RS19950,,,nucleotidyltransferase domain-containing protein,,
ATU_RS19955,,,PLP-dependent aminotransferase family protein,pyridoxal phosphate binding|0030170||IEA,
ATU_RS19960,,,VOC family protein,,
ATU_RS19965,,,LysE family translocator,,
ATU_RS19970,,,PhzF family phenazine biosynthesis protein,isomerase activity|0016853||IEA,biosynthetic process|0009058||IEA
ATU_RS19975,,,NUDIX domain-containing protein,hydrolase activity|0016787||IEA,
ATU_RS19980,,,LysR family transcriptional regulator,,
ATU_RS19985,,,antibiotic biosynthesis monooxygenase,,
ATU_RS19990,,,acetyl-CoA carboxylase biotin carboxyl carrier protein subunit,,
ATU_RS19995,accC,,acetyl-CoA carboxylase biotin carboxylase subunit,acetyl-CoA carboxylase activity|0003989||IEA,fatty acid biosynthetic process|0006633||IEA
ATU_RS20000,,,hypothetical protein,,
ATU_RS20005,pxpB,,5-oxoprolinase subunit PxpB,5-oxoprolinase (ATP-hydrolyzing) activity|0017168||IEA,carbohydrate metabolic process|0005975||IEA
ATU_RS20010,,,biotin-dependent carboxyltransferase family protein,,
ATU_RS20015,,,5-oxoprolinase subunit PxpA,ATP binding|0005524||IEA,carbohydrate metabolic process|0005975||IEA
ATU_RS20020,,,pyridoxal phosphate-dependent aminotransferase,transaminase activity|0008483||IEA,biosynthetic process|0009058||IEA
ATU_RS20025,nac,,nitrogen assimilation transcriptional regulator NAC,DNA-binding transcription factor activity|0003700||IEA,regulation of DNA-templated transcription|0006355||IEA
ATU_RS20030,,,SDR family oxidoreductase,oxidoreductase activity|0016491||IEA,
ATU_RS20035,,,amino acid ABC transporter permease,ATPase-coupled transmembrane transporter activity|0042626||IEA,amino acid transport|0006865||IEA
ATU_RS20040,,,amino acid ABC transporter permease,ATPase-coupled transmembrane transporter activity|0042626||IEA,amino acid transport|0006865||IEA
ATU_RS20045,,,amino acid ABC transporter ATP-binding protein,ATP binding|0005524||IEA,
ATU_RS20050,,,ABC transporter substrate-binding protein,,
ATU_RS20055,,,4-carboxy-4-hydroxy-2-oxoadipate aldolase/oxaloacetate decarboxylase,4-hydroxy-4-methyl-2-oxoglutarate aldolase activity|0047443||IEA,
ATU_RS20060,,,type 1 glutamine amidotransferase domain-containing protein,glyoxalase III activity|0019172||IEA,
ATU_RS20065,,,type 1 glutamine amidotransferase domain-containing protein,glyoxalase III activity|0019172||IEA,
ATU_RS20070,,,LysR family transcriptional regulator,DNA-binding transcription activator activity|0001216||IEA,
ATU_RS20075,,,zinc-dependent alcohol dehydrogenase family protein,,
ATU_RS20080,,,LysR substrate-binding domain-containing protein,,
ATU_RS20085,,,MFS transporter,transmembrane transporter activity|0022857||IEA,transmembrane transport|0055085||IEA
ATU_RS20090,,,LLM class oxidoreductase,,
ATU_RS20095,,,aldo/keto reductase,,
ATU_RS20100,aroE,,shikimate dehydrogenase,shikimate 3-dehydrogenase (NADP+) activity|0004764||IEA,chorismate biosynthetic process|0009423||IEA
ATU_RS20105,,,GMC family oxidoreductase,oxidoreductase activity|0016491||IEA,
ATU_RS20110,,,AraC family transcriptional regulator,,
ATU_RS20115,,,mechanosensitive ion channel family protein,mechanosensitive monoatomic ion channel activity|0008381||IEA,
ATU_RS20120,,,Rrf2 family transcriptional regulator,DNA binding|0003677||IEA,
ATU_RS20125,,,response regulator transcription factor,,
ATU_RS20130,,,SDR family oxidoreductase,,
ATU_RS20135,,,cupin domain-containing protein,,
ATU_RS20140,,,CBS domain-containing protein,,
ATU_RS20145,,,mechanosensitive ion channel family protein,,
ATU_RS20150,,,PAS domain-containing protein,protein binding|0005515||IEA,
ATU_RS20155,,,response regulator,,phosphorelay signal transduction system|0000160||IEA
ATU_RS20160,,,MBL fold metallo-hydrolase,,
ATU_RS20165,,,DUF2189 domain-containing protein,,
ATU_RS26710,,,cytochrome C oxidase subunit IV,,
ATU_RS20175,,,GlxA family transcriptional regulator,DNA binding|0003677||IEA,
ATU_RS20180,,,sarcosine oxidase subunit beta family protein,sarcosine oxidase activity|0008115||IEA,tetrahydrofolate metabolic process|0046653||IEA
ATU_RS20185,,,sarcosine oxidase subunit delta,,
ATU_RS20190,,,sarcosine oxidase subunit alpha,,
ATU_RS20195,soxG,,sarcosine oxidase subunit gamma family protein,protein binding|0005515||IEA,sarcosine catabolic process|1901053||IEA
ATU_RS20200,glyA,,serine hydroxymethyltransferase,glycine hydroxymethyltransferase activity|0004372||IEA,glycine biosynthetic process from serine|0019264||IEA
ATU_RS20205,purU,,formyltetrahydrofolate deformylase,formyltetrahydrofolate deformylase activity|0008864||IEA,purine ribonucleotide biosynthetic process|0009152||IEA
ATU_RS20210,,,MFS transporter,transmembrane transporter activity|0022857||IEA,transmembrane transport|0055085||IEA
ATU_RS20215,,,TetR/AcrR family transcriptional regulator,DNA binding|0003677||IEA,regulation of DNA-templated transcription|0006355||IEA
ATU_RS20220,,,NAD(P)-dependent alcohol dehydrogenase,,
ATU_RS20225,,,helix-turn-helix domain-containing protein,DNA-binding transcription factor activity|0003700||IEA,regulation of DNA-templated transcription|0006355||IEA
ATU_RS20230,,,ABC transporter substrate-binding protein,,
ATU_RS20235,,,sugar ABC transporter ATP-binding protein,ATP binding|0005524||IEA,
ATU_RS20240,,,ABC transporter permease,,
ATU_RS20245,,,SDR family oxidoreductase,oxidoreductase activity|0016491||IEA,
ATU_RS20250,,,FGGY-family carbohydrate kinase,ATP binding|0005524||IEA,phosphorylation|0016310||IEA
ATU_RS20255,,,SDR family oxidoreductase,,
ATU_RS20260,proP,,glycine betaine/L-proline transporter ProP,transmembrane transporter activity|0022857||IEA,transmembrane transport|0055085||IEA
ATU_RS20265,,,PRC-barrel domain-containing protein,bacteriochlorophyll binding|0042314||IEA,photosynthesis
ATU_RS20270,,,polysaccharide biosynthesis/export family protein,polysaccharide transmembrane transporter activity|0015159||IEA,
ATU_RS20275,,,protein kinase,protein kinase activity|0004672||IEA,protein phosphorylation|0006468||IEA
ATU_RS20280,tagF,,type VI secretion system-associated protein TagF,,
ATU_RS20285,tssM,,type VI secretion system membrane subunit TssM,molecular_function|0003674||IEA,protein secretion by the type VI secretion system|0033103||IEA
ATU_RS20290,tssL,,type VI secretion system protein TssL,molecular_function|0003674||IEA,protein secretion by the type VI secretion system|0033103||IEA
ATU_RS20295,tssK,,type VI secretion system baseplate subunit TssK,molecular_function|0003674||IEA,protein secretion by the type VI secretion system|0033103||IEA
ATU_RS20300,,,type VI secretion system-associated FHA domain protein,,
ATU_RS20305,tssG,,type VI secretion system baseplate subunit TssG,,protein secretion by the type VI secretion system|0033103||IEA
ATU_RS20310,tssF,,type VI secretion system baseplate subunit TssF,molecular_function|0003674||IEA,protein secretion by the type VI secretion system|0033103||IEA
ATU_RS20315,tssE,,type VI secretion system baseplate subunit TssE,molecular_function|0003674||IEA,protein secretion by the type VI secretion system|0033103||IEA
ATU_RS20320,,,type VI secretion system accessory protein TagJ,,
ATU_RS20325,tssC,,type VI secretion system contractile sheath large subunit,molecular_function|0003674||IEA,protein secretion by the type VI secretion system|0033103||IEA
ATU_RS20330,tssC,,type VI secretion system contractile sheath large subunit,molecular_function|0003674||IEA,protein secretion by the type VI secretion system|0033103||IEA
ATU_RS20335,tssB,,type VI secretion system contractile sheath small subunit,molecular_function|0003674||IEA,protein secretion by the type VI secretion system|0033103||IEA
ATU_RS20340,tssA,,type VI secretion system protein TssA,,
ATU_RS20345,tssH,,type VI secretion system ATPase TssH,ATP hydrolysis activity|0016887||IEA,protein secretion by the type VI secretion system|0033103||IEA
ATU_RS20350,,,Hcp family type VI secretion system effector,,
ATU_RS20355,,,Rap1a/Tai family immunity protein,,
ATU_RS20360,,,type VI secretion system amidase effector protein Tae4,,
ATU_RS20365,,,type VI secretion system tip protein VgrG,,protein secretion by the type VI secretion system|0033103||IEA
ATU_RS20370,,,DUF4123 domain-containing protein,,
ATU_RS20375,,,polymorphic toxin type 15 domain-containing protein,,
ATU_RS20380,,,GAD-like domain-containing protein,,
ATU_RS20385,,,PAAR domain-containing protein,,
ATU_RS20390,,,bifunctional diguanylate cyclase/phosphodiesterase,,
ATU_RS20395,,,metallophosphoesterase,,
ATU_RS20400,,,TerC family protein,,
ATU_RS20405,,,DUF1402 family protein,,
ATU_RS20410,,,transglutaminase-like cysteine peptidase,,
ATU_RS20415,,,ABC transporter ATP-binding protein,ATP binding|0005524||IEA,
ATU_RS20420,,,carbohydrate ABC transporter permease,,carbohydrate transport|0008643||IEA
ATU_RS20425,,,carbohydrate ABC transporter permease,ATPase-coupled transmembrane transporter activity|0042626||IEA,
ATU_RS20430,,,sugar ABC transporter substrate-binding protein,ATPase-coupled transmembrane transporter activity|0042626||IEA,
ATU_RS20435,,,sugar phosphate isomerase/epimerase,isomerase activity|0016853||IEA,
ATU_RS20440,,,Gfo/Idh/MocA family protein,oxidoreductase activity|0016491||IEA,
ATU_RS20445,,,LacI family DNA-binding transcriptional regulator,,
ATU_RS20450,,,hypothetical protein,,
ATU_RS20455,,,SDR family oxidoreductase,oxidoreductase activity|0016491||IEA,
ATU_RS20460,,,LysR family transcriptional regulator,DNA binding|0003677||IEA,
ATU_RS20465,,,cupin domain-containing protein,,
ATU_RS20470,,,substrate-binding domain-containing protein,,
ATU_RS20475,,,sugar ABC transporter ATP-binding protein,ATP binding|0005524||IEA,
ATU_RS20480,,,ABC transporter permease,transmembrane transporter activity|0022857||IEA,carbohydrate transport|0008643||IEA
ATU_RS20485,,,ABC transporter permease,ATPase-coupled transmembrane transporter activity|0042626||IEA,
ATU_RS20490,,,LacI family DNA-binding transcriptional regulator,,
ATU_RS20495,,,sugar phosphate isomerase/epimerase,isomerase activity|0016853||IEA,
ATU_RS20500,,,Gfo/Idh/MocA family protein,oxidoreductase activity|0016491||IEA,
ATU_RS20505,,,sugar phosphate isomerase/epimerase,isomerase activity|0016853||IEA,
ATU_RS20510,,,GMC oxidoreductase,oxidoreductase activity|0016491||IEA,
ATU_RS20515,,,gluconate 2-dehydrogenase subunit 3 family protein,,
ATU_RS20520,,,cytochrome c family protein,,
ATU_RS20525,,,Crp/Fnr family transcriptional regulator,DNA-binding transcription factor activity|0003700||IEA,regulation of DNA-templated transcription|0006355||IEA
ATU_RS20530,,,SUMF1/EgtB/PvdO family nonheme iron enzyme,,
ATU_RS20535,nirK,,copper-containing nitrite reductase,nitrite reductase (NO-forming) activity|0050421||IEA,nitrogen compound metabolic process|0006807||IEA
ATU_RS20540,,,NnrS family protein,,
ATU_RS20545,,,DUF2249 domain-containing protein,,
ATU_RS20550,,,DUF2249 domain-containing protein,,
ATU_RS20555,,,nitric oxide reductase activation protein NorD,,
ATU_RS20560,,,MoxR family ATPase,ATP binding|0005524||IEA,
ATU_RS20565,,,nitric-oxide reductase large subunit,,
ATU_RS20570,,,cytochrome c,electron transfer activity|0009055||IEA,
ATU_RS20575,,,hypothetical protein,,
ATU_RS20580,,,cytochrome c oxidase subunit 3 family protein,,
ATU_RS26590,,,hypothetical protein,,
ATU_RS20585,,,NnrU family protein,,
ATU_RS20590,,,UbiX family flavin prenyltransferase,,
ATU_RS20595,,,UbiD family decarboxylase,carboxy-lyase activity|0016831||IEA,
ATU_RS20600,,,DUF488 domain-containing protein,,
ATU_RS20605,,,SCP2 domain-containing protein,,
ATU_RS20610,,,peptidase U32 family protein,,
ATU_RS20615,,,U32 family peptidase,,ubiquinone biosynthetic process|0006744||IEA
ATU_RS20620,,,hypothetical protein,,
ATU_RS20625,,,TonB-dependent receptor,channel activity|0015267||IEA,siderophore transport|0015891||IEA
ATU_RS20630,,,ABC transporter substrate-binding protein,ABC-type transporter activity|0140359||IEA,
ATU_RS20635,,,ABC transporter permease,ATP binding|0005524||IEA,
ATU_RS20640,,,ATP-binding cassette domain-containing protein,ATP binding|0005524||IEA,
ATU_RS20645,,,NnrS family protein,,
ATU_RS20650,napE,,periplasmic nitrate reductase,nitrate reductase activity|0008940||IEA,nitrate metabolic process|0042126||IEA
ATU_RS20655,napF,,ferredoxin-type protein NapF,4 iron,
ATU_RS20660,,,chaperone NapD,,
ATU_RS20665,napA,,periplasmic nitrate reductase subunit alpha,nitrate reductase activity|0008940||IEA,nitrate metabolic process|0042126||IEA
ATU_RS20670,,,nitrate reductase cytochrome c-type subunit,,
ATU_RS20675,,,cytochrome c3 family protein,,
ATU_RS20680,,,LysR substrate-binding domain-containing protein,,
ATU_RS26930,,,Ig-like domain-containing protein,,
ATU_RS20690,,,type I secretion system permease/ATPase,,
ATU_RS20695,,,HlyD family type I secretion periplasmic adaptor subunit,,protein secretion by the type I secretion system|0030253||IEA
ATU_RS20700,,,PhoX family phosphatase,,
ATU_RS20705,,,4'-phosphopantetheinyl transferase,,
ATU_RS20710,,,acyl-CoA dehydrogenase,,
ATU_RS20715,,,LysR family transcriptional regulator,,
ATU_RS20720,,,LacI family DNA-binding transcriptional regulator,transcription cis-regulatory region binding|0000976||IEA,DNA-templated transcription|0006351||IEA
ATU_RS20725,,,ABC transporter substrate-binding protein,ATPase-coupled transmembrane transporter activity|0042626||IEA,
ATU_RS20730,,,ABC transporter permease,ATP binding|0005524||IEA,transmembrane transport|0055085||IEA
ATU_RS20735,,,ABC transporter permease,ATP binding|0005524||IEA,transmembrane transport|0055085||IEA
ATU_RS20740,,,ABC transporter ATP-binding protein,ATP binding|0005524||IEA,
ATU_RS20745,,,nucleoside hydrolase,,
ATU_RS20750,,,adenine deaminase,,
ATU_RS20755,,,DNA helicase,DNA helicase activity|0003678||IEA,DNA replication|0006260||IEA
ATU_RS20760,,,M20 aminoacylase family protein,hydrolase activity|0016787||IEA,
ATU_RS20765,,,phosphoribosyltransferase,,nucleoside metabolic process|0009116||IEA
ATU_RS20770,,,dipeptidase,,
ATU_RS20775,,,ABC transporter substrate-binding protein,ATPase-coupled transmembrane transporter activity|0042626||IEA,
ATU_RS20780,,,ABC transporter permease,,transmembrane transport|0055085||IEA
ATU_RS20785,,,ABC transporter permease,ATPase-coupled transmembrane transporter activity|0042626||IEA,
ATU_RS20790,,,ABC transporter ATP-binding protein,ATP binding|0005524||IEA,
ATU_RS20795,,,ABC transporter ATP-binding protein,ATP binding|0005524||IEA,
ATU_RS20800,,,IS5-like element ISAtu2 family transposase,transposase activity|0004803||IEA,DNA transposition|0006313||IEA
ATU_RS20805,,,LysR substrate-binding domain-containing protein,,
ATU_RS20810,,,ABC transporter substrate-binding protein,,
ATU_RS20815,,,ABC transporter permease,,transmembrane transport|0055085||IEA
ATU_RS20820,,,ABC transporter permease,ATPase-coupled transmembrane transporter activity|0042626||IEA,
ATU_RS20825,,,amidase,catalytic activity|0003824||IEA,
ATU_RS20830,,,DJ-1/PfpI family protein,,
ATU_RS20835,,,ribbon-helix-helix domain-containing protein,,
ATU_RS20840,,,M20 aminoacylase family protein,hydrolase activity|0016787||IEA,
ATU_RS20845,,,ABC transporter ATP-binding protein,ATP binding|0005524||IEA,
ATU_RS20850,,,sugar-binding transcriptional regulator,DNA binding|0003677||IEA,
ATU_RS20855,,,sugar ABC transporter substrate-binding protein,ATPase-coupled transmembrane transporter activity|0042626||IEA,
ATU_RS20860,,,carbohydrate ABC transporter permease,ATPase-coupled transmembrane transporter activity|0042626||IEA,
ATU_RS20865,,,carbohydrate ABC transporter permease,,carbohydrate transport|0008643||IEA
ATU_RS20870,,,ABC transporter ATP-binding protein,ATP binding|0005524||IEA,
ATU_RS20875,,,mannitol dehydrogenase family protein,oxidoreductase activity,
ATU_RS20880,,,HAD family hydrolase,hydrolase activity|0016787||IEA,
ATU_RS20885,,,FGGY-family carbohydrate kinase,ATP binding|0005524||IEA,phosphorylation|0016310||IEA
ATU_RS20890,,,MurR/RpiR family transcriptional regulator,DNA-binding transcription factor activity|0003700||IEA,regulation of DNA-templated transcription|0006355||IEA
ATU_RS20895,,,sulfate transporter family protein,,
ATU_RS20900,nth,,endonuclease III,class I DNA-(apurinic or apyrimidinic site) endonuclease activity|0140078||IEA,DNA repair|0006281||IEA
ATU_RS20905,,,DUF2244 domain-containing protein,,
ATU_RS20910,,,bifunctional helix-turn-helix domain-containing protein/methylated-DNA--[protein]-cysteine S-methyltransferase,,
ATU_RS20915,,,CopG family ribbon-helix-helix protein,,
ATU_RS20920,,,type II toxin-antitoxin system RelE/ParE family toxin,DNA topoisomerase type II (double strand cut,plasmid partitioning|0030541||IEA
ATU_RS20925,,,sugar-binding transcriptional regulator,DNA binding|0003677||IEA,
ATU_RS20930,tal,,transaldolase,transaldolase activity|0004801||IEA,pentose-phosphate shunt|0006098||IEA
ATU_RS20935,,,IclR family transcriptional regulator,DNA binding|0003677||IEA,regulation of DNA-templated transcription|0006355||IEA
ATU_RS20940,,,SDR family oxidoreductase,,
ATU_RS20945,,,DUF1328 domain-containing protein,,
ATU_RS20950,,,metal ABC transporter permease,,metal ion transport|0030001||IEA
ATU_RS20955,,,metal ABC transporter permease,,metal ion transport|0030001||IEA
ATU_RS20960,,,manganese/iron ABC transporter ATP-binding protein,ATP binding|0005524||IEA,
ATU_RS20965,,,metal ABC transporter substrate-binding protein,metal ion binding|0046872||IEA,metal ion transport|0030001||IEA
ATU_RS20970,,,hypothetical protein,,
ATU_RS20975,lysS,,lysine--tRNA ligase,lysine-tRNA ligase activity|0004824||IEA,lysyl-tRNA aminoacylation|0006430||IEA
ATU_RS20980,gltX,,glutamate--tRNA ligase,glutamate-tRNA ligase activity|0004818||IEA,glutamyl-tRNA aminoacylation|0006424||IEA
ATU_RS20985,,,SLC13 family permease,,
ATU_RS20990,,,TerC family protein,,
ATU_RS20995,,,TetR/AcrR family transcriptional regulator,,
ATU_RS21000,,,HlyD family secretion protein,transmembrane transporter activity|0022857||IEA,transmembrane transport|0055085||IEA
ATU_RS21005,,,DHA2 family efflux MFS transporter permease subunit,,xenobiotic transmembrane transport|0006855||IEA
ATU_RS21010,,,pyridoxamine 5'-phosphate oxidase family protein,,
ATU_RS21015,,,LacI family DNA-binding transcriptional regulator,,
ATU_RS21020,xylB,,xylulokinase,xylulokinase activity|0004856||IEA,xylulose metabolic process|0005997||IEA
ATU_RS21025,xylA,,xylose isomerase,magnesium ion binding|0000287||IEA,pentose-phosphate shunt|0006098||IEA
ATU_RS21030,,,GH1 family beta-glucosidase,beta-glucosidase activity|0008422||IEA,cellulose catabolic process|0030245||IEA
ATU_RS21035,,,NAD(P)H-dependent oxidoreductase,,
ATU_RS21040,,,methionine ABC transporter ATP-binding protein,ATP binding|0005524||IEA,D-methionine transport|0048473||IEA
ATU_RS21045,,,methionine ABC transporter permease,ABC-type D-methionine transporter activity|0033232||IEA,D-methionine transport|0048473||IEA
ATU_RS21050,,,MetQ/NlpA family ABC transporter substrate-binding protein,ATPase-coupled transmembrane transporter activity|0042626||IEA,
ATU_RS21055,,,EAL domain-containing protein,,
ATU_RS21060,,,rhodanese-related sulfurtransferase,,
ATU_RS21065,,,CHAD domain-containing protein,,
ATU_RS21070,,,CYTH domain-containing protein,,
ATU_RS21075,,,2-dehydro-3-deoxy-phosphogluconate aldolase,,
ATU_RS21080,,,tellurite resistance TerB family protein,,
ATU_RS21085,,,GNAT family N-acetyltransferase,,
ATU_RS21090,,,hypothetical protein,,
ATU_RS21095,,,nickel/cobalt transporter,,
ATU_RS21100,,,DUF1007 family protein,,
ATU_RS21105,,,MFS transporter,transmembrane transporter activity|0022857||IEA,transmembrane transport|0055085||IEA
ATU_RS21110,,,WD40 repeat domain-containing protein,protein binding|0005515||IEA,
ATU_RS21115,,,GTP-binding protein,GTPase activity|0003924||IEA,
ATU_RS21120,,,creatininase family protein,,
ATU_RS21125,,,MarR family winged helix-turn-helix transcriptional regulator,DNA binding|0003677||IEA,
ATU_RS21130,,,LacI family DNA-binding transcriptional regulator,transcription cis-regulatory region binding|0000976||IEA,DNA-templated transcription|0006351||IEA
ATU_RS21135,,,2-hydroxyacid dehydrogenase,,
ATU_RS21140,,,Gfo/Idh/MocA family protein,oxidoreductase activity|0016491||IEA,
ATU_RS21145,iolB,,5-deoxy-glucuronate isomerase,intramolecular oxidoreductase activity,inositol catabolic process|0019310||IEA
ATU_RS21150,iolE,,myo-inosose-2 dehydratase,myo-inosose-2 dehydratase activity|0050114||IEA,inositol catabolic process|0019310||IEA
ATU_RS21155,iolD,,3D-(3,magnesium ion binding|0000287||IEA,inositol catabolic process|0019310||IEA
ATU_RS21160,iolC,,5-dehydro-2-deoxygluconokinase,5-dehydro-2-deoxygluconokinase activity|0047590||IEA,inositol catabolic process|0019310||IEA
ATU_RS21165,,,MurR/RpiR family transcriptional regulator,DNA-binding transcription factor activity|0003700||IEA,regulation of DNA-templated transcription|0006355||IEA
ATU_RS21170,,,ABC transporter ATP-binding protein,ATP binding|0005524||IEA,
ATU_RS21175,,,ABC transporter ATP-binding protein,ATP binding|0005524||IEA,
ATU_RS21180,,,branched-chain amino acid ABC transporter permease,,
ATU_RS21185,,,branched-chain amino acid ABC transporter permease,branched-chain amino acid transmembrane transporter activity|0015658||IEA,
ATU_RS21190,,,ABC transporter substrate-binding protein,,
ATU_RS21195,,,hypothetical protein,,
ATU_RS21200,,,AraC family transcriptional regulator,,
ATU_RS21205,,,M14 family metallopeptidase,,
ATU_RS21210,,,ABC transporter permease,ATPase-coupled transmembrane transporter activity|0042626||IEA,
ATU_RS21215,,,ABC transporter permease,,transmembrane transport|0055085||IEA
ATU_RS21220,,,ABC transporter substrate-binding protein,ATPase-coupled transmembrane transporter activity|0042626||IEA,
ATU_RS21225,,,ABC transporter ATP-binding protein,ATP binding|0005524||IEA,
ATU_RS21230,,,putative quinol monooxygenase,monooxygenase activity|0004497||IEA,
ATU_RS21235,,,bifunctional sugar phosphate isomerase/epimerase/4-hydroxyphenylpyruvate dioxygenase family protein,,
ATU_RS21240,,,TetR family transcriptional regulator,DNA binding|0003677||IEA,
ATU_RS21245,aroQ,,type II 3-dehydroquinate dehydratase,3-dehydroquinate dehydratase activity|0003855||IEA,chorismate biosynthetic process|0009423||IEA
ATU_RS21250,,,shikimate dehydrogenase,,
ATU_RS21255,,,amino acid ABC transporter ATP-binding protein,ATP binding|0005524||IEA,
ATU_RS21260,,,transporter substrate-binding domain-containing protein,,
ATU_RS21265,,,transporter substrate-binding domain-containing protein,,
ATU_RS21270,,,amino acid ABC transporter permease,ATPase-coupled transmembrane transporter activity|0042626||IEA,amino acid transport|0006865||IEA
ATU_RS21275,,,amino acid ABC transporter permease,ATPase-coupled transmembrane transporter activity|0042626||IEA,amino acid transport|0006865||IEA
ATU_RS21280,,,3-carboxy-cis,3-carboxy-cis,
ATU_RS21285,pcaG,,protocatechuate 3,protocatechuate 3,3
ATU_RS21290,pcaH,,protocatechuate 3,protocatechuate 3,3
ATU_RS21295,pcaC,,4-carboxymuconolactone decarboxylase,4-carboxymuconolactone decarboxylase activity|0047575||IEA,
ATU_RS21300,pcaD,,3-oxoadipate enol-lactonase,3-oxoadipate enol-lactonase activity|0047570||IEA,beta-ketoadipate pathway|0042952||IEA
ATU_RS21305,pcaQ,,pca operon transcription factor PcaQ,DNA-binding transcription activator activity,3
ATU_RS21310,pobA,,4-hydroxybenzoate 3-monooxygenase,4-hydroxybenzoate 3-monooxygenase activity|0018659||IEA,benzoate metabolic process|0018874||IEA
ATU_RS21315,,,helix-turn-helix domain-containing protein,DNA-binding transcription factor activity|0003700||IEA,regulation of DNA-templated transcription|0006355||IEA
ATU_RS21320,,,IclR family transcriptional regulator,DNA binding|0003677||IEA,regulation of DNA-templated transcription|0006355||IEA
ATU_RS21325,,,3-oxoacid CoA-transferase subunit A,CoA-transferase activity|0008410||IEA,
ATU_RS21330,,,CoA transferase subunit B,,
ATU_RS21335,pcaF,,3-oxoadipyl-CoA thiolase,acyltransferase activity,3
ATU_RS21340,,,LacI family DNA-binding transcriptional regulator,,
ATU_RS21345,,,sugar ABC transporter substrate-binding protein,,
ATU_RS21350,,,sugar ABC transporter substrate-binding protein,,
ATU_RS21355,,,sugar phosphate isomerase/epimerase family protein,isomerase activity|0016853||IEA,
ATU_RS21360,,,Gfo/Idh/MocA family protein,oxidoreductase activity|0016491||IEA,
ATU_RS21365,,,TIM barrel protein,,
ATU_RS21370,,,LacI family DNA-binding transcriptional regulator,transcription cis-regulatory region binding|0000976||IEA,DNA-templated transcription|0006351||IEA
ATU_RS21375,,,carbohydrate ABC transporter permease,,carbohydrate transport|0008643||IEA
ATU_RS21380,,,carbohydrate ABC transporter permease,ATPase-coupled transmembrane transporter activity|0042626||IEA,
ATU_RS21385,ugpC,,ABC transporter ATP-binding protein,ATP binding|0005524||IEA,
ATU_RS21390,,,glycoside hydrolase family 28 protein,,
ATU_RS21395,,,glycoside hydrolase family 88 protein,,
ATU_RS21400,,,hypothetical protein,,
ATU_RS21405,,,ABC transporter substrate-binding protein,ATPase-coupled transmembrane transporter activity|0042626||IEA,
ATU_RS26935,,,phosphatase PAP2 family protein,,
ATU_RS21415,,,ROK family transcriptional regulator,DNA-binding transcription factor activity|0003700||IEA,regulation of DNA-templated transcription|0006355||IEA
ATU_RS21420,,,extracellular solute-binding protein,,
ATU_RS21425,,,ABC transporter ATP-binding protein,ATP binding|0005524||IEA,
ATU_RS21430,,,ABC transporter permease,ATP binding|0005524||IEA,transmembrane transport|0055085||IEA
ATU_RS21435,,,ABC transporter permease,ATP binding|0005524||IEA,transmembrane transport|0055085||IEA
ATU_RS21440,,,glycerophosphodiester phosphodiesterase family protein,,
ATU_RS21445,,,inositol monophosphatase family protein,,
ATU_RS21450,,,SDR family oxidoreductase,oxidoreductase activity|0016491||IEA,
ATU_RS21455,,,AraC family transcriptional regulator,,
ATU_RS21460,,,ROK family transcriptional regulator,DNA-binding transcription factor activity|0003700||IEA,regulation of DNA-templated transcription|0006355||IEA
ATU_RS21465,,,ABC transporter substrate-binding protein,,
ATU_RS21470,,,ABC transporter ATP-binding protein,ATP binding|0005524||IEA,
ATU_RS21475,,,iron ABC transporter permease,ATPase-coupled transmembrane transporter activity|0042626||IEA,iron ion transport|0006826||IEA
ATU_RS21480,,,hypothetical protein,,
ATU_RS21485,,,flavin reductase family protein,FMN binding|0010181||IEA,
ATU_RS21490,fdxA,,ferredoxin FdxA,electron transfer activity|0009055||IEA,
ATU_RS21495,,,superoxide dismutase,superoxide dismutase activity|0004784||IEA,
ATU_RS21500,,,TetR/AcrR family transcriptional regulator,DNA binding|0003677||IEA,regulation of DNA-templated transcription|0006355||IEA
ATU_RS21505,,,dihydrofolate reductase family protein,,
ATU_RS21510,,,linear amide C-N hydrolase,,
ATU_RS21515,,,hypothetical protein,,
ATU_RS21520,,,bile acid:sodium symporter family protein,symporter activity|0015293||IEA,
ATU_RS21525,,,aldo/keto reductase,,
ATU_RS21530,,,LysR family transcriptional regulator,DNA-binding transcription activator activity|0001216||IEA,
ATU_RS21535,,,2-keto-4-pentenoate hydratase,,
ATU_RS21540,,,fumarylacetoacetate hydrolase family protein,catalytic activity|0003824||IEA,
ATU_RS21545,,,DUF4286 family protein,,
ATU_RS21550,,,SDR family NAD(P)-dependent oxidoreductase,,
ATU_RS21555,,,ABC transporter substrate-binding protein,ATPase-coupled transmembrane transporter activity|0042626||IEA,
ATU_RS21560,,,ABC transporter permease,ATP binding|0005524||IEA,
ATU_RS21565,,,ABC transporter ATP-binding protein,transporter activity|0005215||IEA,transport|0006810||IEA
ATU_RS21570,,,IclR family transcriptional regulator,DNA binding|0003677||IEA,regulation of DNA-templated transcription|0006355||IEA
ATU_RS21575,,,ABC transporter ATP-binding protein,ATP binding|0005524||IEA,
ATU_RS21580,,,IS3-like element IS426 family transposase,transposase activity|0004803||IEA,DNA transposition|0006313||IEA
ATU_RS21585,,,IS3 family transposase,,
ATU_RS21590,,,IS3-like element ISAtu5 family transposase,transposase activity|0004803||IEA,DNA transposition|0006313||IEA
ATU_RS21595,,,integrase core domain-containing protein,,DNA integration|0015074||IEA
ATU_RS26940,,,rhamnan synthesis F family protein,,
ATU_RS21605,,,acyltransferase,acyltransferase activity,
ATU_RS21610,,,methyltransferase domain-containing protein,,
ATU_RS21615,,,glycosyltransferase,glycosyltransferase activity|0016757||IEA,
ATU_RS21620,,,NAD(P)-dependent oxidoreductase,catalytic activity|0003824||IEA,
ATU_RS21625,,,glycosyltransferase,,
ATU_RS21630,,,glycosyltransferase family 2 protein,glycosyltransferase activity|0016757||IEA,
ATU_RS21635,rfbA,,glucose-1-phosphate thymidylyltransferase RfbA,glucose-1-phosphate thymidylyltransferase activity|0008879||IEA,O antigen biosynthetic process|0009243||IEA
ATU_RS21640,rfbD,,dTDP-4-dehydrorhamnose reductase,dTDP-4-dehydrorhamnose reductase activity|0008831||IEA,O antigen biosynthetic process|0009243||IEA
ATU_RS21645,rfbB,,dTDP-glucose 4,dTDP-glucose 4,O antigen biosynthetic process|0009243||IEA
ATU_RS21650,rfbC,,dTDP-4-dehydrorhamnose 3,dTDP-4-dehydrorhamnose 3,O antigen biosynthetic process|0009243||IEA
ATU_RS21655,,,ATP-dependent helicase,DNA binding|0003677||IEA,
ATU_RS21660,,,ABC transporter ATP-binding protein,ATP binding|0005524||IEA,
ATU_RS21665,,,ABC transporter ATP-binding protein,ATP binding|0005524||IEA,
ATU_RS21670,,,ABC transporter permease,ATPase-coupled transmembrane transporter activity|0042626||IEA,
ATU_RS21675,,,ABC transporter permease,,transmembrane transport|0055085||IEA
ATU_RS21680,,,FadR/GntR family transcriptional regulator,DNA binding|0003677||IEA,
ATU_RS21685,,,mannonate dehydratase,mannonate dehydratase activity|0008927||IEA,glucuronate catabolic process|0006064||IEA
ATU_RS21690,,,ABC transporter substrate-binding protein,ATPase-coupled transmembrane transporter activity|0042626||IEA,
ATU_RS21695,,,hypothetical protein,,
ATU_RS21700,,,EAL domain-containing protein,,
ATU_RS21705,,,SDR family oxidoreductase,oxidoreductase activity|0016491||IEA,
ATU_RS21710,,,hypothetical protein,,
ATU_RS21715,,,Ku protein,DNA end binding|0045027||IEA,double-strand break repair via nonhomologous end joining|0006303||IEA
ATU_RS21720,ligD,,DNA ligase D,,double-strand break repair via nonhomologous end joining|0006303||IEA
ATU_RS21725,,,inorganic phosphate transporter,,phosphate ion transport|0006817||IEA
ATU_RS21730,,,DUF47 domain-containing protein,,
ATU_RS21735,,,NUDIX hydrolase,,
ATU_RS21740,,,efflux RND transporter permease subunit,transmembrane transporter activity|0022857||IEA,
ATU_RS21745,,,efflux RND transporter periplasmic adaptor subunit,,
ATU_RS21750,,,response regulator transcription factor,DNA binding|0003677||IEA,phosphorelay signal transduction system|0000160||IEA
ATU_RS21755,,,HAMP domain-containing sensor histidine kinase,phosphorelay response regulator activity|0000156||IEA,signal transduction|0007165||IEA
ATU_RS21760,,,DUF3313 domain-containing protein,,
ATU_RS21765,,,hydrogen peroxide-inducible genes activator,,
ATU_RS21770,katG,,catalase/peroxidase HPI,catalase activity|0004096||IEA,response to oxidative stress|0006979||IEA
ATU_RS26595,,,hypothetical protein,,
ATU_RS21775,,,AraC family transcriptional regulator,sequence-specific DNA binding|0043565||IEA,
ATU_RS21780,,,aldehyde dehydrogenase,,
ATU_RS21785,,,LysR family transcriptional regulator,,
ATU_RS21790,choX,,choline ABC transporter substrate-binding protein,choline transmembrane transporter activity|0015220||IEA,choline transport|0015871||IEA
ATU_RS21795,betC,,choline-sulfatase,sulfuric ester hydrolase activity|0008484||IEA,
ATU_RS21800,,,carbohydrate kinase family protein,,
ATU_RS21805,ugpC,,ABC transporter ATP-binding protein,ATP binding|0005524||IEA,
ATU_RS21810,argH,,argininosuccinate lyase,argininosuccinate lyase activity|0004056||IEA,arginine biosynthetic process via ornithine|0042450||IEA
ATU_RS21815,,,carbohydrate ABC transporter permease,,carbohydrate transport|0008643||IEA
ATU_RS21820,,,carbohydrate ABC transporter permease,ATPase-coupled transmembrane transporter activity|0042626||IEA,
ATU_RS21825,,,extracellular solute-binding protein,,
ATU_RS21830,,,ROK family transcriptional regulator,,
ATU_RS21835,,,PIG-L family deacetylase,deacetylase activity|0019213||IEA,
ATU_RS21840,,,DMT family transporter,transporter activity|0005215||IEA,transmembrane transport|0055085||IEA
ATU_RS21845,,,hypothetical protein,,
ATU_RS21850,,,AraC family transcriptional regulator,DNA-binding transcription factor activity|0003700||IEA,
ATU_RS21855,,,alpha-glucosidase/alpha-galactosidase,,
ATU_RS21860,,,ABC transporter substrate-binding protein,ATPase-coupled transmembrane transporter activity|0042626||IEA,
ATU_RS21865,,,ABC transporter permease,,transmembrane transport|0055085||IEA
ATU_RS21870,,,ABC transporter permease,ATPase-coupled transmembrane transporter activity|0042626||IEA,
ATU_RS21875,,,ABC transporter ATP-binding protein,,
ATU_RS21880,,,alpha-glucosidase/alpha-galactosidase,,
ATU_RS21885,,,HlyD family secretion protein,,
ATU_RS21890,rbbA,,ribosome-associated ATPase/putative transporter RbbA,ATP binding|0005524||IEA,transmembrane transport|0055085||IEA
ATU_RS21895,,,ABC transporter permease,ABC-type transporter activity|0140359||IEA,
ATU_RS21900,,,hypothetical protein,,
ATU_RS21905,,,DUF1127 domain-containing protein,,
ATU_RS21910,,,response regulator,,
ATU_RS21915,ftsZ,,cell division protein FtsZ,GTPase activity|0003924||IEA,cytokinesis|0000910||IEA
ATU_RS21920,,,GntR family transcriptional regulator,DNA-binding transcription factor activity|0003700||IEA,
ATU_RS21925,,,dihydrodipicolinate synthase family protein,,
ATU_RS21930,,,Ldh family oxidoreductase,,
ATU_RS21935,,,transporter substrate-binding domain-containing protein,,
ATU_RS21940,,,amino acid ABC transporter permease,ATPase-coupled transmembrane transporter activity|0042626||IEA,amino acid transport|0006865||IEA
ATU_RS21945,,,amino acid ABC transporter permease,ATPase-coupled transmembrane transporter activity|0042626||IEA,amino acid transport|0006865||IEA
ATU_RS21950,,,amino acid ABC transporter ATP-binding protein,ATP binding|0005524||IEA,
ATU_RS21955,,,FAD-binding oxidoreductase,oxidoreductase activity|0016491||IEA,
ATU_RS21960,,,aconitase X,,
ATU_RS21965,,,proline racemase family protein,,
ATU_RS21970,,,LacI family DNA-binding transcriptional regulator,transcription cis-regulatory region binding|0000976||IEA,DNA-templated transcription|0006351||IEA
ATU_RS21975,,,hypothetical protein,,
ATU_RS21980,,,transporter substrate-binding domain-containing protein,,
ATU_RS21985,,,amino acid ABC transporter permease,ATPase-coupled transmembrane transporter activity|0042626||IEA,amino acid transport|0006865||IEA
ATU_RS21990,,,amino acid ABC transporter permease,ATPase-coupled transmembrane transporter activity|0042626||IEA,amino acid transport|0006865||IEA
ATU_RS21995,,,amino acid ABC transporter ATP-binding protein,ATP binding|0005524||IEA,
ATU_RS22000,,,2-hydroxyacid dehydrogenase,,
ATU_RS22005,,,bifunctional diguanylate cyclase/phosphodiesterase,,
ATU_RS22010,,,porin,,
ATU_RS22015,,,amidohydrolase family protein,hydrolase activity|0016787||IEA,
ATU_RS22020,,,ABC transporter substrate-binding protein,,
ATU_RS22025,,,ABC transporter permease,,transmembrane transport|0055085||IEA
ATU_RS22030,,,ABC transporter permease,ATPase-coupled transmembrane transporter activity|0042626||IEA,
ATU_RS22035,,,amidohydrolase family protein,,
ATU_RS22040,,,amidohydrolase family protein,,
ATU_RS22045,,,ABC transporter ATP-binding protein,ATP binding|0005524||IEA,
ATU_RS22050,,,ABC transporter ATP-binding protein,ATP binding|0005524||IEA,
ATU_RS22055,,,GntR family transcriptional regulator,DNA-binding transcription factor activity|0003700||IEA,
ATU_RS22060,,,flavin reductase family protein,FMN binding|0010181||IEA,
ATU_RS22065,,,aspartate/glutamate racemase family protein,,
ATU_RS22070,,,LysR family transcriptional regulator,DNA-binding transcription factor activity|0003700||IEA,regulation of DNA-templated transcription|0006355||IEA
ATU_RS22075,,,formate dehydrogenase subunit gamma,oxidoreductase activity|0016491||IEA,
ATU_RS22080,,,NADH-quinone oxidoreductase subunit NuoF,,
ATU_RS22085,fdhF,,formate dehydrogenase subunit alpha,formate dehydrogenase (NAD+) activity|0008863||IEA,formate metabolic process|0015942||IEA
ATU_RS22090,,,formate dehydrogenase subunit delta,,
ATU_RS22095,,,OFA family MFS transporter,transmembrane transporter activity|0022857||IEA,transmembrane transport|0055085||IEA
ATU_RS22100,,,HAMP domain-containing sensor histidine kinase,phosphorelay response regulator activity|0000156||IEA,signal transduction|0007165||IEA
ATU_RS22105,,,response regulator transcription factor,DNA binding|0003677||IEA,phosphorelay signal transduction system|0000160||IEA
ATU_RS22110,,,hypothetical protein,,
ATU_RS22115,,,DUF992 domain-containing protein,,
ATU_RS22120,,,BON domain-containing protein,,
ATU_RS22125,,,CsbD family protein,,
ATU_RS22130,,,PAS domain S-box protein,,
ATU_RS22135,,,FadR/GntR family transcriptional regulator,DNA binding|0003677||IEA,
ATU_RS22140,,,ABC transporter substrate-binding protein,,
ATU_RS22145,,,ABC transporter permease,,transmembrane transport|0055085||IEA
ATU_RS22150,,,ABC transporter permease,ATPase-coupled transmembrane transporter activity|0042626||IEA,
ATU_RS22155,,,gamma-glutamyltransferase family protein,hydrolase activity|0016787||IEA,
ATU_RS22160,,,ABC transporter ATP-binding protein,ATP binding|0005524||IEA,
ATU_RS22165,,,CsbD family protein,,
ATU_RS22170,,,GCG_CRPN prefix-to-repeats domain-containing protein,,
ATU_RS22175,,,superoxide dismutase,superoxide dismutase activity|0004784||IEA,
ATU_RS22180,,,tripartite tricarboxylate transporter substrate binding protein,,
ATU_RS22185,,,ABC transporter ATP-binding protein,ATP binding|0005524||IEA,
ATU_RS22190,,,ABC-F family ATP-binding cassette domain-containing protein,ATP binding|0005524||IEA,
ATU_RS22195,,,spore coat U domain-containing protein,,
ATU_RS22200,,,fimbria/pilus outer membrane usher protein,fimbrial usher porin activity|0015473||IEA,pilus assembly|0009297||IEA
ATU_RS22205,,,molecular chaperone,,chaperone-mediated protein folding|0061077||IEA
ATU_RS22210,,,spore coat U domain-containing protein,,
ATU_RS22215,,,bifunctional aconitate hydratase 2/2-methylisocitrate dehydratase,aconitate hydratase activity|0003994||IEA,tricarboxylic acid cycle|0006099||IEA
ATU_RS22220,,,methyl-accepting chemotaxis protein,,
ATU_RS22225,,,hypothetical protein,,
ATU_RS22230,,,type B-1 chloramphenicol O-acetyltransferase CatB1,,
ATU_RS22235,,,NAD(P)/FAD-dependent oxidoreductase,,
ATU_RS22240,,,2,,
ATU_RS22245,,,sigma-54-dependent Fis family transcriptional regulator,,
ATU_RS22250,,,tetratricopeptide repeat protein,,
ATU_RS22255,,,LacI family DNA-binding transcriptional regulator,,
ATU_RS22260,,,substrate-binding domain-containing protein,,
ATU_RS22265,,,sugar ABC transporter ATP-binding protein,ATP binding|0005524||IEA,
ATU_RS22270,,,ABC transporter permease,transmembrane transporter activity|0022857||IEA,carbohydrate transport|0008643||IEA
ATU_RS22275,,,ABC transporter permease,transmembrane transporter activity|0022857||IEA,carbohydrate transport|0008643||IEA
ATU_RS22280,,,sugar phosphate isomerase/epimerase,isomerase activity|0016853||IEA,
ATU_RS22285,,,nucleoside triphosphate hydrolase,,
ATU_RS22290,,,sugar phosphate isomerase/epimerase family protein,catalytic activity|0003824||IEA,
ATU_RS22295,,,hypothetical protein,,
ATU_RS22300,ehuA,,ectoine/hydroxyectoine ABC transporter ATP-binding protein EhuA,ATP binding|0005524||IEA,hydroxyectoine transport|0033308||IEA
ATU_RS22305,ehuD,,ectoine/hydroxyectoine ABC transporter permease subunit EhuD,ATPase-coupled ectoine transmembrane transporter activity|0033286||IEA,hydroxyectoine transport|0033308||IEA
ATU_RS22310,ehuC,,ectoine/hydroxyectoine ABC transporter permease subunit EhuC,ATPase-coupled ectoine transmembrane transporter activity|0033286||IEA,hydroxyectoine transport|0033308||IEA
ATU_RS22315,ehuB,,ectoine/hydroxyectoine ABC transporter substrate-binding protein EhuB,ATPase-coupled ectoine transmembrane transporter activity|0033286||IEA,hydroxyectoine transport|0033308||IEA
ATU_RS22320,doeB,,N(2)-acetyl-L-2,,ectoine catabolic process|0042400||IEA
ATU_RS22325,doeA,,ectoine hydrolase DoeA,,ectoine catabolic process|0042400||IEA
ATU_RS22330,eutC,,ectoine utilization protein EutC,,ectoine catabolic process|0042400||IEA
ATU_RS22335,eutB,,hydroxyectoine utilization dehydratase EutB,,ectoine catabolic process|0042400||IEA
ATU_RS22340,,,PLP-dependent aminotransferase family protein,pyridoxal phosphate binding|0030170||IEA,
ATU_RS22345,,,aspartate aminotransferase family protein,,
ATU_RS22350,,,NAD-dependent succinate-semialdehyde dehydrogenase,,
ATU_RS22355,,,Lrp/AsnC family transcriptional regulator,DNA binding|0003677||IEA,
ATU_RS22360,,,GNAT family N-acetyltransferase,,
ATU_RS22365,phrB,,(6-4)DNA photolyase,,
ATU_RS22370,,,hypothetical protein,,
ATU_RS22375,csgH,,curli-like amyloid fiber formation chaperone CsgH,,
ATU_RS22380,,,curlin,,
ATU_RS22385,,,cyclase family protein,hydrolase activity,
ATU_RS22390,,,FAD binding domain-containing protein,,
ATU_RS22395,,,oxalate decarboxylase family bicupin,,
ATU_RS22400,,,hypothetical protein,,
ATU_RS22405,,,response regulator transcription factor,,phosphorelay signal transduction system|0000160||IEA
ATU_RS22410,,,response regulator transcription factor,,
ATU_RS22415,,,sensor histidine kinase,,
ATU_RS22420,,,FdhF/YdeP family oxidoreductase,oxidoreductase activity|0016491||IEA,
ATU_RS22425,,,Dps family protein,ferric iron binding|0008199||IEA,
ATU_RS22430,,,alpha/beta fold hydrolase,,
ATU_RS26600,,,hypothetical protein,,
ATU_RS22435,,,hypothetical protein,,
ATU_RS22440,,,PAS domain-containing sensor histidine kinase,,
ATU_RS22445,,,response regulator transcription factor,DNA binding|0003677||IEA,phosphorelay signal transduction system|0000160||IEA
ATU_RS22450,,,ABC transporter substrate-binding protein,,
ATU_RS22455,,,ABC transporter substrate-binding protein,,
ATU_RS22460,,,iron ABC transporter permease,ATPase-coupled transmembrane transporter activity|0042626||IEA,iron ion transport|0006826||IEA
ATU_RS22465,,,ABC transporter ATP-binding protein,ATP binding|0005524||IEA,
ATU_RS22470,,,inositol monophosphatase family protein,,
ATU_RS22475,,,class I SAM-dependent methyltransferase,methyltransferase activity|0008168||IEA,
ATU_RS22480,gmd,,GDP-mannose 4,GDP-mannose 4,polysaccharide biosynthetic process|0000271||IEA
ATU_RS22485,,,GDP-L-fucose synthase,,
ATU_RS22490,,,glycoside hydrolase family 28 protein,,
ATU_RS26745,,,hypothetical protein,,
ATU_RS22495,,,hypothetical protein,,
ATU_RS22500,,,polysaccharide biosynthesis/export family protein,polysaccharide transmembrane transporter activity|0015159||IEA,polysaccharide transport|0015774||IEA
ATU_RS22505,,,polysaccharide biosynthesis tyrosine autokinase,,
ATU_RS22510,,,response regulator transcription factor,DNA binding|0003677||IEA,phosphorelay signal transduction system|0000160||IEA
ATU_RS22515,,,PIG-L deacetylase family protein,,
ATU_RS22520,,,glucose-1-phosphate cytidylyltransferase,,
ATU_RS22525,,,class I SAM-dependent methyltransferase,methyltransferase activity|0008168||IEA,
ATU_RS22530,rfbC,,dTDP-4-dehydrorhamnose 3,dTDP-4-dehydrorhamnose 3,O antigen biosynthetic process|0009243||IEA
ATU_RS22535,,,DUF4910 domain-containing protein,,
ATU_RS22540,,,NAD(P)-dependent oxidoreductase,oxidoreductase activity|0016491||IEA,
ATU_RS22545,,,glutamate-1-semialdehyde 2,,
ATU_RS22550,,,LuxR C-terminal-related transcriptional regulator,DNA binding|0003677||IEA,phosphorelay signal transduction system|0000160||IEA
ATU_RS22555,,,response regulator,,phosphorelay signal transduction system|0000160||IEA
ATU_RS22560,,,glycosyltransferase family A protein,,
ATU_RS22565,,,oligosaccharide flippase family protein,,
ATU_RS22570,,,polysaccharide pyruvyl transferase family protein,,
ATU_RS22575,,,glycosyltransferase family 4 protein,glycosyltransferase activity|0016757||IEA,
ATU_RS22580,,,DUF4038 domain-containing protein,,
ATU_RS22585,,,MraY family glycosyltransferase,metal ion binding|0046872||IEA,
ATU_RS22590,,,YdcF family protein,,
ATU_RS22595,,,hypothetical protein,,
ATU_RS22600,,,acetyltransferase,,
ATU_RS22605,,,glycosyltransferase,glycosyltransferase activity|0016757||IEA,
ATU_RS22610,,,glycosyltransferase family 4 protein,glycosyltransferase activity|0016757||IEA,
ATU_RS22615,,,glycosyltransferase family 4 protein,,
ATU_RS22620,,,Lrp/AsnC family transcriptional regulator,DNA binding|0003677||IEA,
ATU_RS22625,,,hypothetical protein,,
ATU_RS22630,,,PPC domain-containing DNA-binding protein,,
ATU_RS22635,,,DUF296 domain-containing protein,,
ATU_RS22640,,,SDR family NAD(P)-dependent oxidoreductase,oxidoreductase activity|0016491||IEA,
ATU_RS22645,,,acyl-CoA synthetase,,
ATU_RS22650,,,acetyl-CoA acetyltransferase,,
ATU_RS22655,,,IclR family transcriptional regulator,DNA binding|0003677||IEA,regulation of DNA-templated transcription|0006355||IEA
ATU_RS22660,,,SDR family NAD(P)-dependent oxidoreductase,,
ATU_RS22665,,,TRAP transporter substrate-binding protein,,
ATU_RS22670,,,TRAP transporter large permease subunit,,
ATU_RS22675,,,transposase,DNA binding|0003677||IEA,DNA transposition|0006313||IEA
ATU_RS22680,,,nucleotide-binding protein,,
ATU_RS22685,,,hypothetical protein,,
ATU_RS22690,,,RES family NAD+ phosphorylase,,
ATU_RS22695,,,MbcA/ParS/Xre antitoxin family protein,,
ATU_RS22700,,,glucan 1,glucan 1,glucan catabolic process|0009251||IEA
ATU_RS22705,gnd,,phosphogluconate dehydrogenase (NAD(+)-dependent,oxidoreductase activity,pentose-phosphate shunt|0006098||IEA
ATU_RS22710,zwf,,glucose-6-phosphate dehydrogenase,glucose-6-phosphate dehydrogenase activity|0004345||IEA,pentose-phosphate shunt|0006098||IEA
ATU_RS22715,,,ROK family protein,,
ATU_RS22720,,,hypothetical protein,,
ATU_RS22725,,,lipocalin family protein,,
ATU_RS22730,,,SDR family NAD(P)-dependent oxidoreductase,,
ATU_RS22735,,,DeoR/GlpR family DNA-binding transcription regulator,DNA-binding transcription factor activity|0003700||IEA,
ATU_RS22740,,,autoinducer 2 ABC transporter substrate-binding protein,,
ATU_RS22745,,,sugar ABC transporter ATP-binding protein,ATP binding|0005524||IEA,
ATU_RS22750,,,ABC transporter permease,transmembrane transporter activity|0022857||IEA,carbohydrate transport|0008643||IEA
ATU_RS22755,,,ABC transporter permease,transmembrane transporter activity|0022857||IEA,carbohydrate transport|0008643||IEA
ATU_RS22760,,,aldose 1-epimerase family protein,,
ATU_RS22765,rbsK,,ribokinase,ribokinase activity|0004747||IEA,D-ribose catabolic process|0019303||IEA
ATU_RS22770,deoC,,deoxyribose-phosphate aldolase,deoxyribose-phosphate aldolase activity|0004139||IEA,deoxyribonucleotide catabolic process|0009264||IEA
ATU_RS22775,,,aldehyde dehydrogenase family protein,oxidoreductase activity|0016491||IEA,
ATU_RS22780,,,hypothetical protein,,
ATU_RS22785,,,citrate synthase,,
ATU_RS22790,,,hypothetical protein,,
ATU_RS22795,,,hypothetical protein,,
ATU_RS22800,traA,,Ti-type conjugative transfer relaxase TraA,ATP binding|0005524||IEA,
ATU_RS22805,,,nucleotidyltransferase and HEPN domain-containing protein,,
ATU_RS22810,,,anti-sigma factor antagonist,,
ATU_RS22815,,,type IV secretory system conjugative DNA transfer family protein,,
ATU_RS22820,,,GSU2403 family nucleotidyltransferase fold protein,,
ATU_RS22825,,,nucleotidyltransferase and HEPN domain-containing protein,,
ATU_RS22830,,,hypothetical protein,,
ATU_RS22835,istB,,IS21-like element helper ATPase IstB,ATP binding|0005524||IEA,
ATU_RS22840,istA,,IS21 family transposase,transposase activity|0004803||IEA,
ATU_RS22845,,,alpha/beta hydrolase,hydrolase activity|0016787||IEA,
ATU_RS22850,,,MarR family winged helix-turn-helix transcriptional regulator,DNA binding|0003677||IEA,
ATU_RS22855,,,SDR family oxidoreductase,oxidoreductase activity|0016491||IEA,
ATU_RS22860,,,Atu4866 domain-containing protein,,
ATU_RS26945,,,hypothetical protein,,
ATU_RS22865,,,nuclear transport factor 2 family protein,,
ATU_RS22870,,,aldo/keto reductase,,
ATU_RS22880,,,zinc-binding alcohol dehydrogenase family protein,,
ATU_RS22885,,,LysR family transcriptional regulator,DNA-binding transcription activator activity|0001216||IEA,
ATU_RS22890,,,TetR/AcrR family transcriptional regulator,DNA binding|0003677||IEA,
ATU_RS22895,,,hypothetical protein,,
ATU_RS22900,,,nuclear transport factor 2 family protein,,
ATU_RS22905,,,aldo/keto reductase,,
ATU_RS22910,,,SDR family NAD(P)-dependent oxidoreductase,oxidoreductase activity|0016491||IEA,
ATU_RS22915,,,nuclear transport factor 2 family protein,,
ATU_RS22920,,,hypothetical protein,,
ATU_RS22925,,,AraC family transcriptional regulator,DNA-binding transcription factor activity|0003700||IEA,regulation of DNA-templated transcription|0006355||IEA
ATU_RS22930,,,helix-turn-helix domain-containing protein,,
ATU_RS22935,,,hypothetical protein,,
ATU_RS22940,,,hypothetical protein,,
ATU_RS22945,,,YodC family protein,,
ATU_RS22950,,,hypothetical protein,,
ATU_RS22955,,,hypothetical protein,,
ATU_RS22960,,,helix-turn-helix domain-containing protein,,
ATU_RS22965,,,hypothetical protein,,
ATU_RS22970,,,IS3-like element IS426 family transposase,transposase activity|0004803||IEA,DNA transposition|0006313||IEA
ATU_RS22975,,,class I SAM-dependent DNA methyltransferase,DNA binding|0003677||IEA,DNA methylation|0006306||IEA
ATU_RS22980,,,hypothetical protein,,
ATU_RS22985,istA,,IS21 family transposase,transposase activity|0004803||IEA,
ATU_RS22990,,,GNAT family N-acetyltransferase,N-acetyltransferase activity|0008080||IEA,
ATU_RS22995,,,hypothetical protein,,
ATU_RS23000,,,hypothetical protein,,
ATU_RS23950,repA,,plasmid partitioning protein RepA,,
ATU_RS23955,repB,,plasmid partitioning protein RepB,DNA binding|0003677||IEA,
ATU_RS23960,repC,,plasmid replication protein RepC,,
ATU_RS23965,,,FAD-binding oxidoreductase,oxidoreductase activity|0016491||IEA,
ATU_RS23970,,,Gfo/Idh/MocA family protein,oxidoreductase activity|0016491||IEA,
ATU_RS26955,,,amino acid ABC transporter permease/ATP-binding protein,ATP binding|0005524||IEA,
ATU_RS23980,,,ABC transporter substrate-binding protein,ATPase-coupled transmembrane transporter activity|0042626||IEA,
ATU_RS23985,,,LacI family DNA-binding transcriptional regulator,transcription cis-regulatory region binding|0000976||IEA,DNA-templated transcription|0006351||IEA
ATU_RS23990,,,hypothetical protein,,
ATU_RS23995,,,DUF72 domain-containing protein,,
ATU_RS26785,,,integrase,,
ATU_RS24000,,,NAD(P)H-dependent oxidoreductase,,
ATU_RS24005,,,DsbA family oxidoreductase,,
ATU_RS24010,,,recombinase family protein,,
ATU_RS24015,,,type II toxin-antitoxin system VapB family antitoxin,,
ATU_RS24020,,,type II toxin-antitoxin system VapC family toxin,,
ATU_RS24025,,,site-specific integrase,DNA binding|0003677||IEA,DNA recombination|0006310||IEA
ATU_RS24030,,,RHE_PE00001 family protein,,
ATU_RS24035,,,hypothetical protein,,
ATU_RS24040,,,DUF2971 domain-containing protein,,
ATU_RS24045,qatD,,Qat anti-phage system TatD family nuclease QatD,,defense response to virus|0051607||IEA
ATU_RS24050,qatC,,Qat anti-phage system QueC-like protein QatC,,defense response to virus|0051607||IEA
ATU_RS24055,,,hypothetical protein,,
ATU_RS24060,,,P-loop NTPase fold protein,,
ATU_RS24065,,,ATP-dependent endonuclease,,
ATU_RS24070,,,UvrD-helicase domain-containing protein,DNA binding|0003677||IEA,
ATU_RS26790,,,helix-turn-helix domain-containing protein,,
ATU_RS26795,,,hypothetical protein,,
ATU_RS24080,,,IS3 family transposase,transposase activity|0004803||IEA,
ATU_RS24085,,,hypothetical protein,,
ATU_RS24090,,,hypothetical protein,,
ATU_RS24095,,,restriction endonuclease,,
ATU_RS24100,,,hypothetical protein,,
ATU_RS24105,,,hypothetical protein,,
ATU_RS24110,,,hypothetical protein,,
ATU_RS24115,,,DUF6804 family protein,,
ATU_RS24120,,,hypothetical protein,,
ATU_RS24125,,,DUF4158 domain-containing protein,,
ATU_RS24130,,,Fic family protein,,
ATU_RS24135,,,plasmid partitioning protein RepB C-terminal domain-containing protein,,
ATU_RS24140,,,plasmid partitioning protein RepB C-terminal domain-containing protein,,
ATU_RS24145,,,recombinase family protein,,
ATU_RS24150,,,hypothetical protein,,
ATU_RS24155,,,nucleotidyl transferase AbiEii/AbiGii toxin family protein,,
ATU_RS24160,,,DUF6088 family protein,,
ATU_RS24165,,,hypothetical protein,,
ATU_RS24170,,,hypothetical protein,,
ATU_RS24175,,,hypothetical protein,,
ATU_RS24180,xth,,exodeoxyribonuclease III,double-stranded DNA 3'-5' DNA exonuclease activity|0008311||IEA,DNA repair|0006281||IEA
ATU_RS26620,,,hypothetical protein,,
ATU_RS24185,,,Ku protein,DNA end binding|0045027||IEA,double-strand break repair via nonhomologous end joining|0006303||IEA
ATU_RS24190,,,Ku protein,DNA end binding|0045027||IEA,double-strand break repair via nonhomologous end joining|0006303||IEA
ATU_RS24195,ligD,,non-homologous end-joining DNA ligase,DNA ligase (ATP) activity|0003910||IEA,DNA repair|0006281||IEA
ATU_RS24200,,,Hsp20 family protein,,
ATU_RS24205,,,DUF982 domain-containing protein,,
ATU_RS24210,,,hypothetical protein,,
ATU_RS24215,ligD,,DNA ligase D,,double-strand break repair via nonhomologous end joining|0006303||IEA
ATU_RS24220,,,hypothetical protein,,
ATU_RS24225,,,hypothetical protein,,
ATU_RS24230,,,ABC transporter substrate-binding protein,,
ATU_RS24235,,,carbohydrate ABC transporter permease,ATPase-coupled transmembrane transporter activity|0042626||IEA,
ATU_RS24240,,,carbohydrate ABC transporter permease,,carbohydrate transport|0008643||IEA
ATU_RS24245,,,glycerophosphodiester phosphodiesterase family protein,phosphoric diester hydrolase activity|0008081||IEA,lipid metabolic process|0006629||IEA
ATU_RS24250,,,ABC transporter ATP-binding protein,ATP binding|0005524||IEA,
ATU_RS24255,,,MurR/RpiR family transcriptional regulator,DNA-binding transcription factor activity|0003700||IEA,regulation of DNA-templated transcription|0006355||IEA
ATU_RS24260,,,MarR family winged helix-turn-helix transcriptional regulator,DNA binding|0003677||IEA,
ATU_RS24265,,,alpha/beta fold hydrolase,hydrolase activity|0016787||IEA,
ATU_RS24270,,,alpha/beta fold hydrolase,hydrolase activity|0016787||IEA,
ATU_RS24275,,,dihydrodipicolinate synthase family protein,,
ATU_RS24280,,,ABC transporter ATP-binding protein,ATP binding|0005524||IEA,
ATU_RS24285,,,ABC transporter permease,ATPase-coupled transmembrane transporter activity|0042626||IEA,
ATU_RS24290,,,ABC transporter permease,,transmembrane transport|0055085||IEA
ATU_RS24295,,,ABC transporter substrate-binding protein,,
ATU_RS24300,,,exo-alpha-sialidase,,
ATU_RS24305,pdxA,,4-hydroxythreonine-4-phosphate dehydrogenase PdxA,4-hydroxythreonine-4-phosphate dehydrogenase activity|0050570||IEA,pyridoxine biosynthetic process|0008615||IEA
ATU_RS24310,,,iron-containing alcohol dehydrogenase,,
ATU_RS24315,,,FadR/GntR family transcriptional regulator,DNA binding|0003677||IEA,
ATU_RS24320,,,four-carbon acid sugar kinase family protein,ATP binding|0005524||IEA,
ATU_RS24325,,,transposase,,
ATU_RS26800,,,arginase family protein,metal ion binding|0046872||IEA,
ATU_RS24330,,,LacI family DNA-binding transcriptional regulator,transcription cis-regulatory region binding|0000976||IEA,DNA-templated transcription|0006351||IEA
ATU_RS24335,,,sugar ABC transporter substrate-binding protein,ATPase-coupled transmembrane transporter activity|0042626||IEA,
ATU_RS24340,,,carbohydrate ABC transporter permease,ATPase-coupled transmembrane transporter activity|0042626||IEA,
ATU_RS24345,,,carbohydrate ABC transporter permease,,carbohydrate transport|0008643||IEA
ATU_RS24350,,,glycoside hydrolase family 127 protein,,
ATU_RS24355,,,ABC transporter ATP-binding protein,ATP binding|0005524||IEA,
ATU_RS24360,,,LysR family transcriptional regulator,,
ATU_RS24365,,,MBL fold metallo-hydrolase,,
ATU_RS24370,,,ATPase domain-containing protein,,
ATU_RS24375,,,sensor histidine kinase,phosphorelay sensor kinase activity|0000155||IEA,signal transduction|0007165||IEA
ATU_RS24380,,,cache domain-containing protein,,
ATU_RS24385,,,glycosyltransferase,,
ATU_RS24390,,,HlyD family secretion protein,,
ATU_RS24395,,,transposase,,
ATU_RS24400,,,IS3 family transposase,,DNA integration|0015074||IEA
ATU_RS24405,,,ISL3 family transposase,transposase activity|0004803||IEA,
ATU_RS24410,,,SOS response-associated peptidase family protein,single-stranded DNA binding|0003697||IEA,SOS response|0009432||IEA
ATU_RS24415,ligD,,non-homologous end-joining DNA ligase,DNA ligase (ATP) activity|0003910||IEA,DNA repair|0006281||IEA
ATU_RS24420,,,ImuA family protein,,
ATU_RS24425,,,DNA polymerase Y family protein,,
ATU_RS24430,,,error-prone DNA polymerase,DNA-directed DNA polymerase activity|0003887||IEA,DNA replication|0006260||IEA
ATU_RS24435,,,DUF1419 domain-containing protein,,
ATU_RS24440,,,hypothetical protein,,
ATU_RS24445,,,ArdC family protein,,
ATU_RS24450,,,DUF736 domain-containing protein,,
ATU_RS26625,,,hypothetical protein,,
ATU_RS24455,,,HU family DNA-binding protein,DNA binding|0003677||IEA,chromosome condensation|0030261||IEA
ATU_RS24460,,,WGR domain-containing protein,,
ATU_RS24465,traG,,Ti-type conjugative transfer system protein TraG,,
ATU_RS24470,,,conjugal transfer protein TraD,,
ATU_RS24475,,,TraC family protein,,
ATU_RS24480,traA,,Ti-type conjugative transfer relaxase TraA,ATP binding|0005524||IEA,
ATU_RS24485,,,type II toxin-antitoxin system HipA family toxin,,
ATU_RS24490,,,helix-turn-helix transcriptional regulator,DNA binding|0003677||IEA,
ATU_RS24495,,,hypothetical protein,,
ATU_RS24500,,,hypothetical protein,,
ATU_RS24505,,,DUF2218 domain-containing protein,,
ATU_RS24510,,,nucleotidyltransferase and HEPN domain-containing protein,,
ATU_RS24515,,,aminotransferase class I/II-fold pyridoxal phosphate-dependent enzyme,pyridoxal phosphate binding|0030170||IEA,biosynthetic process|0009058||IEA
ATU_RS24520,,,response regulator transcription factor,DNA binding|0003677||IEA,phosphorelay signal transduction system|0000160||IEA
ATU_RS24525,,,hypothetical protein,,
ATU_RS24530,,,response regulator transcription factor,DNA binding|0003677||IEA,phosphorelay signal transduction system|0000160||IEA
ATU_RS24535,,,SDR family oxidoreductase,,
ATU_RS24540,,,acetolactate synthase catalytic subunit,magnesium ion binding|0000287||IEA,
ATU_RS24545,,,aspartate aminotransferase family protein,,
ATU_RS24550,,,GntR family transcriptional regulator,DNA-binding transcription factor activity|0003700||IEA,
ATU_RS24555,,,ABC transporter ATP-binding protein,ATP binding|0005524||IEA,
ATU_RS24560,,,ABC transporter permease,ATP binding|0005524||IEA,transmembrane transport|0055085||IEA
ATU_RS24565,,,ABC transporter permease,ATP binding|0005524||IEA,transmembrane transport|0055085||IEA
ATU_RS24570,,,ABC transporter substrate-binding protein,ATPase-coupled transmembrane transporter activity|0042626||IEA,
ATU_RS24575,,,ABC transporter ATP-binding protein,ATP binding|0005524||IEA,
ATU_RS24580,,,ABC transporter permease,ATPase-coupled transmembrane transporter activity|0042626||IEA,
ATU_RS24585,,,lipocalin-like domain-containing protein,,
ATU_RS24590,blcR,,IclR family transcriptional regulator BlcR,,
ATU_RS24595,,,NAD-dependent succinate-semialdehyde dehydrogenase,,
ATU_RS24600,,,iron-containing alcohol dehydrogenase,adenyl nucleotide binding|0030554||IEA,
ATU_RS24605,attM,,N-acyl homoserine lactonase AttM,acyl-L-homoserine-lactone lactonohydrolase activity|0102007||IEA,
ATU_RS24610,,,class I SAM-dependent methyltransferase,methyltransferase activity|0008168||IEA,
ATU_RS24615,,,AraC family transcriptional regulator,sequence-specific DNA binding|0043565||IEA,regulation of DNA-templated transcription|0006355||IEA
ATU_RS24620,,,CatB-related O-acetyltransferase,acyltransferase activity|0016746||IEA,response to antibiotic|0046677||IEA
ATU_RS24625,,,S9 family peptidase,,
ATU_RS24630,,,GNAT family N-acetyltransferase,N-acetyltransferase activity|0008080||IEA,
ATU_RS24635,,,MgtC/SapB family protein,,
ATU_RS24640,,,OsmC family protein,,
ATU_RS24645,,,GNAT family N-acetyltransferase,N-acetyltransferase activity|0008080||IEA,
ATU_RS24650,,,glutathione binding-like protein,,
ATU_RS24655,,,helix-turn-helix domain-containing protein,DNA binding|0003677||IEA,
ATU_RS24660,,,GNAT family N-acetyltransferase,N-acetyltransferase activity|0008080||IEA,
ATU_RS24665,,,MarR family winged helix-turn-helix transcriptional regulator,DNA-binding transcription factor activity|0003700||IEA,regulation of DNA-templated transcription|0006355||IEA
ATU_RS24670,,,SDR family oxidoreductase,,
ATU_RS24675,,,hypothetical protein,,
ATU_RS24680,,,host attachment protein,,
ATU_RS24685,,,transcriptional regulator,,
ATU_RS26810,,,hypothetical protein,,
ATU_RS24690,,,type IV secretion protein AvhB1,,
ATU_RS24695,,,TrbC/VirB2 family protein,,
ATU_RS24700,,,type IV secretion system protein VirB3,,
ATU_RS24705,,,VirB4 family type IV secretion/conjugal transfer ATPase,,
ATU_RS24710,virB5,,P-type DNA transfer protein VirB5,,
ATU_RS24715,,,EexN family lipoprotein,,
ATU_RS24720,,,type IV secretion system protein,,protein secretion by the type IV secretion system|0030255||IEA
ATU_RS24725,,,hypothetical protein,,
ATU_RS24730,,,virB8 family protein,,
ATU_RS24735,virB9,,P-type conjugative transfer protein VirB9,,
ATU_RS24740,virB10,,type IV secretion system protein VirB10,,
ATU_RS24745,virB11,,P-type DNA transfer ATPase VirB11,,secretion by the type IV secretion system|0044097||IEA
ATU_RS24750,,,NAD(P)-binding domain-containing protein,NADP binding|0050661||IEA,
ATU_RS24755,,,YMGG-like glycine zipper-containing protein,,
ATU_RS24760,,,response regulator transcription factor,DNA binding|0003677||IEA,phosphorelay signal transduction system|0000160||IEA
ATU_RS24765,,,HAMP domain-containing sensor histidine kinase,phosphorelay response regulator activity|0000156||IEA,signal transduction|0007165||IEA
ATU_RS24770,,,efflux RND transporter periplasmic adaptor subunit,transporter activity|0005215||IEA,transport|0006810||IEA
ATU_RS24775,,,MacB family efflux pump subunit,ATP binding|0005524||IEA,
ATU_RS24780,,,helix-turn-helix domain-containing protein,,
ATU_RS24785,,,SDR family NAD(P)-dependent oxidoreductase,,
ATU_RS24790,,,zinc-binding dehydrogenase,,
ATU_RS24795,,,NADPH-dependent F420 reductase,,
ATU_RS24800,,,LysR family transcriptional regulator,,
ATU_RS24805,,,3-oxoacyl-ACP reductase family protein,oxidoreductase activity|0016491||IEA,
ATU_RS24810,,,LysR family transcriptional regulator,DNA-binding transcription activator activity|0001216||IEA,
ATU_RS24815,,,zinc-dependent alcohol dehydrogenase family protein,,
ATU_RS24820,,,antibiotic biosynthesis monooxygenase,monooxygenase activity|0004497||IEA,
ATU_RS24825,,,alpha/beta fold hydrolase,hydrolase activity|0016787||IEA,
ATU_RS24830,,,Gfo/Idh/MocA family protein,oxidoreductase activity|0016491||IEA,
ATU_RS24835,,,S9 family peptidase,,
ATU_RS24840,,,MerR family transcriptional regulator,DNA binding|0003677||IEA,regulation of DNA-templated transcription|0006355||IEA
ATU_RS24845,,,LysR family transcriptional regulator,DNA-binding transcription activator activity|0001216||IEA,
ATU_RS24850,,,L,acyltransferase activity|0016746||IEA,peptidoglycan-protein cross-linking|0018104||IEA
ATU_RS24855,,,LysR family transcriptional regulator,DNA binding|0003677||IEA,
ATU_RS24860,,,aldo/keto reductase,,
ATU_RS24865,,,Gfo/Idh/MocA family protein,oxidoreductase activity|0016491||IEA,
ATU_RS24870,,,MFS transporter,transmembrane transporter activity|0022857||IEA,transmembrane transport|0055085||IEA
ATU_RS24875,,,pirin family protein,,
ATU_RS24880,,,NAD(P)-dependent alcohol dehydrogenase,,
ATU_RS24885,,,MBL fold metallo-hydrolase,,
ATU_RS24890,,,aldehyde dehydrogenase family protein,oxidoreductase activity|0016491||IEA,
ATU_RS26815,,,hypothetical protein,,
ATU_RS24900,,,LysR family transcriptional regulator,DNA-binding transcription activator activity|0001216||IEA,
ATU_RS24905,,,nitroreductase family protein,,
ATU_RS24910,,,LysR family transcriptional regulator,DNA-binding transcription activator activity|0001216||IEA,
ATU_RS24915,,,nuclear transport factor 2 family protein,,
ATU_RS24920,,,SDR family oxidoreductase,,
ATU_RS24925,,,MarR family winged helix-turn-helix transcriptional regulator,DNA binding|0003677||IEA,
ATU_RS24930,,,alpha/beta fold hydrolase,hydrolase activity|0016787||IEA,
ATU_RS24935,,,zinc-binding dehydrogenase,,
ATU_RS24940,,,SDR family NAD(P)-dependent oxidoreductase,,
ATU_RS24945,,,LysR family transcriptional regulator,DNA binding|0003677||IEA,
ATU_RS24950,,,glycine betaine/L-proline ABC transporter ATP-binding protein,,
ATU_RS24955,,,proline/glycine betaine ABC transporter permease,,
ATU_RS24960,proX,,glycine betaine/L-proline ABC transporter substrate-binding protein ProX,transmembrane transporter activity|0022857||IEA,transmembrane transport|0055085||IEA
ATU_RS24965,,,glyoxylate/hydroxypyruvate reductase A,,
ATU_RS24970,,,amino acid synthesis family protein,,
ATU_RS24975,,,NIPSNAP family protein,,
ATU_RS24980,,,carboxymuconolactone decarboxylase family protein,peroxiredoxin activity|0051920||IEA,
ATU_RS24985,,,alpha/beta fold hydrolase,hydrolase activity|0016787||IEA,
ATU_RS24990,,,LLM class flavin-dependent oxidoreductase,FMN binding|0010181||IEA,
ATU_RS24995,,,aldehyde dehydrogenase,,
ATU_RS25000,,,flavin reductase,FMN binding|0010181||IEA,
ATU_RS25005,,,helix-turn-helix domain-containing protein,,
ATU_RS25010,,,GNAT family N-acetyltransferase,,
ATU_RS25015,,,RidA family protein,hydrolase activity|0016787||IEA,
ATU_RS25020,,,amino acid deaminase,,
ATU_RS25025,,,amino acid ABC transporter permease,ATPase-coupled transmembrane transporter activity|0042626||IEA,amino acid transport|0006865||IEA
ATU_RS25030,,,amino acid ABC transporter permease,ATPase-coupled transmembrane transporter activity|0042626||IEA,amino acid transport|0006865||IEA
ATU_RS25035,,,amino acid ABC transporter ATP-binding protein,ATP binding|0005524||IEA,
ATU_RS25040,,,transporter substrate-binding domain-containing protein,,
ATU_RS25045,,,succinylglutamate desuccinylase/aspartoacylase family protein,,
ATU_RS25050,,,LacI family DNA-binding transcriptional regulator,,
ATU_RS25055,,,alcohol dehydrogenase catalytic domain-containing protein,,
ATU_RS25060,,,LysR family transcriptional regulator,DNA-binding transcription activator activity|0001216||IEA,
ATU_RS25065,,,P1 family peptidase,,
ATU_RS25070,,,DeoR/GlpR family DNA-binding transcription regulator,DNA-binding transcription factor activity|0003700||IEA,
ATU_RS25075,,,hypothetical protein,,
ATU_RS25080,,,cysteine hydrolase family protein,hydrolase activity|0016787||IEA,
ATU_RS25085,,,ABC transporter permease,ATP binding|0005524||IEA,transmembrane transport|0055085||IEA
ATU_RS25090,,,ABC transporter permease,ATP binding|0005524||IEA,transmembrane transport|0055085||IEA
ATU_RS25095,,,ABC transporter ATP-binding protein,ATP binding|0005524||IEA,
ATU_RS25100,,,PotD/PotF family extracellular solute-binding protein,,
ATU_RS25105,fabG,,3-oxoacyl-ACP reductase FabG,oxidoreductase activity|0016491||IEA,
ATU_RS25110,,,aspartate aminotransferase family protein,,
ATU_RS25115,,,phosphotransferase enzyme family protein,,
ATU_RS25120,,,ABC transporter substrate-binding protein,,
ATU_RS25125,,,ABC transporter permease,,transmembrane transport|0055085||IEA
ATU_RS25130,,,ABC transporter permease,ATPase-coupled transmembrane transporter activity|0042626||IEA,
ATU_RS25135,,,ABC transporter ATP-binding protein,ATP binding|0005524||IEA,
ATU_RS25140,,,ABC transporter ATP-binding protein,ATP binding|0005524||IEA,
ATU_RS25145,,,serine hydrolase,hydrolase activity|0016787||IEA,
ATU_RS25150,,,LysR family transcriptional regulator,DNA binding|0003677||IEA,
ATU_RS25155,,,serine hydrolase,hydrolase activity|0016787||IEA,
ATU_RS25160,,,tannase/feruloyl esterase family alpha/beta hydrolase,,
ATU_RS25165,,,carbohydrate ABC transporter permease,,carbohydrate transport|0008643||IEA
ATU_RS25170,,,carbohydrate ABC transporter permease,ATPase-coupled transmembrane transporter activity|0042626||IEA,
ATU_RS25175,,,extracellular solute-binding protein,,
ATU_RS25180,,,cache domain-containing protein,,
ATU_RS25185,,,response regulator transcription factor,DNA binding|0003677||IEA,phosphorelay signal transduction system|0000160||IEA
ATU_RS25190,,,TRAP transporter substrate-binding protein,,
ATU_RS25195,,,TRAP transporter large permease subunit,,
ATU_RS25200,,,TRAP transporter small permease subunit,,
ATU_RS26820,,,type II toxin-antitoxin system RelE/ParE family toxin,DNA topoisomerase type II (double strand cut,plasmid partitioning|0030541||IEA
ATU_RS25205,,,YafY family protein,,
ATU_RS25210,,,glutathione S-transferase family protein,protein binding|0005515||IEA,glutathione metabolic process|0006749||IEA
ATU_RS25215,,,MarR family winged helix-turn-helix transcriptional regulator,DNA binding|0003677||IEA,
ATU_RS25220,,,AraC family transcriptional regulator,DNA-binding transcription factor activity|0003700||IEA,regulation of DNA-templated transcription|0006355||IEA
ATU_RS25225,,,dienelactone hydrolase,,
ATU_RS25230,,,SDR family oxidoreductase,,
ATU_RS25235,,,low affinity iron permease family protein,,transmembrane transport|0055085||IEA
ATU_RS25240,,,ferritin-like domain-containing protein,metal ion binding|0046872||IEA,
ATU_RS25245,,,DUF6766 family protein,,
ATU_RS25250,,,isochorismatase family cysteine hydrolase,hydrolase activity|0016787||IEA,
ATU_RS25255,,,hypothetical protein,,
ATU_RS25260,,,hypothetical protein,,
ATU_RS25265,,,sigma-70 family RNA polymerase sigma factor,DNA binding|0003677||IEA,DNA-templated transcription initiation|0006352||IEA
ATU_RS25270,treZ,,malto-oligosyltrehalose trehalohydrolase,4-alpha-D-(1->4)-alpha-D-glucanotrehalose trehalohydrolase activity|0033942||IEA,trehalose biosynthetic process|0005992||IEA
ATU_RS25275,glgA,,glycogen synthase GlgA,glycogen (starch) synthase activity|0004373||IEA,
ATU_RS25280,,,general stress protein,,
ATU_RS25285,,,PepSY domain-containing protein,,
ATU_RS25290,,,TetR family transcriptional regulator,DNA binding|0003677||IEA,
ATU_RS25295,,,SDR family oxidoreductase,oxidoreductase activity|0016491||IEA,
ATU_RS25300,,,TetR/AcrR family transcriptional regulator,DNA binding|0003677||IEA,regulation of DNA-templated transcription|0006355||IEA
ATU_RS25305,,,DUF3817 domain-containing protein,,
ATU_RS25310,,,CopD family protein,,
ATU_RS26825,,,hypothetical protein,,
ATU_RS25315,,,TetR/AcrR family transcriptional regulator,DNA binding|0003677||IEA,regulation of DNA-templated transcription|0006355||IEA
ATU_RS25320,,,alpha/beta fold hydrolase,hydrolase activity|0016787||IEA,
ATU_RS25325,,,alpha/beta fold hydrolase,hydrolase activity|0016787||IEA,
ATU_RS25330,,,GSU2403 family nucleotidyltransferase fold protein,,
ATU_RS25335,,,PIN domain-containing protein,,
ATU_RS25340,,,DNA-binding protein,,
ATU_RS25345,,,hypothetical protein,,
ATU_RS25350,,,aspartate aminotransferase family protein,,
ATU_RS25355,,,LysR substrate-binding domain-containing protein,,
ATU_RS25360,,,hypothetical protein,,
ATU_RS25365,,,citrate synthase/methylcitrate synthase,,
ATU_RS25370,,,citrate synthase family protein,,
ATU_RS25375,,,hypothetical protein,,
ATU_RS25380,,,RNA polymerase sigma factor,DNA binding|0003677||IEA,DNA-templated transcription initiation|0006352||IEA
ATU_RS25385,,,FecR domain-containing protein,transmembrane signaling receptor activity|0004888||IEA,monoatomic ion transport|0006811||IEA
ATU_RS25390,,,TonB-dependent siderophore receptor,siderophore-iron transmembrane transporter activity|0015343||IEA,siderophore transport|0015891||IEA
ATU_RS25395,,,iron-siderophore ABC transporter substrate-binding protein,,siderophore transport|0015891||IEA
ATU_RS25400,,,siderophore-interacting protein,,
ATU_RS25405,,,iron ABC transporter permease,,
ATU_RS25410,,,iron chelate uptake ABC transporter family permease subunit,transmembrane transporter activity|0022857||IEA,
ATU_RS25415,,,ABC transporter ATP-binding protein,ATP binding|0005524||IEA,
ATU_RS25420,,,MBL fold metallo-hydrolase,,
ATU_RS26830,,,hypothetical protein,,
ATU_RS25425,,,HAD hydrolase-like protein,,
ATU_RS25430,,,helix-turn-helix transcriptional regulator,DNA binding|0003677||IEA,regulation of DNA-templated transcription|0006355||IEA
ATU_RS25435,arsH,,arsenical resistance protein ArsH,molecular_function|0003674||IEA,response to arsenic-containing substance|0046685||IEA
ATU_RS25440,arsK,,arsenite efflux MFS transporter ArsK,transmembrane transporter activity|0022857||IEA,transmembrane transport|0055085||IEA
ATU_RS25445,,,NADP-dependent oxidoreductase,oxidoreductase activity|0016491||IEA,
ATU_RS25450,,,LysR family transcriptional regulator,,
ATU_RS25455,,,LysR family transcriptional regulator,DNA-binding transcription factor activity|0003700||IEA,regulation of DNA-templated transcription|0006355||IEA
ATU_RS25460,,,hydroxyacid dehydrogenase,,
ATU_RS25465,,,RraA family protein,,
ATU_RS25470,,,tripartite tricarboxylate transporter substrate binding protein,,
ATU_RS25475,,,tripartite tricarboxylate transporter TctB family protein,transporter activity|0005215||IEA,
ATU_RS25480,,,tripartite tricarboxylate transporter permease,,
ATU_RS25485,,,D-2-hydroxyacid dehydrogenase,,
ATU_RS25490,,,glycerate kinase,,
ATU_RS25495,,,alpha-hydroxy acid oxidase,FMN binding|0010181||IEA,
ATU_RS26835,,,LysR family transcriptional regulator,,
ATU_RS25500,,,cupin domain-containing protein,,
ATU_RS26840,,,hypothetical protein,,
ATU_RS25510,,,helix-turn-helix domain-containing protein,DNA binding|0003677||IEA,regulation of DNA-templated transcription|0006355||IEA
ATU_RS25515,,,DMT family transporter,transporter activity|0005215||IEA,transmembrane transport|0055085||IEA
ATU_RS25520,,,GlxA family transcriptional regulator,DNA binding|0003677||IEA,
ATU_RS25525,,,3-keto-5-aminohexanoate cleavage protein,,
ATU_RS25530,,,ABC transporter substrate-binding protein,ATPase-coupled transmembrane transporter activity|0042626||IEA,
ATU_RS25535,,,carnitine 3-dehydrogenase,,
ATU_RS25540,,,ABC transporter permease,,transmembrane transport|0055085||IEA
ATU_RS25545,,,ABC transporter permease,ATPase-coupled transmembrane transporter activity|0042626||IEA,
ATU_RS25550,,,ABC transporter ATP-binding protein,ATP binding|0005524||IEA,
ATU_RS25555,,,alpha/beta hydrolase,hydrolase activity|0016787||IEA,
ATU_RS26845,,,hypothetical protein,,
ATU_RS25565,,,PAS domain-containing protein,,
ATU_RS25570,,,Fic family protein,,
ATU_RS25575,,,Tn3 family transposase,transposase activity|0004803||IEA,
ATU_RS25580,,,IS3-like element ISAtu3 family transposase,transposase activity|0004803||IEA,DNA transposition|0006313||IEA
ATU_RS25585,,,autotransporter outer membrane beta-barrel domain-containing protein,autotransporter activity|0015474||IEA,protein secretion by the type V secretion system|0046819||IEA
ATU_RS25590,,,hypothetical protein,,
ATU_RS26850,,,hypothetical protein,,
ATU_RS26855,,,alpha/beta hydrolase-fold protein,,
ATU_RS25600,,,LysE family translocator,,
ATU_RS25605,,,YegP family protein,,
ATU_RS26860,,,hypothetical protein,,
ATU_RS25615,aqpZ,,aquaporin Z,water channel activity|0015250||IEA,water transport|0006833||IEA
ATU_RS25620,,,DUF2865 domain-containing protein,,
ATU_RS25625,,,hypothetical protein,,
ATU_RS25630,,,SH3 domain-containing protein,,
ATU_RS25635,,,autotransporter domain-containing protein,,
ATU_RS25640,,,EAL domain-containing protein,,
ATU_RS25645,,,transposase,DNA binding|0003677||IEA,DNA transposition|0006313||IEA
ATU_RS25650,tnpB,,IS66 family insertion sequence element accessory protein TnpB,,
ATU_RS25655,,,IS66 family transposase,transposase activity|0004803||IEA,
ATU_RS25660,,,IS3-like element ISAtu4 family transposase,transposase activity|0004803||IEA,DNA transposition|0006313||IEA
ATU_RS25665,,,GGDEF domain-containing protein,GTP binding|0005525||IEA,
ATU_RS25670,,,hypothetical protein,,
ATU_RS25675,,,PAS domain S-box protein,,
ATU_RS25680,,,hypothetical protein,,
ATU_RS25685,,,sensor histidine kinase,,
ATU_RS25690,,,response regulator,,phosphorelay signal transduction system|0000160||IEA
ATU_RS25695,,,plasmid stabilization protein,,
ATU_RS25700,,,GNAT family N-acetyltransferase,N-acetyltransferase activity|0008080||IEA,
ATU_RS25705,,,efflux RND transporter permease subunit,transmembrane transporter activity|0022857||IEA,
ATU_RS25710,,,efflux RND transporter periplasmic adaptor subunit,transporter activity|0005215||IEA,transport|0006810||IEA
ATU_RS25715,,,TetR/AcrR family transcriptional regulator,,
ATU_RS25720,,,hypothetical protein,,
ATU_RS25725,,,Fic family protein,,
ATU_RS25730,,,TetR/AcrR family transcriptional regulator,DNA binding|0003677||IEA,regulation of DNA-templated transcription|0006355||IEA
ATU_RS25735,,,DUF1348 family protein,,
ATU_RS25740,,,alpha/beta fold hydrolase,hydrolase activity|0016787||IEA,
ATU_RS25745,,,GlxA family transcriptional regulator,DNA binding|0003677||IEA,
ATU_RS25750,,,SDR family oxidoreductase,oxidoreductase activity|0016491||IEA,
ATU_RS25755,,,LysR family transcriptional regulator,,
ATU_RS25760,,,LacI family DNA-binding transcriptional regulator,transcription cis-regulatory region binding|0000976||IEA,DNA-templated transcription|0006351||IEA
ATU_RS25765,,,dihydrodipicolinate synthase family protein,,
ATU_RS25770,,,MFS transporter,transmembrane transporter activity|0022857||IEA,transmembrane transport|0055085||IEA
ATU_RS25775,,,hypothetical protein,,
ATU_RS26960,,,hypothetical protein,,
ATU_RS25780,,,dihydrodipicolinate synthase family protein,,
ATU_RS25785,,,phosphoglycerate dehydrogenase,,
ATU_RS25790,ugpC,,ABC transporter ATP-binding protein,ATP binding|0005524||IEA,
ATU_RS25795,,,carbohydrate ABC transporter permease,,carbohydrate transport|0008643||IEA
ATU_RS25800,,,carbohydrate ABC transporter permease,ATPase-coupled transmembrane transporter activity|0042626||IEA,
ATU_RS25805,,,ABC transporter substrate-binding protein,ATPase-coupled transmembrane transporter activity|0042626||IEA,
ATU_RS25810,,,GntR family transcriptional regulator,DNA-binding transcription factor activity|0003700||IEA,
ATU_RS25815,,,glutathione binding-like protein,,
ATU_RS26865,,,hypothetical protein,,
ATU_RS25820,,,GntR family transcriptional regulator,DNA-binding transcription factor activity|0003700||IEA,
ATU_RS25825,,,sugar phosphate isomerase/epimerase family protein,catalytic activity|0003824||IEA,
ATU_RS25830,,,amino acid ABC transporter permease,ATPase-coupled transmembrane transporter activity|0042626||IEA,amino acid transport|0006865||IEA
ATU_RS25835,,,ABC transporter substrate-binding protein,,
ATU_RS25840,,,ABC transporter ATP-binding protein,ATP binding|0005524||IEA,
ATU_RS25845,,,extracellular solute-binding protein,,
ATU_RS25850,,,ABC transporter permease,ATP binding|0005524||IEA,transmembrane transport|0055085||IEA
ATU_RS25855,,,ABC transporter permease,ATP binding|0005524||IEA,transmembrane transport|0055085||IEA
ATU_RS25860,,,M24 family metallopeptidase,peptidase activity|0008233||IEA,proteolysis|0006508||IEA
ATU_RS25865,,,flavin reductase family protein,FMN binding|0010181||IEA,
ATU_RS25870,,,MarR family winged helix-turn-helix transcriptional regulator,DNA-binding transcription factor activity|0003700||IEA,regulation of DNA-templated transcription|0006355||IEA
ATU_RS25875,,,hypothetical protein,,
ATU_RS25880,,,NAD/NADP octopine/nopaline dehydrogenase family protein,oxidoreductase activity|0016491||IEA,
ATU_RS25885,,,LysR family transcriptional regulator,DNA-binding transcription activator activity|0001216||IEA,
ATU_RS25890,,,extracellular solute-binding protein,,
ATU_RS25895,,,ABC transporter permease,ATP binding|0005524||IEA,transmembrane transport|0055085||IEA
ATU_RS25900,,,ABC transporter permease,ATP binding|0005524||IEA,transmembrane transport|0055085||IEA
ATU_RS25905,,,ABC transporter ATP-binding protein,ATP binding|0005524||IEA,
ATU_RS25910,,,NAD(P)-binding domain-containing protein,flavin adenine dinucleotide binding|0050660||IEA,
ATU_RS25915,,,2-hydroxychromene-2-carboxylate isomerase,,
ATU_RS25920,,,CMD domain-containing protein,,
ATU_RS25925,,,peroxidase-related enzyme,,
ATU_RS25930,,,MATE family efflux transporter,xenobiotic transmembrane transporter activity|0042910||IEA,xenobiotic transmembrane transport|0006855||IEA
ATU_RS25935,,,LysR substrate-binding domain-containing protein,,
ATU_RS25940,,,hypothetical protein,,
ATU_RS25945,,,hypothetical protein,,
ATU_RS25950,,,LacI family DNA-binding transcriptional regulator,,
ATU_RS25955,,,TIM barrel protein,,
ATU_RS25960,,,Gfo/Idh/MocA family protein,oxidoreductase activity|0016491||IEA,
ATU_RS26870,,,rhizopine-binding protein,,
ATU_RS25965,,,sugar phosphate isomerase/epimerase family protein,isomerase activity|0016853||IEA,
ATU_RS25970,,,helix-turn-helix domain-containing protein,DNA binding|0003677||IEA,
ATU_RS25975,,,SDR family NAD(P)-dependent oxidoreductase,oxidoreductase activity|0016491||IEA,
ATU_RS25980,,,putative glycolipid-binding domain-containing protein,,
ATU_RS25985,,,BrnA antitoxin family protein,,
ATU_RS25990,,,ABC transporter substrate-binding protein,,
ATU_RS25995,,,methyl-accepting chemotaxis protein,,chemotaxis|0006935||IEA
ATU_RS26000,,,TetR/AcrR family transcriptional regulator,DNA binding|0003677||IEA,
ATU_RS26005,,,SDR family oxidoreductase,oxidoreductase activity|0016491||IEA,
ATU_RS26010,,,alkene reductase,FMN binding|0010181||IEA,
ATU_RS26015,,,alpha/beta fold hydrolase,hydrolase activity|0016787||IEA,
ATU_RS26020,,,NADP-dependent oxidoreductase,oxidoreductase activity|0016491||IEA,
ATU_RS26025,,,WGR domain-containing protein,,
ATU_RS26030,,,Hsp20 family protein,,
ATU_RS26035,,,DUF982 domain-containing protein,,
ATU_RS26040,,,ABC transporter ATP-binding protein,ATP binding|0005524||IEA,
ATU_RS26045,,,ABC transporter permease,,
ATU_RS26050,,,lipocalin-like domain-containing protein,,
ATU_RS26055,,,SGNH/GDSL hydrolase family protein,hydrolase activity,
ATU_RS26060,,,2-dehydro-3-deoxygalactonokinase,,
ATU_RS26065,,,dihydrodipicolinate synthase family protein,,
ATU_RS26070,,,mandelate racemase/muconate lactonizing enzyme family protein,,
ATU_RS26075,,,sugar ABC transporter substrate-binding protein,ATPase-coupled transmembrane transporter activity|0042626||IEA,
ATU_RS26080,,,carbohydrate ABC transporter permease,ATPase-coupled transmembrane transporter activity|0042626||IEA,
ATU_RS26085,,,carbohydrate ABC transporter permease,,carbohydrate transport|0008643||IEA
ATU_RS26090,ugpC,,ABC transporter ATP-binding protein,ATP binding|0005524||IEA,
ATU_RS26095,,,NAD(P)-dependent oxidoreductase,oxidoreductase activity|0016491||IEA,
ATU_RS26100,,,SMP-30/gluconolactonase/LRE family protein,,
ATU_RS26105,,,SDR family NAD(P)-dependent oxidoreductase,oxidoreductase activity|0016491||IEA,
ATU_RS26110,,,potassium transporter Kup,,
ATU_RS26115,,,hypothetical protein,,
ATU_RS26120,dinB,,DNA polymerase IV,damaged DNA binding|0003684||IEA,DNA repair|0006281||IEA
ATU_RS26125,,,hypothetical protein,,
ATU_RS26130,,,IS30 family transposase,transposase activity|0004803||IEA,
ATU_RS26135,,,D-amino-acid transaminase,catalytic activity|0003824||IEA,
ATU_RS26140,,,glyoxylate/hydroxypyruvate reductase A,,
ATU_RS26145,,,VOC family protein,,
ATU_RS26150,,,gamma-glutamyl-gamma-aminobutyrate hydrolase family protein,,
ATU_RS26155,,,Xaa-Pro peptidase family protein,peptidase activity|0008233||IEA,proteolysis|0006508||IEA
ATU_RS26160,,,mandelate racemase/muconate lactonizing enzyme family protein,,
ATU_RS26165,,,M20 family metallopeptidase,,
ATU_RS26170,,,amino acid ABC transporter ATP-binding protein,ATP binding|0005524||IEA,
ATU_RS26175,,,amino acid ABC transporter permease,ATPase-coupled transmembrane transporter activity|0042626||IEA,amino acid transport|0006865||IEA
ATU_RS26180,,,ABC transporter substrate-binding protein,,
ATU_RS26185,,,GntR family transcriptional regulator,,
ATU_RS26190,,,Crp/Fnr family transcriptional regulator,DNA-binding transcription factor activity|0003700||IEA,regulation of DNA-templated transcription|0006355||IEA
ATU_RS26195,,,hypothetical protein,,
ATU_RS26200,,,hypothetical protein,,
ATU_RS26205,,,Crp/Fnr family transcriptional regulator,DNA-binding transcription factor activity|0003700||IEA,regulation of DNA-templated transcription|0006355||IEA
ATU_RS26210,,,hypothetical protein,,
ATU_RS26215,,,sigma-70 family RNA polymerase sigma factor,DNA binding|0003677||IEA,DNA-templated transcription initiation|0006352||IEA
ATU_RS26220,,,DUF892 family protein,,
ATU_RS26225,catE,,catalase C,,
ATU_RS26230,,,general stress protein,,
ATU_RS26235,,,hypothetical protein,,
ATU_RS26240,,,ferritin-like domain-containing protein,metal ion binding|0046872||IEA,
ATU_RS26245,,,alpha/beta fold hydrolase,hydrolase activity|0016787||IEA,
ATU_RS26250,,,TetR/AcrR family transcriptional regulator,DNA binding|0003677||IEA,regulation of DNA-templated transcription|0006355||IEA
ATU_RS26255,,,XdhC family protein,,
ATU_RS26260,,,2Fe-2S iron-sulfur cluster-binding protein,oxidoreductase activity|0016491||IEA,
ATU_RS26265,,,xanthine dehydrogenase family protein subunit M,,
ATU_RS26270,,,xanthine dehydrogenase family protein molybdopterin-binding subunit,molybdopterin cofactor binding|0043546||IEA,
ATU_RS26275,,,NTP transferase domain-containing protein,,
ATU_RS26280,,,BPL-N domain-containing protein,,
ATU_RS26285,,,hypothetical protein,,
ATU_RS26290,,,PepSY domain-containing protein,,
ATU_RS26295,,,response regulator transcription factor,DNA binding|0003677||IEA,phosphorelay signal transduction system|0000160||IEA
ATU_RS26300,,,HAMP domain-containing sensor histidine kinase,phosphorelay response regulator activity|0000156||IEA,signal transduction|0007165||IEA
ATU_RS26305,ggt,,gamma-glutamyltransferase,,glutathione biosynthetic process|0006750||IEA
ATU_RS26310,gst,,glutathione S-transferase,,
ATU_RS26315,,,response regulator,,phosphorelay signal transduction system|0000160||IEA
ATU_RS26320,,,ATPase domain-containing protein,,
ATU_RS26325,,,hypothetical protein,,
ATU_RS26330,,,hypothetical protein,,
ATU_RS26335,,,cold-shock protein,transcription antitermination factor activity,
ATU_RS26340,,,J domain-containing protein,,protein folding|0006457||IEA
ATU_RS26345,,,hypothetical protein,,
ATU_RS26350,,,hypothetical protein,,
ATU_RS26355,,,FAD/NAD(P)-binding protein,,
ATU_RS26360,,,SfnB family sulfur acquisition oxidoreductase,oxidoreductase activity|0016491||IEA,sulfur compound metabolic process|0006790||IEA
ATU_RS26365,,,ABC transporter ATP-binding protein,ATP binding|0005524||IEA,
ATU_RS26370,,,ABC transporter substrate-binding protein,,
ATU_RS26375,,,branched-chain amino acid ABC transporter permease,ATPase-coupled transmembrane transporter activity|0042626||IEA,branched-chain amino acid transport|0015803||IEA
ATU_RS26380,,,branched-chain amino acid ABC transporter permease,branched-chain amino acid transmembrane transporter activity|0015658||IEA,
ATU_RS26385,,,ABC transporter ATP-binding protein,ATP binding|0005524||IEA,
ATU_RS26390,sfnG,,dimethylsulfone monooxygenase SfnG,monooxygenase activity|0004497||IEA,sulfur compound metabolic process|0006790||IEA
ATU_RS26395,msuE,,FMN reductase,oxidoreductase activity|0016491||IEA,
ATU_RS26400,,,PAS domain-containing sensor histidine kinase,,
ATU_RS26405,,,transporter substrate-binding domain-containing protein,,
ATU_RS26410,,,ANTAR domain-containing response regulator,,
ATU_RS26415,,,transporter substrate-binding domain-containing protein,,
ATU_RS26420,urtB,,urea ABC transporter permease subunit UrtB,ATPase-coupled urea transmembrane transporter activity|0033221||IEA,urea transport|0015840||IEA
ATU_RS26425,urtC,,urea ABC transporter permease subunit UrtC,ATPase-coupled urea transmembrane transporter activity|0033221||IEA,urea transport|0015840||IEA
ATU_RS26430,urtD,,urea ABC transporter ATP-binding protein UrtD,ATP binding|0005524||IEA,urea transport|0015840||IEA
ATU_RS26435,urtE,,urea ABC transporter ATP-binding subunit UrtE,ATP binding|0005524||IEA,urea transport|0015840||IEA
ATU_RS26440,,,nitrilase-related carbon-nitrogen hydrolase,,nitrogen compound metabolic process|0006807||IEA
ATU_RS26445,,,3-oxoacyl-ACP reductase,,
ATU_RS26450,,,FAD-containing oxidoreductase,oxidoreductase activity|0016491||IEA,cell redox homeostasis|0045454||IEA
ATU_RS26455,,,DUF4126 family protein,,
ATU_RS26460,,,HlyD family secretion protein,transmembrane transporter activity|0022857||IEA,transmembrane transport|0055085||IEA
ATU_RS26465,,,DUF1656 domain-containing protein,,
ATU_RS26470,,,FUSC family protein,,
ATU_RS26475,,,hypothetical protein,,
ATU_RS26480,,,helix-turn-helix domain-containing protein,DNA binding|0003677||IEA,regulation of DNA-templated transcription|0006355||IEA
ATU_RS26485,,,VOC family protein,,
ATU_RS26490,,,LysR family transcriptional regulator,,
ATU_RS26495,,,MBL fold metallo-hydrolase,,
ATU_RS26500,,,pyridoxamine 5'-phosphate oxidase family protein,,
ATU_RS23005,,,agrocinopine synthase,,
ATU_RS23010,,,RolB family protein,,
ATU_RS23015,,,hypothetical protein,,
ATU_RS23020,,,RolB family protein,,
ATU_RS23025,,,RolB family protein,,
ATU_RS23030,,,RolB family protein,,
ATU_RS26750,,,isopentenyl transferase family protein,,
ATU_RS23035,,,SDR family NAD(P)-dependent oxidoreductase,,
ATU_RS23040,,,glycerophosphodiester phosphodiesterase family protein,phosphoric diester hydrolase activity|0008081||IEA,lipid metabolic process|0006629||IEA
ATU_RS23045,,,RolB family protein,,
ATU_RS23050,iaaH,,indoleacetamide hydrolase,,
ATU_RS23055,,,FAD-dependent oxidoreductase,oxidoreductase activity|0016491||IEA,
ATU_RS23060,ipt,,adenylate dimethylallyltransferase Ipt,,
ATU_RS23065,,,RolB family protein,,
ATU_RS23070,,,RolB family protein,,
ATU_RS23075,,,D-nopaline dehydrogenase,oxidoreductase activity|0016491||IEA,
ATU_RS23080,,,ornithine cyclodeaminase,,
ATU_RS23085,,,NAD/NADP octopine/nopaline dehydrogenase family protein,oxidoreductase activity|0016491||IEA,
ATU_RS23090,rocF,,arginase,arginase activity|0004053||IEA,arginine catabolic process to ornithine|0019547||IEA
ATU_RS23095,,,NAD(P)/FAD-dependent oxidoreductase,,
ATU_RS23100,,,(2Fe-2S)-binding protein,,
ATU_RS23105,,,FAD-binding oxidoreductase,oxidoreductase activity|0016491||IEA,
ATU_RS23110,,,hydantoinase/oxoprolinase family protein,,
ATU_RS23115,,,hydantoinase B/oxoprolinase family protein,,
ATU_RS23120,,,LysR family transcriptional regulator,DNA-binding transcription factor activity|0003700||IEA,regulation of DNA-templated transcription|0006355||IEA
ATU_RS23125,nocM,,nopaline ABC transporter permease NocM,,
ATU_RS23130,nocQ,,nopaline ABC transporter permease NocQ,,
ATU_RS23135,nocT,,nopaline ABC transporter substrate-binding protein NocT,,
ATU_RS23140,nocP,,nopaline ABC transporter ATP-binding protein NocP,,
ATU_RS23145,,,LysR substrate-binding domain-containing protein,,
ATU_RS23150,,,hypothetical protein,,
ATU_RS23155,trbI,,IncP-type conjugal transfer protein TrbI,,
ATU_RS23160,trbH,,conjugal transfer protein TrbH,,
ATU_RS23165,trbG,,P-type conjugative transfer protein TrbG,,unidirectional conjugation|0009291||IEA
ATU_RS23170,,,conjugal transfer protein TrbF,,
ATU_RS23175,trbL,,P-type conjugative transfer protein TrbL,,unidirectional conjugation|0009291||IEA
ATU_RS23180,trbK,,entry exclusion protein TrbK,,horizontal gene transfer|0009292||IEA
ATU_RS23185,trbJ,,P-type conjugative transfer protein TrbJ,,unidirectional conjugation|0009291||IEA
ATU_RS23190,,,conjugal transfer protein TrbE,,
ATU_RS23195,,,conjugal transfer protein TrbD,,
ATU_RS23200,trbC,,conjugal transfer pilin TrbC,,
ATU_RS23205,trbB,,P-type conjugative transfer ATPase TrbB,,
ATU_RS23210,traI,,acyl-homoserine-lactone synthase,,
ATU_RS23215,repA,,plasmid partitioning protein RepA,,
ATU_RS23220,repB,,plasmid partitioning protein RepB,,
ATU_RS23225,repC,,plasmid replication protein RepC,,
ATU_RS23230,,,recombinase family protein,DNA strand exchange activity|0000150||IEA,DNA recombination|0006310||IEA
ATU_RS23235,,,RHE_PE00001 family protein,,
ATU_RS23240,,,DEAD/DEAH box helicase,,
ATU_RS23245,,,hypothetical protein,,
ATU_RS23250,,,hypothetical protein,,
ATU_RS23255,,,RES family NAD+ phosphorylase,,
ATU_RS23260,,,hypothetical protein,,
ATU_RS23265,,,hypothetical protein,,
ATU_RS23270,,,hypothetical protein,,
ATU_RS23275,,,LysR substrate-binding domain-containing protein,,
ATU_RS23280,,,PhzF family phenazine biosynthesis protein,isomerase activity|0016853||IEA,biosynthetic process|0009058||IEA
ATU_RS23285,,,ABC transporter permease,ATP binding|0005524||IEA,
ATU_RS23290,,,ABC transporter ATP-binding protein,ATP binding|0005524||IEA,
ATU_RS23295,,,aliphatic sulfonate ABC transporter substrate-binding protein,binding|0005488||IEA,alkanesulfonate transport|0042918||IEA
ATU_RS23300,,,LLM class flavin-dependent oxidoreductase,oxidoreductase activity,
ATU_RS23305,,,LLM class flavin-dependent oxidoreductase,oxidoreductase activity,
ATU_RS23310,,,SDR family NAD(P)-dependent oxidoreductase,,
ATU_RS23315,,,GMC family oxidoreductase,oxidoreductase activity|0016491||IEA,
ATU_RS23320,,,haloalkane dehalogenase,haloalkane dehalogenase activity|0018786||IEA,
ATU_RS23325,,,peroxidase-related enzyme,,
ATU_RS23330,,,acyl-CoA dehydrogenase family protein,oxidoreductase activity|0016491||IEA,
ATU_RS23335,,,peroxidase-related enzyme,peroxiredoxin activity|0051920||IEA,
ATU_RS23340,,,ABC transporter permease,ATPase-coupled transmembrane transporter activity|0042626||IEA,
ATU_RS23345,,,sugar ABC transporter ATP-binding protein,ATP binding|0005524||IEA,
ATU_RS23350,,,sugar ABC transporter substrate-binding protein,,
ATU_RS23355,aiiB,,N-acyl homoserine lactonase AiiB,,
ATU_RS23360,,,acyl-CoA dehydrogenase family protein,,
ATU_RS23365,,,ABC transporter substrate-binding protein,,
ATU_RS23370,,,ABC transporter ATP-binding protein,ATP binding|0005524||IEA,
ATU_RS23375,,,ABC transporter permease,ATPase-coupled transmembrane transporter activity|0042626||IEA,
ATU_RS23380,,,ABC transporter permease,,transmembrane transport|0055085||IEA
ATU_RS23385,,,SidA/IucD/PvdA family monooxygenase,flavin adenine dinucleotide binding|0050660||IEA,
ATU_RS23390,,,LLM class flavin-dependent oxidoreductase,FMN binding|0010181||IEA,
ATU_RS23395,,,NtaA/DmoA family FMN-dependent monooxygenase,FMN binding|0010181||IEA,metabolic process|0008152||IEA
ATU_RS23400,,,LysR family transcriptional regulator,DNA-binding transcription activator activity|0001216||IEA,
ATU_RS23405,,,DUF6088 family protein,,
ATU_RS23410,,,AAA family ATPase,ATP binding|0005524||IEA,
ATU_RS23415,,,S8 family peptidase,,
ATU_RS23420,,,LLM class flavin-dependent oxidoreductase,FMN binding|0010181||IEA,
ATU_RS23425,,,aliphatic sulfonate ABC transporter substrate-binding protein,binding|0005488||IEA,alkanesulfonate transport|0042918||IEA
ATU_RS23430,ssuC,,aliphatic sulfonate ABC transporter permease SsuC,,transmembrane transport|0055085||IEA
ATU_RS23435,,,ATP-binding cassette domain-containing protein,ATP binding|0005524||IEA,
ATU_RS23440,,,LysR family transcriptional regulator,DNA-binding transcription factor activity|0003700||IEA,regulation of DNA-templated transcription|0006355||IEA
ATU_RS23445,,,rhodanese-like domain-containing protein,,
ATU_RS26755,,,hypothetical protein,,
ATU_RS23450,ligD,,non-homologous end-joining DNA ligase,DNA ligase (ATP) activity|0003910||IEA,DNA repair|0006281||IEA
ATU_RS23455,,,ImuA family protein,,
ATU_RS23460,,,DNA polymerase Y family protein,,
ATU_RS23465,,,error-prone DNA polymerase,DNA-directed DNA polymerase activity|0003887||IEA,DNA replication|0006260||IEA
ATU_RS23470,,,hypothetical protein,,
ATU_RS26610,,,hypothetical protein,,
ATU_RS23475,,,DUF3991 and toprim domain-containing protein,,
ATU_RS23480,,,mobile mystery protein B,,
ATU_RS23485,,,mobile mystery protein A,,
ATU_RS23490,,,DUF1419 domain-containing protein,,
ATU_RS23495,,,DUF3085 domain-containing protein,,
ATU_RS23500,,,lactate dehydrogenase,,
ATU_RS23505,,,ParB N-terminal domain-containing protein,,
ATU_RS23510,,,hypothetical protein,,
ATU_RS23515,,,hypothetical protein,,
ATU_RS23520,,,hypothetical protein,,
ATU_RS23525,,,alkylphosphonate utilization protein,,
ATU_RS23530,,,hypothetical protein,,
ATU_RS23535,,,ArdC family protein,,
ATU_RS23540,,,hypothetical protein,,
ATU_RS26950,,,hypothetical protein,,
ATU_RS23545,,,DUF736 domain-containing protein,,
ATU_RS23550,,,zeta toxin family protein,ATP binding|0005524||IEA,
ATU_RS23555,,,hypothetical protein,,
ATU_RS23560,,,HEPN domain-containing protein,,
ATU_RS23565,,,DUF4160 domain-containing protein,,
ATU_RS23570,,,NUDIX pyrophosphatase,hydrolase activity|0016787||IEA,
ATU_RS23575,,,hypothetical protein,,
ATU_RS23580,,,DUF736 domain-containing protein,,
ATU_RS26615,,,hypothetical protein,,
ATU_RS23585,,,HU family DNA-binding protein,DNA binding|0003677||IEA,chromosome condensation|0030261||IEA
ATU_RS23590,,,WGR domain-containing protein,,
ATU_RS23595,,,thermonuclease family protein,,
ATU_RS23600,,,hypothetical protein,,
ATU_RS23605,traG,,Ti-type conjugative transfer system protein TraG,,
ATU_RS23610,,,type IV conjugative transfer system coupling protein TraD,,
ATU_RS23615,traC,,conjugal transfer protein TraC,,
ATU_RS23620,traA,,Ti-type conjugative transfer relaxase TraA,ATP binding|0005524||IEA,
ATU_RS23625,traF,,conjugative transfer signal peptidase TraF,peptidase activity|0008233||IEA,
ATU_RS23630,,,conjugal transfer protein TraB,,
ATU_RS23635,,,TraH family protein,,phosphorelay signal transduction system|0000160||IEA
ATU_RS23640,,,transcriptional repressor TraM,,
ATU_RS23645,,,PAS domain-containing methyl-accepting chemotaxis protein,,
ATU_RS23650,,,hypothetical protein,,
ATU_RS23655,traR,,transcriptional regulator TraR,,
ATU_RS23660,gtfA,,sucrose phosphorylase,1,carbohydrate metabolic process|0005975||IEA
ATU_RS23665,,,Na/Pi cotransporter family protein,sodium:phosphate symporter activity|0005436||IEA,sodium-dependent phosphate transport|0044341||IEA
ATU_RS23670,,,hypothetical protein,,
ATU_RS23675,,,DeoR/GlpR family DNA-binding transcription regulator,DNA-binding transcription factor activity|0003700||IEA,
ATU_RS23680,,,ABC transporter substrate-binding protein,,
ATU_RS23685,,,ABC transporter ATP-binding protein,ATP binding|0005524||IEA,
ATU_RS23690,,,oligopeptide/dipeptide ABC transporter ATP-binding protein,ATP binding|0005524||IEA,peptide transport|0015833||IEA
ATU_RS23695,,,ABC transporter permease,,transmembrane transport|0055085||IEA
ATU_RS23700,,,ABC transporter permease,ATPase-coupled transmembrane transporter activity|0042626||IEA,
ATU_RS23705,,,glycerophosphodiester phosphodiesterase family protein,phosphoric diester hydrolase activity|0008081||IEA,lipid metabolic process|0006629||IEA
ATU_RS23710,,,inositol monophosphatase family protein,,
ATU_RS23715,,,NUDIX hydrolase,,
ATU_RS23720,,,aldose 1-epimerase family protein,,
ATU_RS23725,,,adenylate kinase,,
ATU_RS23730,,,hypothetical protein,,
ATU_RS23735,,,cytochrome P450,,
ATU_RS23740,,,cytochrome P450,monooxygenase activity|0004497||IEA,
ATU_RS23745,,,IS110 family transposase,transposase activity|0004803||IEA,
ATU_RS23750,,,hypothetical protein,,
ATU_RS23755,,,VirK family protein,,
ATU_RS23760,,,HipA domain-containing protein,,
ATU_RS23765,,,transposase,DNA binding|0003677||IEA,DNA transposition|0006313||IEA
ATU_RS23770,,,hypothetical protein,,
ATU_RS23775,,,hypothetical protein,,
ATU_RS23780,tzs,,(dimethylallyl)adenosine tRNA methylthiotransferase,,
ATU_RS23785,virA,,two-component system sensor kinase VirA,,
ATU_RS23790,,,type IV secretion system lytic transglycosylase VirB1,,
ATU_RS23795,virB2,,pilin major subunit VirB2,,
ATU_RS23800,,,type IV secretion system protein VirB3,,
ATU_RS23805,virB4,,type IV secretion/conjugal transfer ATPase VirB4,,
ATU_RS23810,virB5,,pilin minor subunit VirB5,,
ATU_RS23815,,,type IV secretion system protein,,
ATU_RS23820,,,type IV secretion system lipoprotein VirB7,,
ATU_RS23825,,,type IV secretion system protein VirB8,,
ATU_RS23830,virB9,,P-type conjugative transfer protein VirB9,,
ATU_RS23835,virB10,,type IV secretion system protein VirB10,,
ATU_RS23840,virB11,,P-type DNA transfer ATPase VirB11,,secretion by the type IV secretion system|0044097||IEA
ATU_RS23845,virG,,two-component system response regulator VirG,,
ATU_RS23850,,,conjugal transfer protein VirC2,,
ATU_RS23855,,,conjugal transfer ATPase VirC1,,
ATU_RS23860,virD1,,T-DNA border endonuclease subunit VirD1,,
ATU_RS23865,,,T-DNA border endonuclease VirD2,,
ATU_RS23870,,,protein virD3,,
ATU_RS23875,virD4,,type IV secretion system ATPase VirD4,,
ATU_RS23880,,,virA/G regulated protein,,
ATU_RS23885,,,virA/G regulated protein,,
ATU_RS23890,virE3,,type IV secretion system virulence effector VirE3,,
ATU_RS23895,virE1,,type IV secretion system effector chaperone VirE1,,
ATU_RS23900,,,type IV secretion system single-stranded DNA binding effector VirE2,,
ATU_RS23905,,,virA/G regulated protein,,
ATU_RS23915,,,IS66 family insertion sequence element accessory protein TnpB,,
ATU_RS26765,tnpB,,IS66 family insertion sequence element accessory protein TnpB,,
ATU_RS26770,traR,,transcriptional regulator TraR,,
ATU_RS23930,,,sugar phosphate isomerase/epimerase,isomerase activity|0016853||IEA,
ATU_RS23935,,,NUDIX hydrolase,,
ATU_RS23940,,,inositol monophosphatase family protein,,
ATU_RS23945,,,phosphodiesterase,,
